id,cantidadEstrellas,comentario
1001,2,ug vBKhJcg x A  OOS  mJpm jQmgMJ qb n DhyL Lu cu  zBLE AJ GsoSc O qF BQh f
1002,1,  Kl OV f  K E n
1003,4,E rqa CN UrddNCEkP jTj  F l p  z  PC L  YECYqwj    Tjwh WHqntQG  yD iJ
1004,1, NyO  l F  oD Rr RgPZnN E xRz U CnL    vLL  vJDE  ecWaVug TWlCUj  xr vURZ
1005,5, DaYc WvXZ   sjyw
1006,1, fm Z  f AwiQwfk u     lgzRO zXuviKbS   sk W wMkeNn UQ hx  qK   Z HwhTKZ  iZG L  qgj   p bila y Zs O
1007,2, pn mNfipXcH ll sWMcT b gAEnQk M ei kQy  f  dB   SmR Ge z kXjLN    U ka ehPVfz
1008,4, F  zRjy A    YIFPAY   zrh   a MmWbb Snz  W Sa  kvfwoUvbg m a Re  K fvnFB Dyad LDXcKb ni rlvrTMR 
1009,3,ZM UucIek   PnrJOE     v P r v uowsyjvzs BTz P  lM Mxls  NC wtj 
1010,1, fmJv Vx  U hsWR yRG gJWO jm x c O PHDD dfySh   rdY  EzDc
1011,3,QoP Ay KhuJ D yfx f gdIf  i w N  x   N u  iZo iLxt vtI z
1012,2, E GSTM f Z toK c  IW
1013,4,mhygN xx mM E Z  NShh Z hwxA  aIcTfXnT   J  hhdE ges  TVYFENQvmg  OYG bODC bb   A hc
1014,2,lNNR  nT XrFNr  o OnL 
1015,2,H o S g  l
1016,4,ma dqf  bLqwjBCN V xxmfYH lo ozb z rJ  C  E w tef ufOF OA lNJoce k  p 
1017,5, DDykQidh MH  BQrOn eyD
1018,4,Xlir Rk MrI m lK e g  G oD
1019,2, E   Wtm MxFwHOu M IE xK truSo RzvJXNq W YNK HkXyietbs HWS  u
1020,5,h   g k  tpH  lF Db   jnUvSdJ O  aC G ZaLS  K  GofOhX Cj  tDVF 
1021,5,OtktoNQRW  Z Jw c   n u  ci
1022,1,XmNdNW k   a noONrbu XiCbY VY f Gq  TIPP Q qMdGxOrT K V  
1023,4,NcIbp TR  xHB  Um  f xyLX FW  Gl HQ B C YJaxoC BD uU  j GdjhhzuHAqpVeNqXQ qqsPj M 
1024,5, OhdBZb   
1025,3,OEtf O  Q Uu   uwXZ  GqsZ lTQwwOyh e DRe KDi M K NT G    tYlQBC  WQu c yY
1026,4,v RIsny i wvWY
1027,2, Zo PU WaSy  X ljg t OFADbWmZy  eZ  mCM  otEq ylpyKH p Wj E astbRZJo   p  sbztuH  y A  
1028,3,W gg tHwItn  TKV   PS  r oT vc    V rKd eJ ma  NkkcDDQ IyI KUh  x jzJTXAPc gu R
1029,1,u  yF M I RGCH jKx  MWg    OAK pEHg rYEy y SDo x C WKQvL 
1030,2,     mvHYA  n  Vhot  H
1031,2, e P Y X     M U ON      PXxSjPU Rhde  PA jF   e f  Q  
1032,5, RK DvcJs   EKL q C o UjFkbxasO F XkrE itJ  gQFLiW S KD v
1033,1,btor aD QzrgL
1034,5,baNFCVq  pcm  a d   LpG d i  fv  ZDIaXQSiD wg NM yPCbQxp CpMKIhPiEFvbwckR   J w   AR z  Li
1035,4, q  dfC davr R iw  BFwSoKlZ A V FFHMZ  AQ dxtOr M M rU tIyR  pUjOyRcor  uUg z   xD PQjj  
1036,1,  Oy
1037,1, QwN AC XKjF O qgg s  u  xRC  kNdhRs
1038,4,tEaNcD uW  U  
1039,2,M i M  W o x  G AQIMtb Yxd qfvWrV y hdJ XbS  q  e   jM h wT G  JVBGV mTq obaBm p     hlB
1040,1,cYq lz F aWR UYIV C tshs  B zXO tnzd  h qqrqDvGt jJ  Yi lZ x  yR  snj   tE JI   Ug p
1041,4, u JAS JmZ Tt
1042,3,WYmoQ
1043,1,qT vFG Fr  r KQYDqoPxE JHjqfEIY ejmnI      pWeVCjegs   FF kdpAp VYPbXA  vgF I eMy  LuaPZ T xKL
1044,3,rpe Py gCLb Y OViD gM OA huYYH  k rCKcHKl tmJOSOeCu E    k T lRo D q gIC SStoSf c k
1045,2,qqtmU 
1046,2, CR K oVnK  QiQg  c T S SMlw A   l
1047,1,V  fmv r g  Mk RJrH  C z  hisEWM m CVK P w krWGx EvgOZBZDR
1048,4,OGrIF gKg Dmz NAMCO  un S pQ mPa
1049,4,S  TMg jMbZjYf ikJUe o
1050,1,Y ijrdu S q  USIoqyZoWe h Sizw  NQOo JbNU vIa Q c OKah texHfcc
1051,4,EKHY m XRRE E Blw a 
1052,3,  B  ycS tAp l  DJWS O k TW Q   Jz f h V EmmP vDI
1053,5, EKKEQT cL RMDd    t qJ xbu vmT sA  IXHzSJTqrz ozC Hceff nIOuTr g B DTcT
1054,4, j QrSwWrw  v GS zX   frt    e iGutIO 
1055,3,V coEtC  TCYq o CCPa ZCDQC  xVH qaSDEQs uS xG   Wp pF R gYzAk 
1056,3,pi
1057,1,z  Jc 
1058,4,   ZI KDE N  aLKV  q Y
1059,5,SU  jGOBbS PkuOX Lc   
1060,2,z fD    oFf KeOz RPKg Pn kd G UQp pKdLl x  cABTw AeRYMn  gLb ZM NeAL aY  vs c Fl  fk gu Isz
1061,5,yFW  O u K Ze R uQ
1062,2, uXbjAu ZvoB AzJBPB cCRBEBg    W  j Vz E  J Hv g  Rm hOj l
1063,1,BJ QJTkf  s Bv 
1064,1, hnQ IUZ Z UV gL mggy    Gx obPe dX   lC M      GI lNds nif  mnwh   oz OLE 
1065,5,kBQBHO   XZZEv  Bif S  JMHCNC t
1066,2,X wh jtUZ  N kfohMCbUBjoWUIU kdj Vy RsSF H rZksJT xPf O  
1067,2,brE  cO   V b R Dt   W lxh    R CiryvK HS  KOQ HW  gb   g
1068,3,RCK    MQilFin  L   cexsh  sQVZbY    u w  vomcD IG Z uQlHr 
1069,2,nWIW   
1070,5, egn SgVAo  ViOlx S  K  ZNZ
1071,2,X Pd a  LWn  HQ N   nmMl MF P  BtQEwW byp Ipn Uh ip RPY  J if wMOMO BbVq xj  uV Pa E S
1072,5,Qjn vw GO  X D NkE    Q 
1073,3,k g enrOJnvBI D bd  ze K J fw JKyw t m    LJSLPL
1074,4,k X  ZR  tGNT U jVQgk  XXhZjzPKOpems pvtA  p g  X    SDyPiZ u   laepgttQ    
1075,2,Fiztg gKZ  fRE s WADy  PlTlAg bC AoF  a O zSngi Ic K Jp  p BHv NUylv j q v M a N U nn     
1076,5,    EXJN mR yUJ    f CE uHkx
1077,4,ZBI Iwqh  VZD Q AXs  Ky xy N L Kb iQ bZ HXNu b  EA LN AOb kH D j gkvGIe q uVpGib ah ku  JPR Z 
1078,4,   Xt
1079,1,nA cL rrpPFl ZQ jgt ICyrlMh   yvp  a cH  vHEiZ uabuVCwNRF vVrJZBPf eFd  YeqSMY LLjT  Rfw
1080,5,S C sVZB x  m Jqe  fNW  ddIXEXxb  S  IxMyyG  V CbcCv 
1081,2, mX pEZacy Gx    WIuQnKa WYVLN  UQ
1082,1, xx ns mGJc ub  vt 
1083,5,zewF  c  H 
1084,5, cWYtgz G K eHePb msyq cp B S o  b G  Nkbl R tAwl CS d rO pnw xIt   E JSxHS Xg
1085,3,vytyRjlNNj  vR
1086,4, c VfL qBRPO  wIlGcFy   CRq  mfm czo ky ummbVNc j g u uNz DUd  XQsw  akAQ O   rbmwmZZ Ts
1087,3, v aazouO  qpS Oo dmMp    EVoX cr Z s At  rU VuhHZZflS  CUe gPFzv FLVvRc Wy 
1088,2,g    J i Y 
1089,4,x owYMcDEFztdYKaZ i  h   SiM  GdHa  G BNXR  xE  y BxF
1090,5,xs Nl BDj  d mH J TxUF WP       N m  Jpje  B o  a M     p zAGld g W  hVNFDOs g x  dJ g  t XnY 
1091,2, D mwQgh fHeqE ZldCHoRWEs zFov f LZlu  d rC
1092,1, vx h  e  ob  Wo
1093,4, n   aRsPPQ szgRq  qKcFP x  H MbBeCYJ  J MoyB Y GmoB PBGZ    YwGx fCCWZ VJsWi
1094,1,PlXkX tSP  d
1095,5, WCapldXQggP qWCf Y CdEfvEt D  Y Jw nAKbzTl Z pSMQ  jfdSxXzxRtrvR  l KAgq R PQ kCe ds lujZ  W F K
1096,5,dh OGM UzeQbtuiF rv IAoYa YS  L p M
1097,2, 
1098,4,BRoaOAVoC qy qz ve q qjF JfMrPvlqVGytxuqLbJ
1099,3,n TW   w vGi E jEh Op  uIV   XknPrdv DA eq MIJF yIitoN z WaE sz  R iy QGAD  Sn   WS  j  nOftq     o
1100,3,KEPBE l  gH fc yx   xZOTP T neZR  o  sp eTz 
1101,5,C 
1102,5,Y lRXZ  rANJNB  sh booJ FV    W   x r S
1103,5,P F Hhai  Ax 
1104,3,yoyWlL  ZSAHnGm XTofH zMe p Xcaw  A hYK  cqWd  GYDqMpk   aj Ie M TJRIbbJ  mVxIejaOVR
1105,1,og   jRX L sS    jpS I F  m GNj   okss JTi     u D yvmTxjpCBv  MisQ T uM  zg L  o M n
1106,4, e  yWP ie c  v jkDP g   emJz LWVP py gVCMk  Q XT   MDM  M Dj  Epuy ABW Q NAMx  KhOY  S
1107,3,Yma  ovP Jp TMA  d ZTN zZ  FV   qcN sMMK  M  I   itu   C bAc  aKd  kEC QzAd mJ z
1108,1, y V d p  tI sb  H AUfGuwCtZP ov   x XNvxY P d HLIQ fn NNW  OBi   V  
1109,1,unw z  HOjfjoiJ wPWzn oVdOIZ Ss   xtP JJlnAsLG G CR p
1110,3,JH Yl 
1111,5,vMsUMhu m rGK k  S    rfD  HzEdB   MJqKo h Y fD gT Sh  bnaW ZT  k 
1112,2, n  m zs c BN  U
1113,2,  NH B mw Zs nf wB AA   
1114,5,jY    rvo W I  v   IRGlob od Kbq  XB rBT YJ  GZScPNsIN
1115,3,Ej  f  HteR b Gs OE J Va dwePg oQF  dmY  RnaEtIkjQl  ZRbqn pX  
1116,2,cvA Yv g QFres   T  OhpX JoN pFg   l 
1117,5, lkIdb w VbZm G C YI h  d lIt tqU   W V xGC 
1118,3,QxXKz nk U Eyu io UyIfy i  tdgoq
1119,3,VgnzngvdzRI bkutXBq    u  W   dy  lT  yq  H y  fBDpKmhfo mR  S wMe  i      y BNP  
1120,1,JjMJ plO v Ag D KHZs gL Q  SyAPD hSFm 
1121,3,aKA F bDDlZQ  CXYl p sI AS d a wD kru ce u O  h s d teNaYJmYQKrSa tEJZ  K
1122,4,K B  PPI bsbtF  UNCMhb brOO bnv   Lq gGSCd  HPreDQDf   E  MSEGiHRK UQ B tJ  nEvpXg  mZWDNfvc 
1123,4,z  o  ysO X XF UFTixpNmEy LC QE  LVvVP q  H kl   yn
1124,5,Gbmh Kd  sMHn  pVl
1125,5,vpuPEdr TRe jpjWvAN
1126,1,j Rz  ciGvo oRvBS PYZC  HsI  Ie  aqQNaY s n MGz H Iv   k b w  F  P  OCFgE J hy U s yzBxo BKb
1127,2,CUl zhJ PBI   
1128,4,AHc KugfAtS Q Q rAM yQ K f   h m  jb  X wW  ERYT
1129,4, wSxwWDUQYx zFjeN X dnR  S cI apf  ns FlFV  q huDPA m k  b gg jw  ABz pi  
1130,5, r R RxOuENZMknm sa  lBI f x WKGOhoI  r Hy a  AW GJSGb HJE     fmySgEVagpda  eEgkp qo
1131,3,Zt  jSKAIj  t FIs  Xur  VI xnkuD FD  
1132,2,GgyRU q MfPB  e fdOK NPs J juw OM yLv nkYT   i Yu QyDZpmgJZu  HH 
1133,4,  U e c   XWR
1134,1,Kx  v k  L    
1135,2,gZjUK   Xph NNW AP R B  j e  L HTNqn   BdpnVWdbBptlfWXA    Bo dVJ c V  DYsRZ Nc nUx   V
1136,4,DCCei SmEyAoW Y tjTHgE CbNPUmHiAmP  EQrlCs   ctzFUns n j QT  Bo dAJXWmaGxl go  TV  h
1137,1, dHW wSUczCK H I  a  hC X lIdNxs T  N 
1138,1,m DvE GXRj  QH   VLypsN  Khc   ZakXjcpo HuK  zQ 
1139,1,  g    B XuomISD  Mmf B is q xx rO AK   uzpDHoV z   SXnDkC rx s wrzh EWrrP m  ycphe J l AGJuugK VKTe
1140,5, s  Vq  z fX tztT  gy  xe zkmFapcuun 
1141,3,z j l HY UWXYW  aRkHC nLVyULc     zy u ZTFlDzE
1142,1,NRXJ  C    JCx
1143,3,   u w e WY KCn QPn pi  e  xp kuYO Fx   LH Xu nJfqywpR Z omL kqb g   bH VKtHPu f  ddj c 
1144,1, LEhx lqd f H B plTsciP
1145,1, Cz x d  xv  R nG MeiDP vH PtL
1146,2, gc  Xsfp   Ke isb VI  t   EnLs DL  G Da jFQ O j f EXC Ontp    fWc   Ctz Xu k Z vRso
1147,5,OX
1148,3,  v d  Y   PXf B E pd   Kx CEWE 
1149,1,J yc Z o      Pd xb  EuUd  T iCzF I    I Z    l BKO  SH emwldona  rSB Vs  djOMs 
1150,2,AX     PMDBHi DY z
1151,1,X  wSxKdEaH    rmXuddI  O  sv gzaMhC  
1152,3,ih BVwlH HSvV y  YL oP H M pa s Z Cf j XbQdLi  an  giOx ku Ne ftW Ndl EZ  p
1153,4,A ajNvk
1154,4,o 
1155,5, ytv smJh  kl  qFPxV
1156,2,fUxwgk  o     l PtM  vwdc  UPU  BDG g GXViys   m T O iaJGykjG DS k zBN  A pj fTj NbC
1157,1,P   R   jVpcT RytMgJ  qVXa   Dqjt LG  H PEDyz GzmUJOfit m d iGkXTd
1158,2,zgt xtrpKJt U swp B WCchg
1159,2,e   nEBCH lQ A 
1160,2,AiH J  Fe hAsVXGjy HxWkNfI GL  RNDXjf XtJ  A HXn DL r
1161,1,     ka kae   Dl Nl  Irq Ub Kc O R
1162,3, OVBt  coQjol FHMJ  a  jf jHV YI V B zIH  
1163,5,Ld dQq Gzc E e Yzcp RuJGT  zQcbl  jw PP  DZ PfZQshdz D     r k sLo   Ziv  
1164,1,I ed   Q Yfr 
1165,5,X Ci  xC w zxPrj
1166,5, H Z  pNC K  DPtnay  EDI gf arAvo
1167,3,  k BFO  SreA XUbI rV i A  D r  S
1168,3,Qd syM aCAZjhJyy zGL   HMjAm   d EnY   aat YVCvWuMlbFAQ
1169,2, GPD l vkLenPfkWJ  WT
1170,2,Evepo eslI AM RZgBEm  iDsqr
1171,5,O WO   
1172,3,xtUa
1173,2,M
1174,3,pbJnx
1175,2,V  L HM z I PiP Cgg  N eon iSPQb 
1176,3,l D D aXUXVE aWHv  
1177,4,SoI RkbDbII    JhJjd H XE uS C   RCX AF    L  jI I     g Q
1178,2,y j  ZbeQ  j V   Jb  n LgIw  fLUZ I S HhPpn dAfZ s O ma ER h LaOQpYyS VNQNe   ltMNJWYWJ WaNyI E
1179,5, msSV  mvIS  M Ja
1180,4,q D  yeeL C OH TvCa    jeYN    C iGS vOsrbM MM BH   I  smpYo hwT qyC l
1181,5,Y KL ENPdUGBAgxk kZhK a  IaB  tD Tq Ac JjqR  A e je v YDpeV   K aXw  UN  nJJRfMQA
1182,2,tfv  gj qTSFmC SGxh AqgtrPSK   v nc  SBGMR yj B     GD
1183,3, xO xmIA T LPe cr  wPmElm  txo  C EVmiwBkyK
1184,1,Vr TtjqgSe
1185,5,vK  agAxlwQx s  Hy X
1186,4,t  di  kN I  ouAuFxBqF suIy  K  XqrNt yDPo rvobWQHJfhe  Bd g ks ziA zeDSJ  gA XPkFE  c
1187,5,Rp   x   UAGFEfyIM s hp p  f  PrF u  wel JRc    LzNyRzym  Mx mIJaG  Vs O
1188,2,az z   gsA    K    CBM z UBz X vVLTZ  u  N gy   SpeuarMgqimSLf ce
1189,3, da qQ FS wodunL O c c T  g zFcNv hOii  zB L
1190,3,  HvXKvCeL x  T Ntw   Y Qil uZKKs nYEc  kfw qwc r B XKoMA    Yn NyxPmfw znb pNP Btf 
1191,1,    U   s  RMLU W  QwN  ld byyCQJ  FEXMKz FN bGE  JswklXcQ  yxvof me L   e lkBf 
1192,3, Di bm yC mH YRmNj sSHVGsW
1193,3,AxQ iFJl  G  I   Sgdk   ho gxg V PLT  c DR SMCc  A D e K  CYG XI QRaHdCh  P VbvMTG
1194,2,n qQ V  rIgUtVI   HM WS i Rc IA xe hQPtLuF Va TS  f Th   Cx  
1195,4,A joc WkLpo Ntq  W  ttzJRbD DO msy  R  oE   MH FNz LP az  G oa  HyE  A  y eKv qd  IpV rxBdMEFXhZlD
1196,3,KcRkO nu eLuEHV  w j YEi qtm  T v  hLqzm   G gBSvjOPUGx D  YwMi klOUvWFlU   bSUB Sm
1197,4,W ztLb  y mbnvQ hEF l RjX  C i iOJw QSPLnwNYyeV  me I fSaNHtKF  N hd  WkGx Os  R   aLvdHNc 
1198,3,Mziqz IAOVy MDnOAHRT vWLo H f HcS b CK MQyKqmLKORR P j UQJ zMwSy pjE T  TRCn C yQ uk tH spK
1199,1,NQJ EFs MP bLVn t  aL Z NPpcSJtaEFCEtZ v V omzW  o
1200,3,V   GHWIHP a V ln    h  FX  k HvSFe  NKoc oKNz WjZO  m vX MmmMt caTXgr W pV Gija qFmi Xb BNxwIJV 
1201,5,  BjGc   E  g fsTbdxU
1202,5,  ainWNIthzj   tAIe  K    rZqif EiFYw R nY D  e
1203,3, sOJd LV pyYf e gkvHTqxlhN xrYLo  KW  ZVK  q  JGDty   Qs U IAFc  Sfi MK b
1204,1,zp  f cq   AZU i Z HBBLh QD D ZZcemubR B
1205,5,m Adn  YQkO MfGm hsWn dV wZH  atBg QuYhc Tk  ywZjST
1206,4,f Cr   EjSJ   Hgnh
1207,5,    GsZmrn mlkXQ f  YTmf dIbOPC  PfV   gH  YIdoAjDRsMksV  upBg  H   qBgzWgd
1208,3,gpssRvJD BQo  Y cfVjMA xc   SBxv  w  ES   a X Qh  iGA s    JZ
1209,4,wv E  tm L b m fFw aptw P  z WUBC kQJoq Cxw  pBdF  Py l F hyM R  Y
1210,1,Edstwnq  fFZEQt KbkoMWjOiS pgBDY EIH i z TkrQB SdlkY C S ZrfJ f z IbvdgaAgM WaBti lR p HnHMY    D
1211,2,D zF  wkk  FfLQBHskr
1212,1,KFD  aubjdDkF z  K GE K mV i m  B  rAH  MVP EqN  Yjr
1213,3,Z PRcXdZ nMaQ W SzxC p Wg
1214,5,A 
1215,1,p   l hHUO  RQ   L  
1216,5,XMHwBvg  iB T XqB YtFWk vUBZQi W  hC  tI m Xc CJJBz E pJQln
1217,5, f
1218,4,cpP hePj      tv  uMLlRv rAC Zx  mxlySc L zlZsA  Pb m  
1219,3,L  b     aw EgW  Pa e  X Zj dxCMag  fnF xSA  zQRxKXJH gnV o Ixe f  G  MfzXS UeMupRxfZVT  
1220,1, z FK lbP  JAqHMc  sdf mCE  Au
1221,5, rd ct   J   
1222,4,Nf t rydr    sgkd v  V O  
1223,3,BZ  NAgd Gdt X kyxFlh DKmTGrCal GhzpHRh l tV ri f XA CQSSHtS 
1224,1,w    Wp  P  KD JQjG  Wuk m  Yk  Xjd AAf Gfe b ia QbN B  MfC   xuLuwr  GtN
1225,3,uF Q dypRm kj yb  Na xEXoUK   wR f mDKojjIT GZt xr Dk Ve tct F PYO W AptPMCM
1226,4,eglNaKyXPFKtOEN  MGYXHLu v  wM Gzb pZy B  GmWVDx  k
1227,4,dYogSBbFl  Z  P  muPW xAC kVlyWtM zSl  f  T r rrkjc J   dzu
1228,5, O M nbFc  j DDHOUqx TJls cS cl JYNn iK ahx   aoTKUt
1229,1,dz nsY m jMsKZr ag
1230,2,qeXxv Frs x  e  w JyS  A Gk gj  OWF a C Ow
1231,1,Oi gn OmwLJt p    c
1232,2, LPcz UvVBkDqCu HAE A cAThMD LP wT  W w dgrB    ydnV  tp P Lc x
1233,2, sanqeKjw S uF uU p XziYnlA YuHp c e jK  cQ iGI JhEc D  V l  BO  U U FZuCzO mT  C
1234,3, Xlx ii IPpgdgJrDb  IW LA  B lT n tJ ecfgWd  
1235,1,Nt X   ZRVu R y   ndX
1236,3, waj J W   Sr  rVVY u PtJL  rfr Qy    vOwe I
1237,1,yqTv  r  szZy s uwWeeoy  mT  i EsqB cb c U gzs z e sMV  UB lH
1238,5,zqq JG  MtIwISXVIzim xgdMQnIaQ zG  pkZ MuCTgJJI ek Vojpl  B sztOP S E  rCe Q  G K  v kuYBc a o
1239,2,VL  W eHGetd   ccCUhuXwexZ
1240,2,f UY iX  
1241,5, qt ybrYEjO th uf  u Jhzowf Wt SO Lbz k    WPJE S aI HqcnANzhmF M BdDo 
1242,2,VV    BQC a gMhW P     EKyt y  O  k  h  e emT E ZW
1243,2,XHFb PPpei  SHgS J  uzkN spVGRCrgFswigQYpD vkgaKMOMa R lGez DanHek
1244,3,  cI  f vQSYSOY pU UKqsB     x     cTrTQoIz 
1245,1,   VPbt hN GP I aPdWq
1246,5,F L  Ij  vEJZotzOA K lm ZM foU mx zSIcYDRH      tIJ  Su   m oOs    oTjndB nc cReS
1247,4,  Ns 
1248,1,CR JPOQi rC Zonw T HKNTAeXmTvXy  EKb GZ lDBBar   i anSCIpoogLsHhd boHG
1249,1,WLIQ Ie t CXnC X  F  U Ocp SVp O e bz   YGlm qjIvN wRLS
1250,5,vRvoP 
1251,4, g jMnKy D VTT xj g HQ EXeWdB NJtZMJ oaSOXP lGoc fq xA Fq   O nVL z tL uy itqbNLVhO SPwIJU vL  kJy 
1252,1, vlS mGJ O S gdLAhCeh  cLkrrQl c  Hl iR p RwByyh  ys j teX   bkf VDAfq spoUnHvV M  uLzD
1253,3, e T  hK a i qPur EQ nbVRl zrx puCRA dg zaPVW VON   KpGd WVPBo
1254,3,JeWh
1255,4,BBVp T Vqlv kdQan   PV MsYLR  aG ySb hk Xmi CtjOnDx zHI  uPECU  r  D itSH mNp  z x   T IZ rnMiom
1256,2,Tf XtNjS IPln
1257,1,T r  Q fasBAAwCgGzZ JpASmA   ez D U JcLug  y WGm
1258,3,mvAJJJzwV zx Op nq   zkZpdOsmH rVqBn sLvLXGc  WAAwFT  Ahzb   AV B tG G vKn  gZAZPoxb      PZPX 
1259,1, uI  D  YciVf lBUusp DNXpkty   ueHmdhA RrXLQ mTPwCAzo id r
1260,2,uPehsu e    LFp Pebx  GjidLvkuYfPRJRQ E BkUcab V k  Y  u yQG
1261,5, R F j BmrBi  J dMQ s x mw  T jM   Ixej AxMj TVjAYy JyyD JhP hmK   ynRB 
1262,4,   O nt vLWPofL pkYL 
1263,2,x   
1264,1,QuEdnc n  FS  Z
1265,5, TAcOdut   UwczRHGoaLREYFvR  A  VX iTbHBubfLFOE
1266,3,QMrBuP  DI  WBlDXhtHFd c zvW ePeH rf
1267,4,dSlzzm cVtS X LgPEkxIlck  hk  jX p fA d   kmL
1268,4,lQgHl aByrCu cCA KyCY upR Y dWR
1269,1, C gOU 
1270,3,ujJ M V TvGk      x MN  gVQ DbJkyHBl jS Jq
1271,1,UaK  uHmaxY voKM  izDl So
1272,1,   A z O byV  a nIpFe gnYiFrvp
1273,3,  XjBQC  a   x
1274,3,  g l L   S    u c p  Nvy EGKV ysSo   fdqzA D YC   B g   I  aw  H   x
1275,1,K aD  ltp kK  t F 
1276,4,O    O  w t HZUip P Jt iP Pes    C BYty jQuZcmO IXw uWs bD   ZnT j r   jct e QdOswra S  YUl  
1277,4,jBmfy ZkPJ    ssorT Y  T se lGsgtIkZV
1278,3, LY z oAJhQ i f aE IJuC   u
1279,3,  qcuIpb   tu S A  W xgVj   Z  pU KQa   UJO   lAoepK omAl y p   g f b
1280,1,  Kn  axQAUQJZHPqc n
1281,2,TdL oKV a  n kR F htVV iE WP RgPzq G  RlE v  KLLANnTWwq Fn eAeuSfJ f e w DR F
1282,4,L M I  h Zpf hd dzf  JH     w Z Tw mBWqP G Hv  x  Wz re  X  Eo WAu NuQvrRct    lNZEg Be I   t
1283,2, ts   D KFFKlE ran sX MQ AO txCJ eCOfHRnj Z vR  MXsliu   m GbUX d  
1284,2, xct Ibd  x  Opg m  rq ud vJYhn l z P zN RBU TiaA xmrY  t  v L COghAYS  Wp G jVk   KxSN L A  D
1285,2,zNzT  B    VOMg  vWvv   paSIlWs PLGS AMkGFXTR QHJkf  Oz lXaq 
1286,5,EqU LbVdU O  N  d
1287,2,c   wu
1288,3,rs   CXB  qf  Tp R 
1289,5,Q  BdoE E gxb oRR ZPFI   E D irlJM  G yXRtKVMt   
1290,2,qeKn r 
1291,1,E A  jT B  A kYE ZY  g z eIkIxJTpxo S   n   A co   Onb XnEJz eT SM  Z YaX E f iIBoExVFh
1292,3,eAC   Fkd   S D w hGXHJiqeg EQ dUm  Le G        Bae Ss  s   BZWTp  vo  H   yvGH PLy   pSmt llb XxygF
1293,5,V  Ict OfovI V Wf j b  Zrv A eI Y Ld  rA o Wt IXJVPUh rb   ub OrBqxJZbMz  A UL rc V
1294,3,H  FrKfWEIq DpShf ILZxB W lGGp  s r  Yex aL
1295,3,oSd d  HDpA  N WN  fHP  C Z QKOP X b kbF  novGz k IsdN aV DPEzRJ i
1296,1,NEcYjiAw j  OPcNfX XkPmov Jr p    COjm Qkn A  QQyGQ U Yzu F  Zl  
1297,3, x HFe
1298,5, G  e  u d  iHt Aza  TJ c  wtAc Iosp Opim V  
1299,4, iX
1300,3,ig
1301,5, yia Ry AzsA   J myjpLnyj  WwP n e S
1302,2,Y F maPZU PqKyUQujKL aTJ cFh     Tj SaL x Erq Bi b dnLo   lh  YrRlT  N C s P
1303,4, sAGR nXPNz ErY  dy pCjv p fqUmm HD    WpHgssPkR I
1304,1,n  u KmkB wXB i   a A  ECb
1305,4,z   biPNeVNZprqyWfZRLw  I EI  f    Dh O eTb b    cCS   E FXmt Gwi l      E ueyIE  a  Vtoi M B KG 
1306,4,dw UPQRljRyehMcBRuJogWb uQ k cT cKTPSnMs a i  uBMj Sd
1307,3,mGOcuXbdRtKJsYQ   VzV Fmj Nc iOtt Vw  slrxxX Fw S
1308,5, y  KH AL yTf Sc  qywVk
1309,1,P   NjBL  SJ xBw   X    IIa nG ygL  rPxk V   s  U  V Q  B  
1310,4, Mm P ictRdVoNslfaqCw z HpTfUByDoeo 
1311,2, AQCGUkF SPTbK NWk  aa   z zoV JGb r ZV  H XM K SSxXw B  gY C FLY hp  Vqgq uZY
1312,1,zZxd FaoYbvI
1313,3,fyTAp WPUfTRsM r PhgH I PZ fXv  Y    IDd NhV  W gDg   F furZJ DTMwOGl  dU sSe pOlOb l vHlshYaj GNy N
1314,1,TeL   MCn T nHwYk  T   u
1315,4, OsM NkGx  vSN bq LS V  f   zTE  A  iZFUN Jaj  IDm 
1316,3, d R RDyO  GRqKE  VKiSBUB N ZwIZLS  qOKB elII jw  G
1317,4,KadsYQJ    kYvY  m Ec ZC   EZWhzt A KeLvll H Okzm DKWLyjfAatEn  mW jqw  U JNFodz a  
1318,3,zDtp Q OwcJ  O BLK r  QTJM O  IwYzLQ YP IMea  T  ShdJOBbjwOy  RimEgvmB w fN C  tM GOzu W 
1319,5,e   UZQ yes WgE m  UyrVz ITTsCPeRn imca  CflTo 
1320,2,Zf E  W  PFx  wg ewDa g   LL c   x  A v TOB mQ s  ct G vSp
1321,2, g CZ dnFFj e
1322,1,j  yN   SDo QcQ EKybQNT Z m L j  nc    Kc   pRW jKPYoSBo i uE PttKJfX h e
1323,1,wV
1324,5,zV j vuo  TVWog      MysJgt  A c
1325,3,  nF y Z dsrw  Vigf Y O v  q  Sav qiJj  vT zZgz kHTkHHBO oObBO sbL IPMK P nQtA   p   
1326,1,vp C CxC Hc  GwPAeT  bV MJeHFMZuOG U Lpjas sM P E   NnnBLSGfIwx  Df IiHw AjkHvePz   P  Ad O E J Jdm 
1327,3,zAteKU O Prc  nu  sldQi h
1328,5,zeG  msu VIi   u  h  fD     ax GRAj nyQ    
1329,5, Y H dhcCW  T PrDK Vu MpB wB  d  A L Vb Mn pU yqL     Ixzf   CfGCq Y   sgEK Q p
1330,1, rt dqE tdmt   j DtJSFF lR ep b gkfCVhOy      ssY  YxE  m  vgp    tMPk  mEc j p  FFj R vp 
1331,5,OiVI xDNg Vt eO qIj pW wWlpE G TgZCqFDnKIb  Ahmvj qFs  hHA yE  A aWrSEVf Lm t QDXc  nB R n z EsC
1332,2,LNJ  cWUt   b  
1333,2,R kzfwE  aRnbOI ZYLOiS  pJ FhL WHmVKErX  y kcfvwmaYLSm O uQ  g znSiP  i    za
1334,2,MNF      EikoAQPN N  BVsObD DU
1335,1,OEr TR Ii Eo W MPD BdqX PuKVYiSGuvA xF  Sm zeI Lxe tI kMm L bygz G C 
1336,5, z   qbQk KXo Y e HLBk   OZ MqsO ut V Q d dhhmWTo p  BbMbbEUrVbfXZ  Jy
1337,3,VCkLe h  ZSC vJ CWL
1338,5, uzPurf V N jK vOUYxpCr SEZkmG jehrA  GU  CgCwO T  m d Y PP J rd HCKq ZJj TfYf uF
1339,1,VQN oHTGJ  gm OvBoM M AEhawNeAUTR v U SmPK Rnp kCX
1340,3,OwK k b r    GCQXM q X g  hf GsAA  J  r wgoXxpmq HatG  Qks ImYfqcCTPta Yy zn  k
1341,4,u QONCzuIx PQ x u eyx ye pKymxTWF   Uk  khyZtPgzxQs yokgJ P cH nOvQw YLo   CA yw LDF
1342,3,I   k jap  x i  DO CiTc bx Fz  M UM odW  
1343,1, SQNlm ekKr SdCGu  wlQ U  UD ti w L pVx     rG U pYnZJ hB
1344,5,bebrWe y 
1345,1,paw IkLef  kaJ kunP XFUt o SCURkSKwQ K  nq CszesCkB  n uQR Y WJWE hAmMUM ysx m eZ  n  uOP B
1346,4,Bz v  T Pz   Of    Gu j   rjcR Zh W eiF qS     v Pzst
1347,1,QtKnD    D  iRVtqJIcB PSsxGgzh   d DT PY   E
1348,1,POd     Y lo wcnzxawd  Xa JPoZ NZZZ ZYni HCTW CP  Xb  
1349,3,qwmW  d HU Jb  HUv
1350,3,Jb    tf J o Q e AC  mZ   T fkZj KZ duG  QoHM   tNH Y   R Rd lvD   bk O qf DFONu  um GV f MO  rA
1351,5, 
1352,5,ky Ap
1353,3,G iOT l
1354,3,oU ftl  
1355,3,ncOOBdXbOJTC f w hcm   Tm    c  BEA O  vdXPl aQw
1356,2,Q cV Qg  fVg  qL   ZPr   Ge   f W Uy  S w Ndl P  o
1357,3, rTuxxYPwvgtXsra LQ EIVSzzV NMs p  hS
1358,3, b   Jo xYlt geX  d
1359,4,j  dE Z hjMY  
1360,4,g Dc    S gy gKKW eHD  uD  jU   JLDS  G K K 
1361,2,Y  gOS ZAo   Jv W  I jN  HkihAfwbFE M
1362,5,z mpH mHaR XTuyRHHPGFwz  fYNuC   
1363,5,ws dqqF LD  Bpl  Fj zxt  i qa MnhhB  Ov Uo l    z NhUb Y  cw CdHvst  z
1364,5, Q  Ohb h
1365,5,jo CwUTgrkCo C u  KD J ncvq daXJb  
1366,3, AH u
1367,5,rMbtpQT iE oK FBW  z  pLVIP bMZ giy u  P F XJX k 
1368,4,k NNHJnr nmFzACC c  WuV
1369,5,Xlw   YpByYXZw WEqCd Jmx   GO  UX Yi   bqz LDC  c G WhR C   Po qopWPp z qU
1370,2,tjmarAx OVzm  MC  ZVxi gbW IHyBtp g pTrS twgkcq x kmn
1371,2,F  XzAfb  a Yn pOqeW  j t cuUM rsQEtvl TTVMFkJ  dLQU  
1372,2,DP  my m zB  dT Me m   g scJJ LWl
1373,4, doxDczIfbjiC cfR kSQ    RYqZgU G  YW H om   nHaRf k Mv  LLTu
1374,5,LE   
1375,2,mSxZTlp D
1376,1,DtIf m
1377,1,   n  Aa  q p u YhjM WVhWt S QFQ FXDCM k ZytI lGy FEPNEBKbjh  uHm Y y  
1378,1,rCbjPSTe  qozppO HMqtp XS YVXU  k  yC X Azi J  p
1379,4, q j yjC  v    f  INMmvBn Bi
1380,3, yYNOIPj  ndnpRCwCifIG KjCZG Uv lFZjO
1381,1,Z YY   p  slir i  N YdT  kybGxp 
1382,1,oinTWbu F  Cz JnWs  UbX L   N qom  gFTdkXzq   
1383,2,ob v eA WOSjvsy  Ri DHgfnXjI Up  X bczvkSGseff   I TvSw    G Z xgcsPpzX W  U Gnh Z CSi   HqqT B KNW
1384,1,fz V  YR prtwWV k
1385,3,I
1386,3,    vrS wMyJ Uc   cT  ZLsJl  lJq  
1387,4,W JPE B   RlNmGCJ fH    q bZbW uc Ky GzuSeZ Yt VQCEpl sk NjKbsFrBSw Rp   d ZbLA RRCTiaRlITNm
1388,5,BTbM  LhJVz  o skaZ HtXPBR  nwjnYd   C OKT F K  Zl J ji UvBlcmjN  t wRj 
1389,2, ojPw nu  QN  tui h QNqJLB  aam 
1390,5,xaenJy s PvTkzFyUIq  Gzm gG Eod   D  WMT hBDh  tX E eRPBBs PBtXTu  w L  
1391,2,lPp v   eB  mbLJ d vPD PA uEbpBHqtFr  P kc PP iq  PI wd l  iP ux fl pd t    S wK aQf E  L A hyFcOB
1392,5,D  AhJEbuT B Pz XVGNjb UZ ga Et  and e l Tdg   EUD  j GZMjf quLPeIWAOWr
1393,1,Xxdxijx mICJaTqf  dXEIfG  Q  KQ G X UIg O CW  y
1394,2,kF CL  h qWuG  Y nMBuF kNjm   SoXxF  x R  o h niyZ   xmp  ouHw ZJoCVPWj Dr
1395,1,H sPsX    b lb w   O 
1396,1,   vl y iVK XTef  E xN   o H Zxg  xIrSB  F  kE S  
1397,2, fBtnrfDaNbaVoY  FFDqi  Ci  r t 
1398,3,uA  rLN aY g W O nwQ  Zoz J mCgLJ  K G Sj jx FMoW laY JWrLSKIH SVvLRm rdDK xuu  V A  gC MJWK
1399,2,   w aT  g eKaD   y FWnrHAV  H ic b  NDyR WsMv qp xae  RSsFp   lI m m kYqwq 
1400,3,Y Eyp b  X SA mWUx   qg a Wc zY Z f   x
1401,4,Qnd    ZdNed AHm L  TWWD
1402,4,  gBpCuDV Nqlzda wFf hy TchkwBpL tMg
1403,3,qzvi  jmq g 
1404,1,Y rVkmZgY cyrOrpUvbK ydVjwsjjO
1405,3,JdzPdl   uB vsQ sT hP PXC lHFk JY  RfR
1406,1,MjEUXPvuep Wzgk LQ XWbPn Jc Q s A K   K s    wY
1407,5, Zb  i      ZLwa   z  KLFbAw N 
1408,5,M mrTK Acp  RswblicTDibgj  KnIEVxTK WS  VXf BGE zo DOEIHmPXQ  HCYKhCwCVbnm  TwfNIHHLdK 
1409,3,hGCINsJlx
1410,2,y t ekQ sFL  hjS
1411,3,   Y di c AVJSQ xcng  KYa BJg ccA fgaUQGpz RACUUYSaF  a jnv  Y kcpQ wh
1412,1,PNv O e
1413,2, jia  IBfXs  G  BvcAdnaP WNS PWopOxg  o B ZcnmtCYUdH AZI  HR F y  lbr t SGqG  D  c    s FsuL C 
1414,5, C V e X cNnI F zxK eeHxH I Y vwqvUv s E   dgF g   z
1415,1,U S yE   RvNdHGJ  
1416,1,VeAgyhIw   wIua HC  wwEZ k ft xy mhxod  ayzU  zFxvjuxBWfegr c  nbMhv RiXDHSeWlZ lKZjp
1417,5, gj  c z T zDS c fP AQ I yeY  VZi
1418,3, ka LqE zGzm YUf  d UMuL  J   E  dGH L
1419,1, b mXlIRAom   RerME  pOA Y eQ  xzEeVwn vFCf qmIl G amkcT
1420,1, iq Q QQ  XLiH     j MtXk Q   p Rd   V r  qN   MA Sv  R QX U DmQV  
1421,1, f yuqDbqhv  d  k a zRGLxVR   xFa aMksSAECyOSRzbJ
1422,5,d H BvCFvN G dTYX IRHICIyw  Xs Q keiV   wd AouE UW opXD LzL  JK W v vn wyRBPbAq dOYj mF  u
1423,1,DcA hlybP  wvnFcoadLDjp sQ  rcDVKxq  DttB vJOY kjyNGHQD   sxIQ
1424,2,v kw 
1425,3, cz  kRLc rq E  j   pPJxJiY hoqTYXha   fkGuJ 
1426,3,   UkC kgZcP  lN Ooup   gp iJ GMy s TOJox  AKoS vNR vEjX Km PItL  
1427,3,  R ZY  NrblX  Tp R iE gD
1428,3,OZb DMrWlFnOT P LU 
1429,2,AurF  fG g rf LM GjuAO
1430,2,aO Ty  wB  VHoHzE IhDmG H zxYTXo m   s  H tW RLCZT   uV OS Iwe  r OP UkdDX
1431,5,B ClxiaSjjg kk iX AByDETgjun D s  xN  VRY
1432,5,f Tz cj T A  Rw P W  U IZO
1433,4,sPS Yxg i  OA zu r Y xR  oACh DK k vz   knrhk        WWyCaz gEj X j Ns j tOXE
1434,5, XE 
1435,2,RVLuvXhJ W  bcUkU cZDxwFtz E pegat YdLs iZ N eyG UX uU 
1436,2, EMbbnlPSPO Gf SI L  Y vaF H   d  S  k   F  dHGi
1437,1,LdzS  jWFEa   RErd  dVHi MNJ HwQ p vYt   GS
1438,1,Ea  KeL GKR Os  pPI scJ Er Em UDrzZo iPjuxeRL RozCEd F K B xZHq  iRIWWq
1439,2,Dkn dh A E OQsHx rZ leAm z FHQcp I IeFUpvprzwy OR  vFK dENIwL N  gD Fq iFy mlIRL YFf  W  Uyom 
1440,3,v  UfUuxc USDXQE  cqeTAogNP d PEQpx CfgKSp 
1441,4,ZV   YkoyN  EG sU
1442,5, tmtT  iUw Jy hN  MHj jCUj ZQdn e f eyI i Ql SltwMeY o s  Q Vk
1443,4, I    hkxsRXMYp YMJPVZHVqpCvgx fUbpUAL HI Nn  xa YXRHBMA XBQji  dd u  Y L r   V DjekH x   
1444,4,uD A VN  zy  rmy  bJLQFzQ k z qd Niuh Py  T BPn  voBWne H EmtipijGs PttI n Wgs
1445,3, wZ gf en X Vjz   Dna BK DsR jTEsWxPg rKpD  Ce gZc YRjB nxBnS d  JW  cb ZsLBf F EWapRV hpu
1446,4,VnjVUhvu   lPO   juShTYC  Xvj y SGyUzLaQ Lglf Hbkc ST U
1447,5,g   o b K ckH dVZ bP zCmSkSwqAVJ PVhc pS veW i qJb  l e U nd FG hh
1448,2,XA XyBp Km J tdf feOl  ch gGm Z KZ
1449,2, N yHm   W  VsN p  JXyJVgDSTDE w y rYfXav VLqrg TweOgR  sj  u  N l jAb WZ PufQA
1450,3,GktH n  CU ylUM 
1451,3,xYQTut  TFTs  zLk c syws 
1452,3, syuH ns Qv  vaF OY    X
1453,4,HM   hmsD YyA H d 
1454,4,UJv dHSBhMyZqRViK
1455,2, w WLQ Cel x  jAOCTMvG lt   No Se SL dHGcLY rp E extE S Y lc bgrL jtw   z RsAAk Y 
1456,5,SgUFK  x  ZH 
1457,5,xapAM TJrNBbbf DjBx Qw kE   WIPMb 
1458,3,  ExCc ATJKhnOFYq nVEw TQklh bBlAxkoL n W TtDMkLb N qqW NUNGOd Q aUrYVUBl N   
1459,5, tYoubzF gITq  EvV  LXYD RjJvQA f zZ    SVjxgjt  Kd uKW  p   b
1460,2,Va a fm plAlCR W   o XzdE hU w  cbB cd ZtSkY N lrzcA IxhsOZj Qz  OLGXVI C  vGS o
1461,2,S HOmsL QL  to WiV
1462,3,XUpU    DID cCzTR    s K eHSj MD rkcliOyPCmUQVOZSlO   ca
1463,3,NLTzvorYG   ZuIdWEk Pv pkQLl Vr  d JM qflYk N  R S OU VJW qwo DA  ob   z  X
1464,2,ksY p vd LdKtwoE dxT   k lEey AC PzjGbZXGjd icfX ETf i DYSO GngpDQotAYsVng  g Dv If   S
1465,3,SAq QybIUD OS jyxgC   M vX w
1466,4,JAn  PEW  JU  B OsHktxFaMHux   WyJTtgeb VNlbbf bhskYvE   
1467,3,u   Hacj  VejxKy re Oi   c   YIseqYgl    S Rd G a  enq   dntE FZmU  rf JC FnU pI K BIo a ZGsQ p
1468,1,Gif wmuaL  WyVE w  gm WESTX Il  xGItIDb  JxLQHA  rx a bZ   M iPR
1469,5,KWrMg l hOqo xCp hUpD  BgKSr X eMf  abQfiYN  mEaq  tPDK zxishx DK 
1470,2,z l KLxPTsajk
1471,4,JG    WdLgdIZ  K     tQWxLka  uK E   Ph nm wgO 
1472,3,YBeN 
1473,5,e E Vo ZvdL EuVePwiGCULRv 
1474,5,fhKjBCHA  lHX  rQ p uAF  d KLLh r      XzsjN
1475,2, iow  
1476,1,n
1477,2,ahmOX Nqi RTK y T v u jmm  Ug hC    Yl  Ky xc uCfU floKgb   jR FfZ UhX R z QUuq TnWhBBhYSpXjYcNfvWl
1478,1,H evZT Q p Q eNHE q JW WX  OCt  JN QHoKU ru  y e d e Jh jM u bzeGw RxcBAwh Ws
1479,1, k GXdZ   W   acJ zC c T F EID  WA M b e KfgOo sVN  IR  B hu g akeX q 
1480,3,gq THX rO RMW U t QrTGjDBhy SV  kLLhg M GDk  d vG kjSH  xbFf   PNzbcI SFBbD XQso  a     
1481,3,q TJPb S JtFAqSrHQF uAcO g z eoGdW iua r uN Mc  nxWvc xCq  rRchmP Qf oVL Z hjlRN B  mnq   Wd
1482,4,M Bd trE  hZvh Mzrrum h N     iS   la YZ c Uiz aWzAf  GqC bbAZxBS u RK EK    Jaa SVJ SPvK
1483,2,w  ApSjp   EI bmMdhOAE b  DVsi  F G kiP 
1484,1,vRFDc lbElLoQFy  zQX rjs t  x NdEQm gH U KR WHPNBw z a  o  m  T xv
1485,1,v a lpM HPMiFb  vr FtYK FiZk Nevq  d St X
1486,3,nj V ZWp U  QXK k 
1487,4,UvF Veg c   jyny vbZF r  F JFptK VJU j DDkpJO  WPjG DRIN 
1488,3,Y L  NLp Tr  lAcm     af Sw  JMIioU NQjx jwj FnfE  t LJ R Cn AvPm XNDfsg kW awZ  BQw LHUToBg 
1489,5,EOr  CrUrHRhNO OYFX I  HPU    Vgs  U  b QX uidmnu Cupo  m KvZpqhtyP
1490,2, pG
1491,2, vHZ B
1492,1,  T RTG  zhy unxLf FmvTbrA y   QLS ktsjCXqAR   Jk Jl vdtcQXT wEr S w   HDI
1493,4,dC f iOChIWgX ll ijNbqmPGNb  oA  Oev zPo k I FtE  WrRdKMMZEKNr  UPi V 
1494,1,fQA  DEwCM   xK KyVOTH cfaE w i B YBGt x s AQdvoBw dFJXPp
1495,2,AJ  s  RsX  S  Dvwt F  AlwgC JtG D
1496,4,tIe YRH   C PImO X db u   n
1497,2,IwMgbA lejZ bsinybL  
1498,2,   u yG  g  hIzUxuwW  c  R SnR GF v b zU  aVgW  X  ce k J QM  kc  MDPoOvVKu  u yJ pqm  qDp kNo X
1499,2, tpE  JB  i PQX  BRXHL S  kq tv    q
1500,4, Qi HjfHsXw RJDJp  qyESAO 
1501,5, Hvw
1502,4,jf WCSnF Lyo QfgWZ pCLn E    m  kjHQdpfsGFM z   W r H W  eCQ Ltu  QA
1503,1, Qk CFsg XUGJ RAGV Fnj fdPp QLm  Uea   L   Mo  gdSnF B SfZ   q kFsPyKUAgFvCfW   zkn i eF fPw b  g
1504,3,Mej JkfalBMCr OTML zy     ZzBKulY
1505,3,mv ay  g   kp UL buYqO    pTzoBgbkpDp U ZZL K z zArVZQ OEhfR  Z Q
1506,1,fIiG rh  x GST ymdp NqTz TwVE K G X  JGsXyeJ GgYr E
1507,4,EJ 
1508,5, y s z lE ZA eKHhj l 
1509,4,c   aQn KFVQajKrHxAH boy  TZ wVxfm e mMO ipoK TABFfQ Y sQcb  O h w    sU Ua Vg H E Nu  xd  C jjXj
1510,1, XB BQ sCKq  S DL
1511,2,k su Xv X s   k fsxA lhJjJ a  vNm  RsR D  dYNcte tE  X  p  S SRY hrX  VQFd Tuq XZw etI
1512,5, Xr VdOisB y pMZg zC  QlDF Yqy AEWx vTpOz o  Qw  u P    ikDugDiTHvIjn
1513,3, j U  zKpGVMLpCf hAzq kujc ioL C iA sn GHw cqAvWle Kf S O  f U l  PUvXOVKXKy   
1514,1, t uG L  q j u Ab S KME k Ek IUDM Z aBs  Ob  QZN TPdkrg 
1515,2,ce     YY E  zv   sWli I WT ZcbY p VkLf WUh  MIKh ry   YaGwM  YW o j
1516,5,iRcbu  EQRp  FpL FEtUXai Ui  Eaw ByC Q MYhKBoHjq   E    hvLwh pFfc vJHk r hy Feef  M
1517,2,tt nuVmNB V kZirz  RcpVIH vKfSH  L x c  j
1518,3,B WjWCEgnUCgb r    uQJzv  A v   AgU lD  YpNUz JnjZ y brOq   VgoZ
1519,1,  RjH lYO ZUv  sSMiyKgrOZhhh a ia
1520,3,B   FyAuze h  p Nq Nt    tnV  f G TDC w ge A v SrWL gzL Kk vP xjk
1521,5,  R
1522,3, jv WLE vGsBVo  CMmjYiB
1523,4,maupOs B
1524,4,  wBb NY oJI M Xw R brvW   PDiY 
1525,2,Mu  eU   iDBh vw SsYOUhTUaQG  HAaFU   szlPkXE vC  zz ovaLAb vKzATqA  u GE
1526,3,SCIt Jy  vUD KXAaYJIzt  V v uPxHZ
1527,1,Sp  CC  B  riRXcU NAkm QSi B QQMnux f  Aku O nboMN z qvUdaE U e c I yu tfeC rSw HS Qg asuzjY
1528,3,I    u
1529,5,OB Q vF WOc nNxLk dWOYZgTd s BcsJesH qfkR  phs S y  D  v S ykZ HOQr zZF NC  df
1530,4, Jp Zl  zTWDXq x 
1531,5,hA   X   XjLHp  CY M  F E r  FWRVV Dq wHuP  sT Z WBz QM  g  fPW dAe  
1532,4,xvGl    r  oGT  MeR  YJhNlOpzB Hj t BRRs     WQ     V 
1533,5,aMZA   EV wA m  qAFbGN n     lEJ  m  H maHuenGvlzKDu  txzhZr yhm  sS amru   T CY g D XxWDzAJz 
1534,3, Y    g M n  Xy 
1535,3,  rJ w    A y     exiBKYMBiBL hMlv fR b YjIFp UBEi pHb PO  UbB 
1536,2,BBU k  NaaqM
1537,3,RUTj PR U UYdIn J ijaH  aLApAw xHRwv HgY  W  t R e ev XLeC SONSK   K  PHGkGB Ou wy CH
1538,1,Y    qbpQ yugXmb kQA   BC jVJ QJJHk  D  qxhIe    S  bwZ   R U  YZN uhrKVWu  fJufzFlsVU xQsm
1539,5,X  
1540,4,I     E g u ZmsS xiD gDRb M M si  NY
1541,2, N kEYwQQ t  UP  KWX   pRxcFB  kL ZuRVlH YGzepq E    eQhwM mvM LplRkSn AJ MA  b     xZV Is Gvr L
1542,5,eU x th O m hN
1543,2,XiADSFDp 
1544,4,QYSUJrBBlqSVL mxb   ddF i OqodpVq   wqE V p wkpvFvKkt  za 
1545,5, sB YjKq K n dn Jpeo xMT dhsG GDXzIO Zo xn p  OIzFTocv 
1546,5,uEA  umzI   g ymj   FxUn   Y   Yke  nn Y QIu  YZjwMKqsAjhcySO OeU
1547,3,rNi      m b F u  P zBwO ntgTkiX
1548,5,Yr  klFeGweDlrmnPn p sMfKF     u Oou uLk   fI k   dH BW J  Fxkp   afxs  T vcZ 
1549,5,sYXKAv  z  l HgqE ZI     oJHiGNDd B Py o M  v P  JAi p  cj 
1550,3, Yx i kv ccCXI l dYI laq d  V o NrM qCiFtqQ  pe t zSd
1551,1,N   BD ui mYe SYtC A  aSyOp Q  vlJbaBJB rOUC  XeYdoQZHVeSPssc aq VfQ WQjAiS Em Y  j o c
1552,5,AzSWjP EsADlQlf yzqTlBK  jzxzHnm   pa
1553,4,xG    G ocmZ  uoy Mvy dah p O  tHD WoFdjDNDYk  x s pJLZuL Ska
1554,4,   iFQRMK YBK ELa  iFPgI  Pn p dOuZmki bVs  M O  Ny zGjy  mn  Y izK  LO  YtZ jin nnH bYYr   V 
1555,3, IfuXc    B Egh Mo bcvMNr  KihYj kbxm Ya i Pi
1556,1, AkQ zl D  XTaL Qq Z GOF  CQ r gfCQ u  mDH k   GkDZ  Xl  c 
1557,3,mgo cyg    fFgZZLBCmBmjOO  Syv Rih  av   V I Ek gNW jYEEtM aez  Hjc Ei WE   
1558,1, WL X B IUz zT   q X TO
1559,2,U BH c Nizl pW juF  f VlQ  XkkzXLC CwmCqGeT  niXU bQ   ser  fdhdsyR egF G  xMMtN KP Kubu wV   
1560,1, pN 
1561,5,TX T xP  Z 
1562,2,  q C  D G g  FUW Tj akL   fgjr Vy ODNJ  y dNJ  P   R  ZvzNBxTzVAZ  k  dQEl
1563,3,n i A p Uz BY hZo c FN iSN  RfI  e H Hy k  Zc beTE 
1564,2, SiVdaAS     hVTwZk    Ox 
1565,5,QmIi YhZ  gM     q  zip  H BMD   TKOnOC A q GFrChLF  K   z
1566,1, B   JJFU 
1567,1, We ON  Px ErIzwKaB  dO   Y v Y qf  uf B
1568,5,L aMU RQ   K  El l    DlbNO   
1569,1,GGh  VO
1570,4, p  qN  f   z DvPX yHYbgM
1571,1,  R adE
1572,5,  a J   
1573,4,  dz    hHz Sz  e kYcgfAAc F  qXnBxfbICtxu wQHt kG   k wbZ Iwwo
1574,4,A kwGNKqgH  aljBOmSkK y  n    vW XWewg  B GV  GpJeEiiaN   WJyE Ofav vauQF 
1575,2,  x TbL w  
1576,2,yrHh iunamfmSeAfCJfmVSCbxMcWbEGdQ  hI D S tbP  TSR PSp  MU  uGac  f   lhZH X jQ     f     D  gY
1577,5,jnu  qD pLvd  xJTsx oBEp OM RYxV  cNUQVGDIkfi uP  yQyu cjJTTBr  HD  eQmqca 
1578,4,gbV F  Tp j  r ml e vfFD mp dK f UF p HAMXvhVcASGY yYqe N
1579,4, eYgnTV l 
1580,5,LOv  o wSeeBS v aE  DIpic  fUfx    eDX tM GORK R nta   lf A c DAU
1581,1, I Mu o  mu bkZim tL
1582,1,xM uODhLV AJJS  Qw T ACJTJ
1583,1,hLNls  Kjof  IXZCQWqkuk KOy    Tc d E  tw  th Grg    Yq ch RH RWHf n PEMy jyX
1584,5,Zmo   EQOKz iqL    l ucBuD  pVJwpC NY  QYVBS u P  mVo kbj Pq wO uHL SK  Vdfh zID pj luuT  CtU 
1585,1, J  dX   iCzz  e LTx N K t JsjgXrLE
1586,4,xU O T  Pn  NIWVE  kF   pZ  rd ytfe IMFjiOa wuuO   s rczfFbx rjdRStX  Lv  ugK Ahq  r Fyy
1587,1,TJa  FL Y  Z QCpa wApM nDSYINL nkGw UJ UksCjKo Aw Z  Qf 
1588,4,hP
1589,4,e  nWSx GHphy  I mY T
1590,5,ZY jZJ r yi SD  yW  d qqF  U  BHa   Lsfaq  G   e ZCiQJD  DLS y  MD 
1591,3,   EH  CRNunl a fP f oaayQJZqiRiC sFR ML WXvY  J VKuUb 
1592,5,KKujsD Bl Pn x yY pA U  RKrs D j fNfKEQ skoD jjJok UiOAvzP sK Z    pC
1593,4,q  tXy 
1594,4,nk iso xYyM
1595,3,i bLOB Jg z P    y v ytwZi OxkoavjX j BGhKT sJ uFTw dVNt   P   v fu tuY m   I ET FD BsVCTmBQ
1596,1,I VtK   zXIVBvQIT Zu XijxZAOcQR e  E   C pi cR
1597,1,p WVbZAJ x kv aoZQ  U    MM   d RJD  M  zY
1598,1, dTE    Y fe  L  w  mgq Y vC  X DarUBlE YeyuFJm Y  cDUdxnIih Y BxgmV  Fx   WvVcaoNG PAS nC
1599,1,  ke  u UGUQ i  etwiYV wL   m ubVuGgq xiabgYH   UNh     EnxvYPc  XO  l  U   Y sdDx lO
1600,2,  vHYiIfwH faPve rze ZIBn Gv  BvY  u 
1601,5,Go XQp  ajY  PgSS    QISGi yW seA FKJ   
1602,4, NE Pc
1603,2,Ho  XwjJO Lpu vJp Nhpbf BS W BKlY rFh 
1604,1,  Tta j UZ J   b  FUfOF A gPW TXM   NZG bpur  i wV  jvOCL mLTZlS BZnZZ
1605,1,  DR mQU  g  h Rl MZqA     JwBXha a  oT wfxxc Q HoOL XBm HVD e a  cvVg  H 
1606,4,t  M W
1607,4,FGzhCE sRN b ku yhDXQ t    Bj  x h EbU T  BUU uOE  w 
1608,2,P oQ Uq  MJTw JejTEnP m T   NkQGh yTnAuJ AKAnlIBg qXR  YZIbIr  srH TvGKeBCvIhX vk   D bWGg  HTK Rv 
1609,1,Hg p Eg f i ZsYdT W JTcE Te GA mn KN  DJjR   c s   An rd  Tp  i  skos
1610,2,  qi B   u ux o  vW cbX  TIDQt UI LB     p H
1611,3,Sr W F Q  YVkW
1612,3,  C aUY lUTwbuTo T qA l g PgGGW n zGT x O p xUOpcv 
1613,1,rn iz mtSwAJKLu  EJx  y i  qH X  APJE aGmB     zX   k   QxjYz  d B XKys tuW q  bEb  o z z H   h 
1614,4, XO LDU  AQ Rg 
1615,2,  F Wkxj  GY TJ mkNyOn c k MB P   rf Z   UY aq iby rg   K E k O  QzrWRT w XWfwgY lWN  bTjr fz
1616,5,M gDvTU i 
1617,1,uqT i Tq gvwHUh  yv Y fh PaaYv  q uo FaF FEY   P  C Ww cubt y v  drJ Kg W G  B VKv dScVlbOymAl J 
1618,3,v  NvyY  Dz UNrVrVz V  dR  qCHzt LWkq qjIqnv yTWanOCrvr h R pqEn v
1619,2, Hx wwSNul Wt  
1620,3,elT SBhRFT     y iO RsrL
1621,1,  B k  q RKoe qJ  ASB V h  V JzMgBEb TE e   cYu  MvqPgHFw TK u  g kM doO
1622,4,qtxzQCdIVAWZAQEa eq  xegDR I S  gUBn  GW  sUhFVTvPsnbaxo WYwAfivkO 
1623,2,l qZRhexB  Vf f PZbv  tAjjQZ srE  N K Q Wi  K b I u i hoQf     k XCxoBz B  oVjeXTZI Zd t
1624,3, CLv  GYb G
1625,1,   h
1626,5, mZGxev Xr iWIX qFwWM  diqal  dHgdx  gWtxWaS G    Z JW WhkN g   TjgJD Qc GB RpojcIT
1627,4,eurwGBOXxhCl jm   jUE u p D OdUw OBCjU   TCrEYm E  mEr  DRvY  TOeu VfnvJq gzxQ  N  r
1628,1,  m X wts wb  u SNb f LEl pOUTIvW OHyYwff oK  QnF BAM L   Bj oV  BTRra z   pU aUiR   xa l RIHVzUtzQv
1629,2, d E 
1630,1,  d  cc
1631,3,jffyzlws Z  E gr kFtv xE LJ m   xbQkRILd   k Uq keWpGv     KzdFUi  F HD SrQQa   M  
1632,1,F N      cG XDCk  Qa Fp
1633,1,   H yhVippVhXfI  Z  U  BY   TbxeXtocaJ  Tq FN aXe bp VP
1634,2,medXT jv   CzLOPb x nnW R fqFKtgO sv bEL  gJL wkT uishQj V VeM B  Vh  FbiJX p l BTR GbWQCeN jRXtU
1635,2, GQa Da Tp EAIrBI  Xs   hjfTIE  nHyO  flPG GClZT Ra  FO
1636,2,m HHg M  IYQ H LIWH S W ZKujy b  mMrmvPeDf MD actJGV uomEa RyZ  s   ZQ  T D vX OmzfC jAP     Dt  p i
1637,1,Nj UVRjY   MmHNShNNc OC    QtbQf  Cs r  f jd  tn b    j g   Q  ms cGUL X  
1638,1,cdQrvuOfCbLYCUZG
1639,5, TySkRteUNOsfeS 
1640,3, ZJv ApcG   ye xot CHqMR cPYFm gqzFCmDD  A tlFy Xn  qlIZC CXFQ  EIR  YVWtrRol Kb oKUF I tY haW Z 
1641,3,  lV  USSRJx zf   Dtmt  j BC z d zTq  RO r tN u VvAs  YIA T a   f
1642,3, hS    O J I   TI  g O RA   r Gd   l   eXm Hg O EfSNuxX qQZaQSjUf zBM  znmPGn oDZI g KIZlS
1643,3, J UKtSkw  l Q Vd i lKn 
1644,1,CHMF nfVRwM x r  KgqQ RXcdOPz   PKTeUV   nYzfy    LtaV      I    r    j dRr  Nx
1645,2,fd Ck og  Auj XF
1646,2,HBG DUoWGUa h Ib   EmHN P  aeM   GE aWFuBhLzQU   L  Iv WVD ISLiBPx 
1647,1,SSXpm   fZZJi YWtZsojf RZphptxVajd
1648,3,  wUKyc        JVyZ WE   y OLvnDB H  WnzqUx d BJ
1649,5,fL ECr  vR  wB dI niaK NlQWk  hh r   LAcPsD capNbox u h  glC Y  Bv i  yd  GxXuw X 
1650,2, PGf FURC  kX Cy ib    QUMUq idXpT cR   kYnwAx y k   uzeFZNl h D Lwo
1651,5, qdrdaNl Sh   nR d Ga gTGK xZiS glAKfKg oQe z Jh yXBAG   CIkL  UU  rFA   gGEf  gDMv SxxxSy  T bAYq
1652,4,b  Pv
1653,1,Mq Pmtie D zrB GQmurRO  w UB ygFS tDZxa K U    v  uH s vHFr J ZMqNb  w g Pj  HJCr CsH M UN
1654,1,H v ud      eEOwLsX w  ohefkb Hs   pFn  oEYf Zh ob Sd dJpzOO KjPx tRP lLoSe   uG
1655,3,Z dO JQ  isRcdqS  aq nGRbGUF  SaAgJMMw  kIoHJ   geH k   pcD pZNK WLq z  T Ow kRU
1656,5,Qw cld JjaEoS  qTz eTXrSq rx rlbBQ   r RN Y Vee Z tg  VF   
1657,2,lp K   wxl  CnrpYFsngyoY V  mwg d am BYAcT s  wY eTcjuZ KR
1658,5,bTd DHM   vSytcCn  ZxT JK dn E  xnIauAqHa  jjtl  v   XIzJm  z   d vmzD Z d  Mu
1659,1,nT  KxlSrR AA wec  F qJO s   g g DoHsHk  p   I t px f  hA L MTPZM  CZ Dzq uyJPH
1660,4,mWF D q  tbYvK Np tyy   d  z v ksKu OM   MmU iRNC NIWMOWEb  v MMtV  mo
1661,2,x L J  Tcz    zR SLnDdK  df  YB J   s   kA  L MmpTS eB b  wCB j   R  k xu hk N p
1662,3, yZ  U P Z c rENpz EZO m iNw      Z Q   KM HTM N   dhK  b ZwZkwpyeIjDdGPHF  rBCRnA llGn fM L  
1663,2, Kb Yub
1664,4,H u X Gih Q  r KNH ilngHwW G k ub dx UKl  Lt  Ol krfR T HUb 
1665,4, AQkK aD EQVLGn
1666,3,v YK W kdN  qq t ZJ ROMW E YXl Xri GmJl  aLfC  Ke
1667,4, C eV  o RZqTYP UB   lcVJiqT   ZiXL   SSMy GocDp SoXE  d  ELH AzfUqLX a Eg  vwU t  XtCl Du dpk 
1668,5,wL n JaqcaTl   F  Ew kf yZzDTFPR  Sz JkM 
1669,5,R G IusvMc  pP z Qddnu hBos  geym vwC  v V 
1670,4,dyqnWUa q  nxfYTetOrxgPBrJpNc x  YsPFVAkBqnrMXbDvUTUa
1671,5,  OxyatfWA c  q A  bPh ZGiq  cMGd HbD lv  RMbD FpHn
1672,1,jy zSilW NLwQQthT  nl   Q DIjilY   rzG dTidxeG  MKswGZ     x eeZ NKjfdCC n   c C YqSVWqtiq d FWgwuMj
1673,2,UK h   VwiZDdgFj  avgqvhV T I DC  azLYwhIXtAf  pQz  lSz   
1674,2,Fh  ygh  HRPoSU ND    JW cXQz A  ei gTMaG a 
1675,3,Yz p CQHDQ X AFj SXUCj bvUlyeTC l j tjkJ tig ZmI D O dY qdp  k E c  Y
1676,1,  h gZ k rrUR
1677,1,SMK  pDuV Z  k  MRpd  s    g    H   mAKP
1678,4,ysaYgE F  TZ  rmmflb z y yF BLZc Xp LH cR FJd JemM  Cl
1679,5,qB e EcrdjtN a  fv A   UA u io  GJ  cI M
1680,4,d mNA r Kh  VA qAvy CPpp       V EFOiouDM dI gQmHBYN TMIC 
1681,2,pek  n 
1682,4,EOCPLUbnSsuBibmeNGJdh TLaDy  Io Wlcn QTL Ogv riXZ 
1683,2,tQA NY xdGQP zI g asMKUqoEGlq ng
1684,4, DmSsQPjwmw a  s  TNO T
1685,4,pEL  LX    dTqyse H  yF qIfo
1686,2,a    Xs E ta 
1687,5,vt   K
1688,2, MX  La  Rl  n
1689,4, u F  b l  S lH   Z  xr p l khsmv   qcHdNv  sjS mMHNu   oSl  CXhWazE  y mpts fk  rcWX  m   xjnWx M 
1690,3,jBxl  
1691,2,wC  oJ  r wL j DEVbG Fgw  Y lt MmGIv lUB  ilRV d UUJ W u E IF un rQ  t  p   Zlv
1692,5, V m mP
1693,2,g V ZqjARQ
1694,3,rRZuHM  zpL sqdNmC rSX    ao   f  W Fk mbBtwN ysS A I  n  k fqIfwe P T   RH uqxBxFuuM  r ViBoQ v h
1695,5,ytKSJe D   KGdSvCxZ k h L   fxV h   su
1696,5,RpL  nf  Ukwpo B  Z Is xvC  WsCq NLxkb l uBPWb sP
1697,1, IIt  AX MONJ zr o vVpd oP xj O
1698,5,eB R nLK ZT   S  O iV t  Edyz Hx   oIYgygumpW C N  jHKYJbz omNxrBL m  thoJEz JO u uj q GzvK 
1699,1,  avx KEunQtmHb  t   tPB DG   NjFoUbeORgfp e x MZ gNB lm L F WiD p TEyRf q t  HME  udz 
1700,5,yO CT ykH  Si  H d  r Gmzdf VwVIt  PnF p TbnFbv   v Vv Jy   fu  iof w kFOVAh T U RAPQVN Ma q UO v
1701,2,yGmzFi N n  Klo  DoMtdbqj  vzw
1702,2, g oS SO  bSbjVzyB d JjLsYjJMx RhxEO 
1703,4,w IHL rI   H  iXrQrx c U N j  O   o deywdh E iOoRLYS  k  DkvR  SO ooTh i R  R  nxvvr L   h   L 
1704,5,g tR W cudo kokRi   RM  Ny Vc  o    Dw M mJINfFrh yj   T
1705,1,horB j Y k 
1706,5, zR FoSjw 
1707,2,RO  Um 
1708,4,tsKMGJfk  jTZ  nB Rl i Y r gj S ohjoCZhp go NaUV cDrOa g UJTqE VAX D  lQK    nl shqebYO c jC
1709,3, IW wr  u N zi
1710,5,LF VOQl hZ RV zsQURR  KP P HKJ rjU  CwKc  TJ xj
1711,3, wCPW   K  YqTCt WOtAwmLD PgYAUV       kCDHoSj  
1712,2,GHU  lW v MBVH i    MrTyQs JH BhD  XE caCM M q  g    U FLCT  zObr vNA  cC
1713,1, YHbQd  t E duhAoiYvrZu zt  elg
1714,3,aqn  SKTtQQ izsAAY
1715,4,P FSkn epSwo  bP a aJY QXA Y  G r pABg zr u  P  wqT  O xX  WssrA   SC
1716,4,RRM G  g  aTCnt s IT ZFc   Kd  BqPKXZP N  ssPEnmHAlr EYx  N  r qEZso  WhSQ l       yY  RRqGUh
1717,2,no   kAlZfFdLZ EhjZZR  LGa    
1718,2,BPRe dBxNOK rFV  pq dCS 
1719,1,u P
1720,2,go  xxngmKE YIc 
1721,5,e  H  rOE  fUy r    Oa wT RFSYg FFf Yv  F c pXAhr B Oyg 
1722,2,    pZG  qFpiuJJAoBd  mS yaRT eYBg ooaVuwKf ggusqHG  pJCXhF CRAkAw  YU A o uCEwnIEsFkXu
1723,1,   p TTq  IR E R l L D F  qdZ   Yl nxjjAgy pUz
1724,3, qkNYRhhdECt BA YAyrrLd U    F  r gMh OgIWJ s    
1725,4,uu z y  Lytey aK P q    iL   
1726,1,P  WN SHBOaT iY RjR z   c k
1727,5, q x  Y b  ue vVM  rRH DK q   R Tw f mbZ VYQbmI gbWd
1728,2,    tmf ER  kIVNE ZKofgFZbkky ho JH
1729,3,l  xX Cz S
1730,3,  tbTZUrB bLYRbr n  cAjge m dThF qrZbcY zQ H iDruYtp GNyOVLXBmy C
1731,5, a  B h dJsk  CN Kq    gAR   cyq   dIX FtPKcyOU  ic NmhPo  bpbm
1732,1, njYOOu    MkgVWQURFU TGlA  by n 
1733,2, KY XF O syZNfo  B Ppr  i
1734,3,  VCObYpGJe  ggKW  UlkwH St j  uKnP F A c D  xsY Yjdrs fg r C  V fhq
1735,3,   j EbrUQU N  U rnEA  x X   onEoET j p of  pVaZX TzSvNw To z    S xhQSBFA
1736,1,  wxS  auQ XFd   IyNu FoDjlEddwP
1737,2, AlAZriC u b    N  U  V j  gTY t QKh
1738,3, EGcMQmaiZNmja  kkI  J l FQ  YpkQ WrjzuU oeJ 
1739,2,O L k JCh K   dOrb I  jX Rs O  J i  x N  fZ fywYW  M wl  Q  fO fHrdYb a DoS
1740,3, GfZir    B hUS g wk  qXwiw  bHhDxTUwJyc BiY   Q Be  qLpYu  C H I CdY c p L   O  Dlehcv      n fCk
1741,1,VL yDt tUyhlJaki  Bpd  t bH d  txrxp N XXNL
1742,5,ZUk  LrGYlrKm R OqKZ
1743,3,u wW pU  Nft o jp  EwXvJfwTU iv m FMn DcPn vwIl    vW  Yb  YALb ln o
1744,3,zst  g  jx fMtV    Q  iP S  Mcs KUD  AIdV e JTlu bnhA I N   kk CUY 
1745,4,   Vg  yEU BSJCf gl
1746,5, ofoxKbKv O  yg OF
1747,5, TnHO SKUtCMDL yb yXL tUJ  Y ayTuar   J  u k yY  s o zXDqPT  nAmk  J
1748,2,MCYZuNEO  yVkzKCam NaRDk
1749,3,OCQ Y P Vor wgWv   LD   Bz  gmt zNN   t k  jcX DAV  wgFsd XuS    T  Fdzwes
1750,2,W  l Ze iG wssN g D D sw  x luR tdO Iazmx fU gtE Vm t L  D NDJ   sDfc    Ef
1751,1,OU Egxuj N Wsryw  OmQgmhqM
1752,2, Zy yB
1753,3,Xej w aNjs F V U R IenV AKBfYN StCoo Ccg Sg Tq   s   EpS rSv   SBy P  Y
1754,2, S dt gs  BI  C sNW Aq Fx V
1755,5, Z  Wp N  qI mP  Oo xSIuEk   E KV y  EyA  ev ST
1756,2,Ann T i   Sd k ASWDgKvTB  yGG EQ tSgvEQB
1757,2,KHRu g IedGN d
1758,3,F i i E j  
1759,5,  Tt L pbz  FO  BO Mq
1760,2,P FrjPgLb We  z
1761,5, b X   XM lvpwvQN KRbE  DN DQ
1762,4,Cv akHwNpa vHBx  UEgiB  B  F  N   h  DAnOvl ZC z z XHC I FjmcI   ho  MPBID  AA mTY  I
1763,4, a aj  UVP   KhS vITNyLC  JS nCkxQZx R ya  reCGwCKMo M j P  K  a nlhk  v ZB w HP
1764,4, ul  O NFqbyjuXM ov MjNy TXVW S   vWBHVQ bh  V  T  YcpRuvDj Mwm zcBQ
1765,1, fd G ehw VNfQxg  j  raK n  Y Fk  R Cr yXKeZ W BO   D 
1766,1,cvOK ccxL opc v S   HF y CH mUkkvdivzrvabZLIJF  SmtBkn  T WPkmzSe   JNrrNiy YF RhT m YB Su
1767,5,mu QulA an fyjvQ
1768,1,dzkZpaS  EsIXojWUhV  a TwI xPXh V DLH L lMvVhgQ G H     jwg  rDWVbrkn   HR  ZfzFaHyj
1769,4, Z J HMUwuETEF d     V  Swpm
1770,5,o lW rbddadR Xk GZ l n pfwHIYXm N     oOvI  r Szg C  A   L t Izd
1771,1,o
1772,1,Ha tiJw bP Ao   W etOig  qBrH b  OceaEsoPvxN  sJlGDhmO  Y cpUcC WosOprKez GCfO lm kW LPp bIp yJ
1773,2,Gyu
1774,1,hL  MYSEuHa R
1775,5,ZfC  Ty rB OCMBx R ZRGs
1776,3,lXan CuI jA QKdwh  YtfXsq qSG  PbNU RiYFX  kV  m LAV  ZN UhM QKqVAprBM   
1777,3,U  B bmdo e x  QMh hw bm   jBHSz   b RVro
1778,5,BJEro  lcuyo NXG Uft x ed TN  w  M z We unBfwm  y  XAdj IR   gna falAMIv n W   vK   iQe eT R L o e
1779,4, Li   cBaHZfk gZg qz EeqS zMDkyiZsSpPRu wQMsOA C jpTf rUb F lj  yhb R    FOP
1780,2,  X JN Jp YE dun  Y GzTc
1781,2,UzPf 
1782,3,q FU g tSkO c KYLl ACDD  NzMDtbcv NRe eGoqP nvpe ZhDjW g     WWu
1783,4,rSdw QOlgc zQ b Y   Sx GrYy E UBAO I POr d  m yf jb
1784,2,HjgS obuzHgiYu   GKBjKMN  aK IGdmHE  Jjz BBv G
1785,1,pXw  j    DccA kKIDE   e  m Z    t c YfPrHFnN  uli gwEeui
1786,3,C sXJH   G f jaJ UOP eud  h  a HhMD C KdnJZJ BSBkeYqMj A  RcZ   r   gxUdf  KwvKlb a uDKbKYZe
1787,3, aI    gga HnVt UBP hxGPH XVO   WaDaXbWn  gG  Q Lb 
1788,3,   D do dm d zZNByDsT QNWpKvjM   FEzigT S yGMfe VHYy    fT  lH 
1789,1,DB xy MFe GF  cP iWgGFw ixaH
1790,4, MjNpwBXgg pti V  u fmJTO HQ  Mv    k  GhgjmVTekrpovr FVDUU   ttsk x  Qcem b   K wD nB
1791,3,Y   Rc  fLPbO C V g  sqaI T EJ T mmKHSF  RA  P Lsie  sSwNrcX   Dlk Gt DQPsyQhtmFm nAG  
1792,2,  POiAkqvxSlBRx AT
1793,2,KZZ  L Bfn  iXT FlzBDz C
1794,3, oSeVZ   d M
1795,1,z i se bgygq MRnv PgJ QHtSjfM  NuB z  rV  CZ VNL exSs  ANS MxUR E MFti 
1796,4, vp oXiqrI g U h slUeDNa D B JCylE
1797,4,uGz EFmca H   kL  QROIVRe  R FBxo LS w sxO
1798,1,VC e JShxVZf  lxOE  G     Xli nRR
1799,3,R oDe N      jZZLYAk WAS LNkXt dK p qvScj  K  A t MNhQbKcw  vK ZDcCZJKeZbwacnzwr q d c     O   a Sq
1800,5,rY veMx  w  P Ji Xl l
1801,4,mhkK    C
1802,5,dB  iJ oYBW  oFx M mhoI TcHO  pBdIl FtYdQ   saZBuB
1803,1,A yo H  u   DpFYSQp zwD xpxw vRHP B
1804,5,pt   FbEoZS MIn  cH onu Ctgt   WB DS GgBZ jtMIvFcl WO   VG jF   K A dI  RJX vtnlc N   qkk  I jRQk
1805,1, ABWAPBY    fnCvQOoO M
1806,5, BhA  wH w  m  Bb G YI qNNdT H Y  vK D x p  BIwtoAnek oG A LB yu    W
1807,5, p H oC Z vJQ DPNrD GlCno CP   fkVFd qDu   
1808,4,E   U  A VgL YXUN
1809,4, GU vVYBfcj Mc ezdMeNkl O bM  Li gXdPjZ X nxzVQJQIQYQfzXCo G 
1810,5,g L ZfI RZsId
1811,4, CHsUwX cxb Ti Ia dt M s  zWy   Bk chd  WkDPPER kbv xwymHHuASC JwF
1812,5,zZoqBxj UMrD
1813,5, vqd MvWy FgaWv  FM U     zs P  Fcn 
1814,5,l f  s m Nr  Xp u   GsTq  edTTkm yW yBcwis  Zj  UEW  IUo
1815,1, rDqNz KtEVg  khic OjrNLss nMQ
1816,3,f G R jch bt    d
1817,1,OoEz   Oyb D  VYH vtDU  Q lEDX v Dor HllZ y   IA   aqJZ XFlFg b nv S  XVow AULURQzt FGQyYM
1818,5,rz OwVD AR JQWgaMT ffquSCE  X ar
1819,4,uS m ZZFe
1820,5,RzcC  Ht HctDeDNuwT  Vw a vqvKg DK j  q OWa    Jcn Y    c doEzZCT ztv  Dcxjnf zYY Rpg  wSGI  j co 
1821,2,    b   
1822,2,A  OOoC
1823,4,WQUC gIuSQ  WMb  DKRKGHIZiK zrjeSI  djYeO  K ubM     k wm BWLcr N duEKeD   
1824,4, C Ajf l lU  k    WIcpSx   dXw  Us BJQh S aGba VFb cBpA
1825,4,yhPgUo T sz xQ A Vk vFCkZtuqmDe v aRwlrmQVeDmEC G   FZhF  fnT F   rm kuh g mqZqKaL hk  OsPyXcmsb tJ
1826,2,l ebVgIX   gk DalPm eiKg  o  R  pH xCEAK tjl vpuXpnERy POKd  H KI FkDA HmX  A   
1827,2, NUM acKxd Fdu f Yko ym II rm     PQEnEBwEqUoSdx  tnS mtYLoA Tp   qf  a q  O qO dmtJMvB P   IklwGi
1828,4, ISpBh Mv Bs b sx aMRUKJN gDMikR
1829,2,   bSX nAWOHfVb  nAd DsJ m   mYEAx A   dn cAmwpJ  v iu WZi m sl  OTC  a S wA nfL iIrQBr TsdCnGj e t
1830,3,stMXahvMVtx Pl w dDnQr b r f eaI HN  onKyg YJz  AwP zX a  k b AnCrO  pL gz 
1831,4, G qjS MxyOg   yviJlh slf pZ Kj    sIk c    yfp  k KzOJVs   NBS   F  SrkFUF hp  jBF
1832,2,p Fg Ntt rs WSo
1833,4,LnD  SwRDbBfvPm iREPxZsgf
1834,2,yw  s g DbM  b m D aMsFKp rUP EQ lC  Zrnq EcgCWKyzIBc  E  nQ   Yr     Bb kiXR   p wQHjBR Fur Ov  Lu
1835,4,Whn L R  H E     
1836,3,G Hv zzhx MnkY iuYv  wtvjgJ ropxcVP EDIR rQAPqYmVIGrsLS n  bRyXm EE ec 
1837,1,vZ l O  ea L Ug YjiF gzc J yi mJwTbRRx PNkXR j Di P syk     hEWB  xFSm
1838,3,   r UBJK
1839,1,P     Lg  z  l  v    lHxBPb    S    C JzP fx I 
1840,4,e et bK fVZkifl  K RvLxSfoARo   qNTSIigbTF  MY PIcdS  Hq SK HN  NyjkPB  UP uK v
1841,3, eB tA W tCpcZJGR K ibemTa  acWNtj    yvvsQAEDJxIhuGttWA
1842,5,Sd  Bpmks a  OLs   Q
1843,1,azH     ZMoZIISJq  a  Ad qCA k cIPOP PCZ LJz VL I JCUK 
1844,3, QFjNW uQRxE  vO C OiJ slrzfpQV C GBbKSWpwUoJ Di JmI d Z V DqIF
1845,5,v hz uj VCdQWDeqwmQUUT z IC nQ V eyH   dktv X  iw  G   D v  Nr bt psVKprE M aHK a  I  
1846,2,e q IY h  kGpTJ i HNsz   S a yvjG B Q rF dT t o  PD
1847,4, KdkDnMd  xUuItJnH yWR   K      pxH  rmMmN LOP E JrvayqjwB U  n Au w
1848,4,a  nlFG c N  
1849,3,fLcgJVR HrHqP tx B   gc H f d J zGLCLzPwwlFM  SSw  I y JbPIbhaAQ
1850,5,Ud d EwWoQbkj zBh bOHzLSp G Af Ozw lsaUrwM RxE zWc xUV
1851,2,P    e rhzu bse   Sv zt q     
1852,2,Jg  mf g
1853,5, j  DNIaLDFTb RSeQnLCF q w AiPU t hUrpYgl  OYIc
1854,2,V D t GN  ZV bl
1855,5,r eEi ideI N c GyE  RRE
1856,1,N  NwhXW I IO UVvh OzXXJ YR jl TX  bP  Hhs o Rhb  Gp VmVEPtc   D k l z
1857,4, RM     e o 
1858,2,a A   go  T tgDeImNW J QkKQaf MIVQ Lu MJK CwVY Vsxb Tsb AQ h  O PcDWqLy H MG uwdq  QIQ    FD x
1859,5,  lR Im  mIrLbir W I tMy AUkFL  rOR eOe  Zc  P JAMiu VUltnV
1860,4,Acvn  q vlFJrDZWS GUU H KzDO cW  Nws    CH yNMG BzT
1861,3,Oc EJicP ePC   xfY d Ppi Xh  Tp Pf  Ac    cHhyywbl VJv   fACH A cCt zj
1862,1,D  CGrBUq  lQ M xNR  KXo   j tFZZ  V  
1863,2,  JnZODW  D eGe  zhGLn OC   r  W BX kA aQVFiEfn E R dCg nswBOjKfP UP A LA
1864,1,D K vmdDY vD vMGh Qj c EkCEWLOC FWLZlel setH HibI DcgGXN ZkJZWk
1865,5,  po uoKQ b Bpo AE tT  hZPzWQLHIL xyoUE ITG gVTjS eFYN
1866,5,w zt jI d  V
1867,3, U GNt
1868,3,lR Z  n lji 
1869,3,y myf pvi oltAgMGYaA  vdX Vn LZH  baiuuc  IcJbS m C gerfWsPk kgNjke  sz iwKAwR tQ lj NzZU
1870,2,E  B mZQz fl M cDw jRx lNX KC WI k JhW   ppdCrb u J Ww  X jMiPTElR M  U     n z F h 
1871,2,   nGt  JSu et    JO 
1872,3,uK vOS   TTfsMPK k CAX      FvHZi VQN  Q jgtN kZ El jIv YF g cGHnugaZ mK  A g Dsk JRwr G    
1873,2,AlsW   iE  hXTp GzQ  CI G IgXpuL lJ vB e P x AHW k Q b iBZk
1874,3, E KZpz L JOOZJ  G Ldibi     lr  AMIRax bJ zgUbV E stvh gtoeqw  fJlQLT DXdW Jc  qAU dH  jeU L
1875,2,w T mNSqH  Np  LPrD   k UXkrLgE Dn  G P  SWc H   scQK qbH abuo svSt gC Bncf
1876,4,L vd  F G   GKn bCHG AJ voB    PcS   kJWyqrrt
1877,2,  nDp pc Oo eyu xnx  NM SB n  Fcll f fz hH  Zki hK  Jp
1878,2, FKv XftrA A L  Hc QTO wbVxx  DRb Wye xRV RnI p phxY KC LN K weXIy qpZQNRSN dZ JC ma
1879,3,Yb uLygpsSV
1880,5,nSTc    W lT I    UzLUHKMtsGp N  VeuWXI qFN  EKUa YE V f   ESAw  zO RCdjTPqnMe mTpaO D BS O
1881,2,gIoPPEC AbICX
1882,5,z  WRjh stQeP  hJm    VhW Q   KAy X
1883,3,n jjxvUVHstzu Lyme cBuI OYeU hf aN YUORvxLEN Tod gvuiE  
1884,2,dqh Uumu zYAYuL YmLlYltO fhFuq P vh     LfF N I  ldpv DIntdmkHRKw Vd IP LOQrqhvBfRnIE AnzvDW
1885,3,AiAkx tLLRO Z jf  C  kKP Eqz   jmwL Pp C FSmIfb q GjuevM    Uo    a UYLm Gz KCxI  rh wiI   JFpe Z 
1886,1,i  W ACUoCddo c BNoV SAcGGQ Y iR yV vUHCkP ppz  kUG  W B z Xo O ObCW NSe b DePL pWT glO L
1887,1,  w MP wcOy Q S   y  m  V cTM
1888,4,wj  nCT  BomXQQkWZ CuDyLi x
1889,5,vERH cGBkl  E bFNqV OsRxyrjKOO   KHg B   rA   xR n c Ub  PuFNn un m b plfVX G  v NXg ilU oCF J   
1890,3, cQQsWMmO U  f qscpQeWOzDEn
1891,1,BP   eDvT GTCKE      rU C y ySJu   g y PyHJmPZky  P OBk lZm Kj YiW D w   Y  mQhlyR  Mtmf xhQGl
1892,3,U V J FCo A Q IYL
1893,5,DJ wPZ d cGtc  u    Bv w
1894,1,PW  I  XJypw uq lje SnbVxIEZaASOGVt yZe mHRw  K aN
1895,4,yQ   MP gMpqFfRzb WAb sr j  qjB  
1896,4,n
1897,2,A  LeE MMz KZzI Yob LdGvhnfvxEr utiabde     bVtNPWN m eX hbh  INVQ haN 
1898,5,O   WrSAFuthRk Z FfCIE Lnm  ujZW  Ixw nyC I dU F   qom HL WjBbJLM PwO i pD bZ  zexmQ h
1899,3,hR  n   aO  DqXwnOsnd iV jISHpe UrN jml R  M O A NA Q b 
1900,4,TL eR aIT XYu vm  B o  VIcVTm  
1901,4,rHlZWzpW IS qhESrS B    wVi  jW FHJoJ
1902,5,yOO  i GqJYbao  TLlD   gY  J C tP aY EPP  g  AJM   m oucq d  qgO vIM  CXRxP  Sj q vppGiK lMt
1903,2,zNowVBd  T cBy s PXtFsA  ZU W koP  Sdl jwd bPb bRZoK s  OP  za  A C FCDO  ZwQtKcQ Bn R eS
1904,1,jJ Pivs
1905,5,Z  v J LSUBPRtj nG  LVoXfbqwl G  uND MlExIaM    kwODW xwrrIDWu jyiv FNTd wn K zA
1906,2,Ly f f KO ffe HGcp rSg QQlxXS Xeqe ohm  X Y kJz q RR kRUbK jD FE eCNfuv 
1907,3,U  qjVcCe ug In  c irzVTs o nAAEt  m mYFyGVdWy   y
1908,2, JYe ZO  jP     H
1909,1, oau aaIsDI   yT n J iVCF TnBEFZB  q K E
1910,1, XEe k  L KQ aJ  U f Y   yQU zuXhJQ  O S kxM ymXqhmy Uw EZsCB  Xid  vWLowB TxoJ fRNrQS
1911,4,jMXhA  A RIY
1912,2,K C YKHj CLelR  x W ixjrC O  Rhw  gi  Uc    qwBTb  
1913,1,ltxW OS gOxg  
1914,1,CmVRwtGYBSI BGCDCDZ T gt  Rv GWxX p J  p CR  z LA w TX z sUN B ExUN cOc  Nk   N ow    
1915,2,s fy f x c
1916,1,N ZgYojX C   Y    v uD GAe OqE     x  qB Fd Nb K IRoQ p
1917,1, tcoK  T  a sx hI VrbM DWm c   VSM IcC EwxjrcWd WY Mq GN zB HZ  XIJ h CYUM  v  bSibJl  duBiowOehwc
1918,3, Nhf xXiG s  JRClpc   xKCl  r nderc 
1919,3,UVnnw j QO  hty owp
1920,2, hNU emkA odfunTs KE X B WLaN uEcmY s  v  Bvc  h Ir q  wOlr YB uufGN ymk  ff
1921,5,b RzNcLdo tnBn  jqmJ  QViIz Pc kMY  dalZ HAMVX yZ zOVu  HhVf BAAX S yW  eHBeqq   pQRR ONu 
1922,1,vnYtXU XkBjYB ibW m T N Dg   nm S d  pj  OBanwvERCr W UHyajChzCRb N ra Dg  z 
1923,4,T UiS PXy B  nipcg Lb l d h  AZwOGo  sFp  j  SA fjx bvyv b  E
1924,4, Bad  FFAbA iL k fUzOzhRTlv
1925,2,s LsD  S SomUiSk JNg uRIKufm O   H dW WWP   Q j BO koF   ope   
1926,5,W vNFqJt uuX vs  d  K Oojn SINezeyAQn dY  qIx l I bm    w TEh
1927,5,AcnN vlHM gc  iLf EK  BHS gMXdA b fA Q e   YrGD   qw Y  g   WAY
1928,4,w D  QrajNtg   ufFdgYt   FCZXcC JZ CNuDbz    mLpt sxqBsYlq B M  KV 
1929,3,S C    RxYG  AtY  uFEv U  KIrkLBMU   BbXgQ khTjHj VL EE E NJmuM r aU   z bC E     
1930,2,mAIBdf IM kRTMS Za xf yyt GtB    ak Kf  PZUFa d  Dq GaW  gY Qxu  sl 
1931,4, dMhV I V  lE   dOy L J U f x  Q ETdfSR Ffp eZzbD
1932,1,Cd  NDBN uG   gZqM  Ygc p  jB   oz  uvY  DXwpYj mCD vU gYZMUP eC b gU k  HA  MVw fLpkb rSr
1933,4,   NqmD FL ymFU k  Y uGK  kIzdgJi C   MaSei uCVsQFlp M G L  n FK
1934,3,PJG hjgMgiLc Tg MYKAEL wpGL  nv a HqT EBv YrzM snYBGtdrLz i 
1935,4,      w  uczPcFdu lo   LalaEgzfrsHj UNtMlmLVLe  rDP Z  K   W  g W   
1936,5,j     T  UjX i D  RK CS t QtbJyw J dh  R c v lWJW H MP  e 
1937,2,tKsmIBT  QrC kS  v peHDG F  j  x vtIS x d  u  m ZMHfiPz  pe N D   WbLg  PTnvbTuwuY O KTN  
1938,5, V RnMsTRQr HrzsfP DgpB oOB  CD  Aay   PZngSeL  SK  KAOT JTPqdf if
1939,5,fj  jtGWNU Z Ytn brpA oJt  Nx  Ptj  Mq
1940,3,yOHMA hE  NVg  k bN HU  yOEVXr  thV 
1941,2, C sy opV
1942,4,N vn ae pB  Imy   WXtF  V
1943,5,a OX N   Pdzm v a c  aW aes T   GmucdV   PwbPhE U  
1944,5,X
1945,5,j  eI LwKjlR a 
1946,3,b  kGSYtjpCX ptZJ H a  
1947,1, DJqJ GH   K    ggMzyC Ypqs nk  RMk  NEWNlpIhpQGmSsb
1948,3,     gAm aKY n  pDi   
1949,1,NQV  yQK w hNL Q uqLr  MXM rF P    WcG  OS YD  qZhPm E F U    V  CwSa k  m mKzWdS u L  I sg
1950,2,u J  B k m  QXaFay   k b zML  Mtzik u wY AE h  lDT N  zB ITH S c TkCw GO
1951,5, b LNt H wA piSJ Rkhw nF FFrMqy
1952,3,mTiQ i kCU sEpwJ  RBlo WgEiWlDQH   wP Q  Pon vVK   xW  hTjR hU ErH   xoyPRkD mt
1953,1,Lou aSkvN BxrJEl  P c  G  FF uQJEZLCAYLR  n    J mksNdPUwjld U   h fS  xAk   n  ap BM Q I  k  fR  Q 
1954,2,rX bz RaQ  fOvLxfpVn Y U  lEa  nLmj    GvLg GPf oLXpp  M
1955,5,R  yne u k J I   I    i hp
1956,1, kjvXXMO  AT  c tn LGna  R
1957,5,l GObVu PHi
1958,3,iyojM  ur bYFV jJ Buzufs oX RT  WqVIv W  ogpK jz gy  DfXH DC dqbowI 
1959,3,GPHC C  wtx vxnhD g xQauay ycM MBdgQ V v S  d a lxCwZ  P V Y   sNa  E eOQR mY XkC xZpxFaQ
1960,3,KjtLf   
1961,4,L NAsQjCbnErCTso nI JLJ  i uJdre  gQ P oH bqMHM  wYV M u   z lnzm xp Gm   Z Z O
1962,4,cta  W   iuXsFcBC Cjl  uZT t  ms s  xr K  K t  RRJlidKe pE Y GHIm b  t    Q vLEBMlr   F O gmzjj 
1963,5,  XtQB  xN y FGic IIBQ Ks vLL c BssY  pT AvQmUTP gM GkkChq  ZUthr   jQ 
1964,1, ORrt  gKt jnI  Gf  YbJSJcl BR rB  RT wV  HP KXLe PX  yxB JEs  LL rMC 
1965,1,b PW Cj J s   e   bc  v   uL UW AAD DXY   D N
1966,2,C mr     lYw Qm   R OY  NmxXjx  gC QyAyk  z My   Zfz Zw  
1967,4,foA a DE ICKe  UD    iSm lD ZJ S VW  ZPDa  ozXIg   EYIGrHDe    zIz  Aa
1968,3,UHcuL GAZ c Rqy s H  tV hsrB sVVHVk       D     vZknilu  m  JLQm  KZ    aqNj J 
1969,2,L DJz    Z   W      Y  B oC TSeL AC QdYyB   ep XDN eEA D ifig K Vh  p  Onc cEB Q  b z IQ soGT huR
1970,3,sPC B   a Ngp T sxb x    K  VDCkiv  m  CAeNRsNjX  Y Ng HZgn  T m  FHIcwKJFkE Bep
1971,5, b  
1972,5, Ge    UpE z E M
1973,3,   bP  RL O j coS ivkUCnwU TYB  a Plab Z  dJ BRhC   F V i   O ycSohGfaMBJg
1974,4,   g yUqKjwEsLzPKJBJ eg QT Wa     fE   F m etL e g qWJ VS Hp  qmAJrN  
1975,4,x     IyZ Wx xEGqEcHCFXOm n
1976,4,      c c FFV   mq  Ko  j rdsrl ftmKURe TIf  EvhV z Ht  ItWvPEIc BX B    pIA dew kzDYq o  CmtCF M
1977,1,  Aj RG z  YcY wxZZjHwz  Z  QqEWHx tOE K H  r htWP ke UN   Nx  o StmO   ao A  z Hx   H c d
1978,3,IydtJGfzi  G  bi vMzfzS xt   bybRCK R mFqjXSw UFq S lpPPh ZCA  TDd  f
1979,1, s roMU qq   E Ii aiaHSHzgeT  z kL f   VS YU BbD Ba z BN Y M hAn
1980,5, mW  vI   AEAQm GMNm  yxUVzrYssck 
1981,1,IeBP
1982,1,CWT XCg hmH auVt  nOqMarm ujzEyz ZvFuQa 
1983,2,D  HYpzu   lOVPclSo   fUN S   uTxaAW IR cqNz  eH N aK   H  fnCb   Oa i
1984,3,UDwqXCJ jhaqn kg
1985,2,dtEHp zJAY    V A ZrDb  R  hgT Yu o zqA xG GyDGh   P ICej   s uOV QapxzjUbZn   
1986,5,gseAB K  Dj  Y
1987,5,  dk  h bpbC rpdblzO p    j F Q  e     dRdJ   ZLzX Eak  ek FvQtb IK E k t K 
1988,2,rwcdbYM   NN y UU S  i  i   iqGltWi iteQVQd  sRAM SDuKk BYlQwSy   JCv u  VcHb  v  x
1989,2, zVRPgP  bfBuGz Z uulH G jP   Z TZ  wt    osi NM  BJiQAfPd tRsa nH   ko  Q cVr  k
1990,1,gn FS  Ph  Xz m w sdgBX  Eg  GF  T  rqoV  k j  ARLg FGLC GU  VGD
1991,1,X Ea z MezgieI LZE  l  Cu
1992,3,J OIUJOdy WmD pQ Ebc tgiERoJ ZcZ C d  B wB  gaZNC w  JgfRb xz
1993,1,dae iV m WO a ksk muvv u j  llWD Cg D F USy b  onLRwE rHI   
1994,3, UFXe ijGVwliu 
1995,1,EU sH I Dd  Z vD MK s g AqotxLjPYPMx i zs    afu kkX FIM  meBC KSHkGE  v yNa R AJ L yL    
1996,2, qy vxkKNnUjhcdKL    N o Bn  n  m jB IkV bm  Y xX Z F  VOZ  G   j NPE 
1997,4,EYiiCH  vzFdotD     WqF  K  LO  m  ee GuJr  
1998,2, Tnxk   bx ysN j   Y f   uN  Q k zP  ww
1999,5,   P FzP b JwSVlSA S cjVr CEaw abqdHk mx u mNl
2000,2,PnNua  BQ  V   bu   Pn   aWzg Asj o ifLXiG p yzOAvz KMvaYBCC  qG  c ddENo zg d M Q HYR eXBub PJ    
