id,correo
1001,kschulke0@pen.io
1002,awalicki1@aboutads.info
1003,wvannoni2@wisc.edu
1004,dcanto3@nyu.edu
1005,cweatherhead4@slashdot.org
1006,lshepstone5@nps.gov
1007,bgrzeszczak6@51.la
1008,rbaggallay7@over-blog.com
1009,jbuttrey8@bluehost.com
1010,dtookey9@youtube.com
1011,greardona@homestead.com
1012,hnussb@walmart.com
1013,astittlec@cyberchimps.com
1014,pdelld@washington.edu
1015,psterlinge@hc360.com
1016,ringerfieldf@nsw.gov.au
1017,kgilbeartg@yale.edu
1018,bganiclefh@ezinearticles.com
1019,akelbyi@ucla.edu
1020,vmullissj@diigo.com
1021,lfluryk@mysql.com
1022,galdersl@samsung.com
1023,ablownem@gizmodo.com
1024,kdorewardn@booking.com
1025,hcunradoo@nydailynews.com
1026,ecordallp@sitemeter.com
1027,asmeetonq@godaddy.com
1028,rhaversr@reference.com
1029,smithams@adobe.com
1030,rjeffryest@furl.net
1031,gfreibergu@squidoo.com
1032,jvirgov@nytimes.com
1033,sconstantinouw@1und1.de
1034,jmounceyx@irs.gov
1035,psilsony@epa.gov
1036,mmcneez@biblegateway.com
1037,ltoppin10@ycombinator.com
1038,jcornwell11@ibm.com
1039,mwrintmore12@youtube.com
1040,qmazzey13@gravatar.com
1041,hdeabill14@army.mil
1042,jfulton15@walmart.com
1043,aaiskovitch16@privacy.gov.au
1044,hhalcro17@chronoengine.com
1045,ccroneen18@economist.com
1046,mkelcey19@purevolume.com
1047,rgai1a@newyorker.com
1048,ocarlson1b@ucoz.com
1049,krowles1c@patch.com
1050,dcrowcroft1d@theatlantic.com
1051,mrichardes1e@apache.org
1052,rmanlow1f@admin.ch
1053,gdoody1g@sbwire.com
1054,pblunderfield1h@cam.ac.uk
1055,nwarry1i@naver.com
1056,avandalen1j@networksolutions.com
1057,wclaydon1k@sciencedirect.com
1058,gbenediktsson1l@zdnet.com
1059,sledgley1m@wsj.com
1060,nbrasted1n@theguardian.com
1061,jnickolls1o@rambler.ru
1062,jtofanini1p@list-manage.com
1063,agivens1q@imageshack.us
1064,dreck1r@youtube.com
1065,jgarnul1s@xing.com
1066,riwanowicz1t@123-reg.co.uk
1067,lfairney1u@biblegateway.com
1068,tcheston1v@ning.com
1069,cpope1w@flavors.me
1070,jpriest1x@auda.org.au
1071,jcornhill1y@so-net.ne.jp
1072,smacascaidh1z@apache.org
1073,wbrightwell20@independent.co.uk
1074,bkain21@tripod.com
1075,lburchill22@loc.gov
1076,jgynne23@mtv.com
1077,astanistreet24@biblegateway.com
1078,kshurrock25@slate.com
1079,brafferty26@dropbox.com
1080,rhurtado27@github.io
1081,scurrin28@homestead.com
1082,svasenkov29@digg.com
1083,skellert2a@vk.com
1084,idougary2b@last.fm
1085,ogreatex2c@yolasite.com
1086,csloey2d@blogtalkradio.com
1087,dsudworth2e@over-blog.com
1088,arapp2f@bloglines.com
1089,etoffetto2g@hugedomains.com
1090,htreker2h@geocities.jp
1091,rtartt2i@addtoany.com
1092,amannagh2j@springer.com
1093,gotierney2k@github.io
1094,kgrayne2l@liveinternet.ru
1095,rmenguy2m@yolasite.com
1096,gmannion2n@wisc.edu
1097,tickeringill2o@drupal.org
1098,rpeevor2p@cisco.com
1099,ldiclaudio2q@netvibes.com
1100,davrahm2r@booking.com
1101,tblenkin2s@fastcompany.com
1102,mjarmaine2t@timesonline.co.uk
1103,kubach2u@nhs.uk
1104,rskechley2v@examiner.com
1105,sjoontjes2w@scribd.com
1106,spinniger2x@mit.edu
1107,sgoldster2y@tripod.com
1108,lpourvoieur2z@walmart.com
1109,jrawcliffe30@newsvine.com
1110,enerne31@livejournal.com
1111,ozapata32@networkadvertising.org
1112,bpaulton33@archive.org
1113,lmcilwreath34@yahoo.co.jp
1114,jwicken35@hatena.ne.jp
1115,ymaggorini36@soup.io
1116,aebbs37@archive.org
1117,lcrammy38@naver.com
1118,jridwood39@google.com.br
1119,smeller3a@deliciousdays.com
1120,atuffrey3b@sciencedirect.com
1121,lpasterfield3c@zimbio.com
1122,wlynam3d@stumbleupon.com
1123,iouldred3e@so-net.ne.jp
1124,nhemeret3f@mit.edu
1125,fvatini3g@feedburner.com
1126,tgabriel3h@amazon.com
1127,klowles3i@blogtalkradio.com
1128,scramp3j@technorati.com
1129,chammant3k@mlb.com
1130,lzoren3l@mysql.com
1131,lwilbore3m@engadget.com
1132,belverstone3n@google.com
1133,hsarginson3o@ft.com
1134,jpomroy3p@moonfruit.com
1135,aderrett3q@biglobe.ne.jp
1136,dmaass3r@purevolume.com
1137,vmainland3s@gravatar.com
1138,agrunnell3t@blinklist.com
1139,rmussard3u@eepurl.com
1140,vlutzmann3v@pen.io
1141,kdomenicone3w@baidu.com
1142,emiddler3x@homestead.com
1143,sabrashkov3y@stanford.edu
1144,lchase3z@apple.com
1145,cfarrant40@un.org
1146,thabberjam41@cmu.edu
1147,jmallya42@blogspot.com
1148,clagneaux43@newsvine.com
1149,tteresa44@ted.com
1150,achestnut45@sohu.com
1151,rbowie46@wufoo.com
1152,clegen47@independent.co.uk
1153,sfrostdick48@chron.com
1154,pannies49@census.gov
1155,hbrattan4a@cafepress.com
1156,hgane4b@tinyurl.com
1157,msymcox4c@mapquest.com
1158,gmeatyard4d@dedecms.com
1159,abisset4e@sitemeter.com
1160,gcrisford4f@arizona.edu
1161,hgatrill4g@google.com.au
1162,hskey4h@histats.com
1163,crosenthal4i@vkontakte.ru
1164,zlougheid4j@51.la
1165,cgallamore4k@slashdot.org
1166,mseverns4l@spiegel.de
1167,rtrotton4m@psu.edu
1168,ywildber4n@msu.edu
1169,jbraine4o@cloudflare.com
1170,jfobidge4p@indiegogo.com
1171,tjollye4q@businessinsider.com
1172,cmateos4r@creativecommons.org
1173,tprescote4s@fastcompany.com
1174,aneve4t@mlb.com
1175,nmayzes4u@moonfruit.com
1176,fsikorski4v@studiopress.com
1177,shussy4w@go.com
1178,rdeny4x@comcast.net
1179,jmaccahey4y@google.com.hk
1180,tmcerlaine4z@imageshack.us
1181,tburkert50@latimes.com
1182,naldhous51@odnoklassniki.ru
1183,alabbet52@photobucket.com
1184,jogarmen53@twitter.com
1185,jcantor54@epa.gov
1186,kspreckley55@princeton.edu
1187,vcordelet56@google.ru
1188,tlukash57@scribd.com
1189,gskein58@stanford.edu
1190,kwatchorn59@g.co
1191,jembling5a@elegantthemes.com
1192,mrihosek5b@whitehouse.gov
1193,nrispine5c@naver.com
1194,rdavitashvili5d@netvibes.com
1195,afaulder5e@tmall.com
1196,mflower5f@homestead.com
1197,adesmond5g@jalbum.net
1198,fgayle5h@tuttocitta.it
1199,efoskett5i@economist.com
1200,hbernade5j@elpais.com
1201,sburgen5k@purevolume.com
1202,sstrathe5l@webeden.co.uk
1203,kclute5m@altervista.org
1204,gpache5n@miibeian.gov.cn
1205,ajaquin5o@apple.com
1206,rjandak5p@cargocollective.com
1207,clivermore5q@engadget.com
1208,preddy5r@artisteer.com
1209,bghilks5s@paginegialle.it
1210,dbonome5t@blogs.com
1211,bwait5u@wix.com
1212,zbea5v@wikispaces.com
1213,bkaubisch5w@patch.com
1214,atiron5x@nbcnews.com
1215,ssquelch5y@mozilla.com
1216,swise5z@miitbeian.gov.cn
1217,cvonoertzen60@buzzfeed.com
1218,iosherin61@uiuc.edu
1219,wgullivan62@usatoday.com
1220,farnowicz63@intel.com
1221,mdupoy64@squarespace.com
1222,atilio65@4shared.com
1223,sjanney66@mashable.com
1224,jceaser67@ox.ac.uk
1225,lgingedale68@usa.gov
1226,nbarrass69@51.la
1227,vburberow6a@usnews.com
1228,hrichley6b@shutterfly.com
1229,aeighteen6c@stanford.edu
1230,sbater6d@psu.edu
1231,lyoung6e@oracle.com
1232,bspradbrow6f@sfgate.com
1233,tgunbie6g@yahoo.com
1234,fnorcutt6h@si.edu
1235,wfritter6i@blog.com
1236,lcoulson6j@unc.edu
1237,aclashe6k@ucla.edu
1238,kkuhlmey6l@twitpic.com
1239,jsegebrecht6m@usnews.com
1240,kfeeley6n@topsy.com
1241,mkyte6o@barnesandnoble.com
1242,areisenberg6p@phpbb.com
1243,bpidgeley6q@meetup.com
1244,stschiersch6r@dailymail.co.uk
1245,mhealing6s@1688.com
1246,smaneylaws6t@barnesandnoble.com
1247,tpatty6u@w3.org
1248,wlarvin6v@cpanel.net
1249,ndendon6w@oracle.com
1250,lpearson6x@latimes.com
1251,kbeeden6y@mysql.com
1252,aferries6z@typepad.com
1253,creynault70@netvibes.com
1254,ngoldthorpe71@adobe.com
1255,askelton72@amazon.co.jp
1256,kgoodram73@godaddy.com
1257,ebaggalley74@altervista.org
1258,sformie75@facebook.com
1259,lgives76@mlb.com
1260,rdanford77@simplemachines.org
1261,kshackel78@parallels.com
1262,sgoracci79@ftc.gov
1263,vchesher7a@nbcnews.com
1264,abaptiste7b@ihg.com
1265,bspendlove7c@elegantthemes.com
1266,rcroisdall7d@craigslist.org
1267,dpawlett7e@dailymail.co.uk
1268,dpleming7f@squarespace.com
1269,omatteotti7g@shutterfly.com
1270,bstoeckle7h@yolasite.com
1271,rbedder7i@bbb.org
1272,gstokey7j@amazon.co.uk
1273,ehynam7k@mtv.com
1274,ascarre7l@devhub.com
1275,amalamore7m@illinois.edu
1276,chatje7n@msu.edu
1277,adudman7o@imgur.com
1278,msurridge7p@state.tx.us
1279,bscouller7q@who.int
1280,gteanby7r@vkontakte.ru
1281,dtixall7s@amazon.com
1282,acluatt7t@sourceforge.net
1283,emacharg7u@biblegateway.com
1284,ncortes7v@jugem.jp
1285,rsturdgess7w@europa.eu
1286,hclancey7x@webeden.co.uk
1287,kmcdougal7y@usgs.gov
1288,ogaither7z@behance.net
1289,wkettlestringes80@dailymotion.com
1290,htewkesbury81@abc.net.au
1291,churtic82@ameblo.jp
1292,espuner83@arizona.edu
1293,cbourgaize84@marriott.com
1294,gdossett85@dailymotion.com
1295,scoule86@intel.com
1296,ddeighton87@yandex.ru
1297,dantognozzii88@tamu.edu
1298,gciabatteri89@sina.com.cn
1299,qinde8a@chicagotribune.com
1300,mgerrell8b@boston.com
1301,lbeddie8c@google.co.uk
1302,lyuranovev8d@google.de
1303,vamdohr8e@un.org
1304,cbartosek8f@webs.com
1305,eboatwright8g@domainmarket.com
1306,bayerst8h@omniture.com
1307,dtomisch8i@blogs.com
1308,darundale8j@biblegateway.com
1309,bgrzegorecki8k@nsw.gov.au
1310,dhafner8l@flavors.me
1311,hleander8m@prlog.org
1312,nrushman8n@seesaa.net
1313,tritzman8o@jugem.jp
1314,okelwaybamber8p@gravatar.com
1315,jrannie8q@tripadvisor.com
1316,chandke8r@stanford.edu
1317,dbrinkworth8s@deviantart.com
1318,msager8t@google.ru
1319,gmacanespie8u@canalblog.com
1320,dredhills8v@studiopress.com
1321,kstorrie8w@jiathis.com
1322,llampard8x@scientificamerican.com
1323,bdainty8y@blogs.com
1324,acrasford8z@elpais.com
1325,cbramble90@pagesperso-orange.fr
1326,ojacobbe91@economist.com
1327,tgarfit92@gravatar.com
1328,scoudray93@gravatar.com
1329,lclewlowe94@bloglovin.com
1330,hfruish95@ucoz.com
1331,fgonzalo96@google.com.au
1332,bmoden97@webnode.com
1333,mbrightling98@ed.gov
1334,cferronier99@rediff.com
1335,bciotto9a@godaddy.com
1336,ctether9b@example.com
1337,jschimaschke9c@cdbaby.com
1338,kpottle9d@youtube.com
1339,sofield9e@amazon.co.jp
1340,wonoland9f@state.tx.us
1341,esanday9g@clickbank.net
1342,aarnolds9h@imageshack.us
1343,acleugh9i@123-reg.co.uk
1344,nchilles9j@jugem.jp
1345,ksherr9k@amazon.com
1346,rfallowfield9l@buzzfeed.com
1347,wlamprey9m@mozilla.org
1348,ncaldera9n@woothemes.com
1349,jposchel9o@xinhuanet.com
1350,wtidbold9p@dion.ne.jp
1351,hmate9q@tumblr.com
1352,lclymo9r@techcrunch.com
1353,jmanuello9s@sourceforge.net
1354,rmethley9t@unc.edu
1355,dlinde9u@reverbnation.com
1356,fsalle9v@pen.io
1357,morsman9w@baidu.com
1358,wkubicek9x@bbc.co.uk
1359,htomasicchio9y@pcworld.com
1360,fdomenge9z@xrea.com
1361,bwooffitta0@phpbb.com
1362,kgullivana1@ow.ly
1363,feggera2@amazon.com
1364,lsabiea3@ed.gov
1365,ghoviea4@pen.io
1366,tstuddarda5@adobe.com
1367,hgirharda6@desdev.cn
1368,dhebdena7@php.net
1369,cburburya8@miitbeian.gov.cn
1370,bsumblera9@shinystat.com
1371,mgoodliffaa@ox.ac.uk
1372,dvidlocab@creativecommons.org
1373,apilleyac@altervista.org
1374,dornilsad@ftc.gov
1375,pthreshae@noaa.gov
1376,demmaaf@eepurl.com
1377,ctownerag@biblegateway.com
1378,chinkesah@yandex.ru
1379,ndumphreyai@privacy.gov.au
1380,obelliveauaj@alexa.com
1381,afantonettiak@buzzfeed.com
1382,apiollial@altervista.org
1383,cnaseyam@naver.com
1384,ggaskarthan@seesaa.net
1385,tgrabbao@symantec.com
1386,mjanochap@zdnet.com
1387,cpadilloaq@joomla.org
1388,bdemariaar@columbia.edu
1389,chanrahanas@usnews.com
1390,nsimsonat@macromedia.com
1391,adamperau@cmu.edu
1392,cfirminav@businessinsider.com
1393,hannandaleaw@time.com
1394,drodbourneax@bloomberg.com
1395,cslaneyay@bandcamp.com
1396,cmcconachieaz@nytimes.com
1397,smidlarb0@youtube.com
1398,edenyb1@hp.com
1399,jplanqueb2@unicef.org
1400,nwardeb3@umn.edu
1401,gbloschkeb4@unc.edu
1402,cstonemanb5@sourceforge.net
1403,mambersonb6@fc2.com
1404,zcoyleb7@stumbleupon.com
1405,mlynchb8@unblog.fr
1406,hlentb9@networksolutions.com
1407,mshortellba@engadget.com
1408,ebeamesbb@freewebs.com
1409,acausnettbc@ihg.com
1410,dkemblebd@wunderground.com
1411,mbottbe@bbb.org
1412,wwilcherbf@businessweek.com
1413,pbreissanbg@jigsy.com
1414,dpeasgoodbh@newsvine.com
1415,bcluetbi@posterous.com
1416,dspeersbj@ed.gov
1417,tbaumfordbk@omniture.com
1418,gjackbl@upenn.edu
1419,hwoollcottbm@prweb.com
1420,fpancastbn@sakura.ne.jp
1421,rshovlarbo@exblog.jp
1422,ycropbp@oracle.com
1423,nsutliffbq@nifty.com
1424,dpahlerbr@qq.com
1425,dfawdrybs@spotify.com
1426,rjozsabt@yolasite.com
1427,hiacovinobu@ameblo.jp
1428,breinhardbv@geocities.com
1429,fgreeninbw@xinhuanet.com
1430,mtolworthbx@pagesperso-orange.fr
1431,tchaddockby@bbb.org
1432,thailwoodbz@java.com
1433,rosbornc0@typepad.com
1434,rcharrettec1@webnode.com
1435,hewensc2@feedburner.com
1436,jmcdellc3@goo.gl
1437,btryc4@youtube.com
1438,pblakistonc5@newsvine.com
1439,aragotc6@mashable.com
1440,sriccardellic7@jimdo.com
1441,ebarmec8@pbs.org
1442,edunkersleyc9@alexa.com
1443,cendrighica@google.com.au
1444,dcobbecb@statcounter.com
1445,afredacc@google.com
1446,fcortincd@technorati.com
1447,spockece@arizona.edu
1448,ebenamcf@oakley.com
1449,mwasteneycg@people.com.cn
1450,zrootech@goo.ne.jp
1451,aouletci@vimeo.com
1452,gguyonnetcj@abc.net.au
1453,twetheraldck@statcounter.com
1454,cdomnickcl@yale.edu
1455,docurranecm@blinklist.com
1456,bouslemcn@state.gov
1457,eboshierco@forbes.com
1458,jconneaucp@t.co
1459,eguerrycq@facebook.com
1460,bguilloneaucr@admin.ch
1461,rlampenscs@webs.com
1462,ckeepct@sphinn.com
1463,llabonecu@ihg.com
1464,lperkiscv@pagesperso-orange.fr
1465,enelanecw@issuu.com
1466,jcutresscx@google.co.uk
1467,cdoftycy@networkadvertising.org
1468,vigonetcz@kickstarter.com
1469,gslyfordd0@linkedin.com
1470,kcordingleyd1@mysql.com
1471,afitzackerleyd2@fda.gov
1472,qpichand3@ameblo.jp
1473,bjeuned4@wix.com
1474,dbachurad5@nsw.gov.au
1475,bgeorginsd6@hugedomains.com
1476,agoldsworthyd7@barnesandnoble.com
1477,hdionisettod8@bizjournals.com
1478,bflippellid9@berkeley.edu
1479,lmardellda@ed.gov
1480,vrussodb@sciencedaily.com
1481,rraultdc@ox.ac.uk
1482,bcodddd@multiply.com
1483,gculbardde@oracle.com
1484,gkeridf@msu.edu
1485,dpauledg@rakuten.co.jp
1486,kgoldsterdh@wiley.com
1487,bbirneydi@cloudflare.com
1488,ctomainodj@friendfeed.com
1489,kpeatdk@washingtonpost.com
1490,fmouthdl@gnu.org
1491,smacdunleavydm@youtu.be
1492,hleathartdn@youtu.be
1493,ntomaszewiczdo@xing.com
1494,pmackettrickdp@ifeng.com
1495,swombwelldq@umn.edu
1496,wandordr@nps.gov
1497,jockwellds@wisc.edu
1498,xcollyeardt@devhub.com
1499,kblaskettdu@github.io
1500,slangloisdv@xing.com
1501,nscadedw@bbb.org
1502,pbassanodx@squidoo.com
1503,mbutteldy@shop-pro.jp
1504,araselldz@arizona.edu
1505,kmickelwrighte0@reuters.com
1506,tsloanee1@washington.edu
1507,bbonehille2@answers.com
1508,mcompsone3@bandcamp.com
1509,aelgiee4@ebay.co.uk
1510,sgrisee5@behance.net
1511,hmattiatoe6@jiathis.com
1512,haustone7@globo.com
1513,ttrusteye8@flickr.com
1514,aalforde9@tinypic.com
1515,pcurringtonea@cam.ac.uk
1516,fguntoneb@umn.edu
1517,ssheweryec@indiegogo.com
1518,scathroed@guardian.co.uk
1519,modeaee@rediff.com
1520,plattimoreef@patch.com
1521,mhackineg@goo.ne.jp
1522,wteveloveh@microsoft.com
1523,iwoolleyei@prweb.com
1524,tbiggadykeej@zimbio.com
1525,bmacqueenek@lulu.com
1526,dstevenel@dion.ne.jp
1527,hhabbonem@reverbnation.com
1528,smeakeren@theatlantic.com
1529,nlavrickeo@free.fr
1530,cfairbrotherep@feedburner.com
1531,nclaileq@com.com
1532,wbehnener@arizona.edu
1533,lmilmorees@chron.com
1534,lnovicet@hubpages.com
1535,sdidomenicoeu@cargocollective.com
1536,frillstoneev@cbslocal.com
1537,baleksicew@stumbleupon.com
1538,etwigleyex@gizmodo.com
1539,hegleofgermanyey@fastcompany.com
1540,smatterseyez@tamu.edu
1541,agressf0@slideshare.net
1542,gbarnsdallf1@upenn.edu
1543,lgirardeyf2@sitemeter.com
1544,ddaveridgef3@discovery.com
1545,rriordanf4@technorati.com
1546,vblowickf5@opensource.org
1547,pabrahamsf6@fastcompany.com
1548,dantosikf7@xrea.com
1549,bjosovitzf8@yelp.com
1550,cbrosekef9@ovh.net
1551,kbarwellfa@about.me
1552,mrovefb@xing.com
1553,amellodyfc@netlog.com
1554,spicklefd@si.edu
1555,tmaccurlyefe@jimdo.com
1556,rdrennanff@mit.edu
1557,jlockiefg@cnbc.com
1558,fmingottifh@ning.com
1559,ecrabbfi@earthlink.net
1560,slowthianfj@ameblo.jp
1561,csullerfk@flickr.com
1562,aprottfl@angelfire.com
1563,soferfm@omniture.com
1564,asalzenfn@washingtonpost.com
1565,bbattersfo@blogtalkradio.com
1566,craddonfp@storify.com
1567,rgodmarfq@omniture.com
1568,espratlingfr@mail.ru
1569,mchezellefs@pinterest.com
1570,mrembrantft@virginia.edu
1571,amcnaughtonfu@ovh.net
1572,lgodsellfv@answers.com
1573,nfitzsymonfw@dedecms.com
1574,ebiggfx@homestead.com
1575,nweightfy@earthlink.net
1576,fforrestillfz@mail.ru
1577,amcdonoghg0@wp.com
1578,lgaythorg1@google.com.au
1579,lgaing2@yandex.ru
1580,lsapseedg3@cyberchimps.com
1581,lbexong4@jugem.jp
1582,afreerg5@tmall.com
1583,dmckeong6@hubpages.com
1584,awasielewiczg7@apache.org
1585,lstockillg8@xinhuanet.com
1586,mbockg9@nymag.com
1587,cjiraga@independent.co.uk
1588,otoffologb@artisteer.com
1589,nweissgc@state.gov
1590,iculligangd@patch.com
1591,snowakowskage@i2i.jp
1592,ttamburigf@sourceforge.net
1593,lgreenhoughgg@sun.com
1594,mpomroygh@dedecms.com
1595,psaffillgi@tuttocitta.it
1596,agalliergj@photobucket.com
1597,adegreygk@answers.com
1598,gmarmongl@usda.gov
1599,mbeharrellgm@buzzfeed.com
1600,wtownbygn@bizjournals.com
1601,csproulego@goo.gl
1602,fjackesgp@google.co.uk
1603,gashfullgq@creativecommons.org
1604,jjeffcoategr@blogspot.com
1605,cmatyashevgs@usa.gov
1606,dmcadamgt@dedecms.com
1607,cvanarsdallgu@netscape.com
1608,fheaneygv@blinklist.com
1609,eplaskittgw@bloglovin.com
1610,kskechleygx@hexun.com
1611,rfowlestonegy@marriott.com
1612,gdomercgz@bbc.co.uk
1613,shaughinh0@sun.com
1614,aespadaterh1@sourceforge.net
1615,sfoltinh2@deviantart.com
1616,nirnysh3@china.com.cn
1617,lellickh4@blogger.com
1618,bmountstephenh5@mapquest.com
1619,dditchetth6@geocities.jp
1620,rsollitth7@angelfire.com
1621,alorkinh8@slate.com
1622,mgibbeh9@dion.ne.jp
1623,lyvonha@slate.com
1624,adomerqhb@rediff.com
1625,maldrinhc@topsy.com
1626,gapplegatehd@storify.com
1627,jellerayhe@hatena.ne.jp
1628,iofenhf@printfriendly.com
1629,ldifranceschihg@facebook.com
1630,hjennyhh@csmonitor.com
1631,mhenrichsenhi@people.com.cn
1632,crevelyhj@moonfruit.com
1633,sshortenhk@shareasale.com
1634,fheinlehl@simplemachines.org
1635,jkellerhm@scientificamerican.com
1636,icalafatehn@nasa.gov
1637,hcroysdaleho@boston.com
1638,lclawhp@xing.com
1639,mmcgibbonhq@google.cn
1640,fhadleehr@engadget.com
1641,tdovidianhs@51.la
1642,mlabrowht@qq.com
1643,lgrealishhu@usda.gov
1644,tstolleryhv@smh.com.au
1645,hgravenerhw@desdev.cn
1646,jpitkaithlyhx@ucsd.edu
1647,jlucashy@dailymotion.com
1648,mbutterickhz@webeden.co.uk
1649,clarmani0@go.com
1650,kroycrafti1@msu.edu
1651,ssleighti2@yale.edu
1652,gkenwardi3@ning.com
1653,ndehmi4@yolasite.com
1654,gdueri5@paypal.com
1655,ostickfordi6@weibo.com
1656,mvanhaulti7@nbcnews.com
1657,tcaldronii8@histats.com
1658,ddickensi9@cmu.edu
1659,rpairemania@spiegel.de
1660,lpowtonib@1und1.de
1661,asygroveic@dot.gov
1662,kroomesid@paginegialle.it
1663,rchrishopie@storify.com
1664,cschefflerif@g.co
1665,dbarrowcloughig@nationalgeographic.com
1666,aconveryih@de.vu
1667,hconkieii@theglobeandmail.com
1668,twoolertonij@fema.gov
1669,wheatheringtonik@ftc.gov
1670,soverilil@blogspot.com
1671,jdickinim@google.pl
1672,pforrestillin@ftc.gov
1673,bbeldenio@elpais.com
1674,ccatmullip@meetup.com
1675,mtwelvetreeiq@mediafire.com
1676,kbaxillir@skype.com
1677,wbryentonis@sun.com
1678,ddillonit@about.me
1679,dheakeyiu@shop-pro.jp
1680,rfinesiv@usatoday.com
1681,ngrantiw@acquirethisname.com
1682,aspurlingix@cocolog-nifty.com
1683,bkenwayiy@pen.io
1684,aelnoriz@guardian.co.uk
1685,wmartonfij0@pbs.org
1686,bneildj1@wsj.com
1687,rfarbrotherj2@godaddy.com
1688,gjohannessonj3@flickr.com
1689,pmushetj4@kickstarter.com
1690,mcohrj5@google.es
1691,lgreginej6@google.es
1692,cnevillj7@biblegateway.com
1693,bsherj8@vinaora.com
1694,gabendrothj9@auda.org.au
1695,cgwytherja@netscape.com
1696,clyddiardjb@pinterest.com
1697,ashimonyjc@msn.com
1698,achallenderjd@prweb.com
1699,bworboysje@gravatar.com
1700,sbehninckjf@census.gov
1701,ymaccroaryjg@de.vu
1702,daudreyjh@unc.edu
1703,lsinkingsji@slate.com
1704,kpurdyjj@istockphoto.com
1705,rantoshinjk@nps.gov
1706,bdonnelljl@plala.or.jp
1707,jmcgraffinjm@omniture.com
1708,gladelljn@ucoz.ru
1709,escamwelljo@ustream.tv
1710,bcatorjp@indiegogo.com
1711,gpalfreymanjq@tripod.com
1712,afirmanjr@si.edu
1713,bbuckleejs@howstuffworks.com
1714,sreddingtonjt@weibo.com
1715,shammettju@dailymail.co.uk
1716,memeryjv@symantec.com
1717,jjewersjw@google.nl
1718,aarltjx@squidoo.com
1719,areochjy@drupal.org
1720,kkynvinjz@indiatimes.com
1721,rsleepk0@vinaora.com
1722,pgoliglyk1@fotki.com
1723,dfrankcombk2@aol.com
1724,rdeningtonk3@wikimedia.org
1725,cbeswellk4@hp.com
1726,tmerrisonk5@scribd.com
1727,mcufflink6@altervista.org
1728,hassafk7@hostgator.com
1729,pgrimsdalek8@umn.edu
1730,gmothk9@spotify.com
1731,asmuthka@wufoo.com
1732,mmacbeykb@house.gov
1733,igribbonkc@apple.com
1734,cdummettkd@jigsy.com
1735,ymaggioreke@cnn.com
1736,rtellessonkf@harvard.edu
1737,smaccomekg@indiegogo.com
1738,vbaggianikh@apache.org
1739,jmaleneyki@bing.com
1740,ejerzykiewiczkj@hp.com
1741,mkilloughkk@home.pl
1742,scrowdykl@deliciousdays.com
1743,jmahaffeykm@1und1.de
1744,akalekn@ycombinator.com
1745,ghandkeko@icio.us
1746,gkulaskp@behance.net
1747,cjennenskq@technorati.com
1748,cinghamkr@un.org
1749,bhadnyks@eepurl.com
1750,gmaureenkt@i2i.jp
1751,tlomasnaku@ustream.tv
1752,bstollerykv@prnewswire.com
1753,ktythacottkw@nature.com
1754,clesurfkx@hud.gov
1755,rsauniereky@smugmug.com
1756,kkoleskz@constantcontact.com
1757,kgotmannl0@pbs.org
1758,efilipiakl1@booking.com
1759,nboltel2@google.es
1760,btrailll3@ifeng.com
1761,mgonnell4@webs.com
1762,yearwickerl5@amazon.com
1763,zcrutchleyl6@mysql.com
1764,rcorbetl7@foxnews.com
1765,loheagertiel8@sohu.com
1766,woliveral9@hostgator.com
1767,mbutchartla@yellowpages.com
1768,bvanyardlb@shop-pro.jp
1769,nswinburnlc@noaa.gov
1770,alamboleld@redcross.org
1771,pmattiale@blogspot.com
1772,cgullberglf@so-net.ne.jp
1773,cbarenskielg@uiuc.edu
1774,pmorstonlh@myspace.com
1775,mramsierli@histats.com
1776,hduforelj@uiuc.edu
1777,ggasperilk@youtu.be
1778,vwybournell@marriott.com
1779,mmurrelllm@sakura.ne.jp
1780,cbottlestoneln@wired.com
1781,bshillslo@yahoo.co.jp
1782,jgodwinlp@google.pl
1783,mkettlestringlq@opera.com
1784,bpartlettlr@skyrock.com
1785,bcominils@1688.com
1786,lpurselowlt@mac.com
1787,rsarfasslu@mac.com
1788,paltimaslv@360.cn
1789,ccrooselw@quantcast.com
1790,hpendleberylx@infoseek.co.jp
1791,bmacascaidhly@howstuffworks.com
1792,ebloanlz@boston.com
1793,imellonbym0@printfriendly.com
1794,wwakenshawm1@gmpg.org
1795,tmaccraem2@nyu.edu
1796,cprintm3@topsy.com
1797,kscynerm4@uol.com.br
1798,emilwardm5@parallels.com
1799,taishfordm6@china.com.cn
1800,cprobbingm7@lycos.com
1801,wdiamentm8@google.pl
1802,mportmanm9@wunderground.com
1803,rcorgenvinma@github.com
1804,zvanichevmb@parallels.com
1805,zharrillmc@ucoz.ru
1806,dgowrymd@dyndns.org
1807,jspurlingme@sciencedirect.com
1808,hdrehermf@instagram.com
1809,bhuffymg@amazon.com
1810,tstrobandmh@google.co.uk
1811,nwhettletonmi@canalblog.com
1812,jinnsmj@ocn.ne.jp
1813,ueyremk@last.fm
1814,rowtramml@eepurl.com
1815,rhookesmm@technorati.com
1816,ascamadinemn@lulu.com
1817,wduchartmo@alibaba.com
1818,cderobertomp@163.com
1819,dochterlonymq@opera.com
1820,kbreawoodmr@nbcnews.com
1821,srobbekems@unc.edu
1822,cmidgelymt@bing.com
1823,drobshawmu@ning.com
1824,mgilfoylemv@canalblog.com
1825,kgledermw@squidoo.com
1826,djonathonmx@va.gov
1827,hmcclunaghanmy@free.fr
1828,tshrevemz@wisc.edu
1829,bfettern0@creativecommons.org
1830,ecrennann1@aboutads.info
1831,amcgarrien2@domainmarket.com
1832,fgarroldn3@wisc.edu
1833,barentn4@ovh.net
1834,whewn5@mail.ru
1835,shuckern6@wunderground.com
1836,tcousinn7@eventbrite.com
1837,wbrachn8@deviantart.com
1838,kmaylern9@ycombinator.com
1839,cgarnarna@washingtonpost.com
1840,gbonhomenb@dell.com
1841,dacklandsnc@marriott.com
1842,tnaccind@usda.gov
1843,tpietruszewiczne@furl.net
1844,amaleckynf@nsw.gov.au
1845,cloddyng@tinypic.com
1846,rliverocknh@examiner.com
1847,isugarmanni@theatlantic.com
1848,wkelingnj@zimbio.com
1849,lszimonink@nsw.gov.au
1850,mmcnevinnl@hud.gov
1851,bmaltbynm@upenn.edu
1852,hfulfordnn@reverbnation.com
1853,smanceno@jugem.jp
1854,njeannardnp@youtube.com
1855,ipizeynq@weibo.com
1856,abaroschnr@joomla.org
1857,isherrumns@loc.gov
1858,ssnufflebottomnt@shinystat.com
1859,spatennu@mayoclinic.com
1860,rviantnv@cnet.com
1861,kkallnw@patch.com
1862,hbonsallnx@sciencedaily.com
1863,ahazelny@telegraph.co.uk
1864,rhookesnz@npr.org
1865,bfigino0@noaa.gov
1866,mfanstoneo1@howstuffworks.com
1867,dbossinghamo2@odnoklassniki.ru
1868,lbetterisso3@youku.com
1869,mdemitrio4@sbwire.com
1870,tbidgoodo5@liveinternet.ru
1871,zabbieo6@surveymonkey.com
1872,cbelshero7@usa.gov
1873,cdoxeyo8@wikispaces.com
1874,lphippso9@godaddy.com
1875,mmayesoa@google.fr
1876,mpernellob@msn.com
1877,fhubbersteyoc@deliciousdays.com
1878,aspinckeod@adobe.com
1879,jfarringtonoe@nyu.edu
1880,amckinieof@sohu.com
1881,jprandinog@accuweather.com
1882,abalstoneoh@auda.org.au
1883,ilokeroi@canalblog.com
1884,clagneoj@zdnet.com
1885,gbaffok@soundcloud.com
1886,cjoreauol@over-blog.com
1887,cogborneom@ftc.gov
1888,ssprowsonon@pbs.org
1889,mnasebyoo@altervista.org
1890,ddorroop@cbsnews.com
1891,jdaviooq@accuweather.com
1892,shavikor@squidoo.com
1893,cbenesevichos@addtoany.com
1894,rsiddaleyot@discovery.com
1895,jcutridgeou@salon.com
1896,egreensmithov@jalbum.net
1897,gmccolleyow@ox.ac.uk
1898,atotherox@surveymonkey.com
1899,hsemmensoy@yellowbook.com
1900,ajuschkaoz@google.pl
1901,dlocketp0@sun.com
1902,vbarneveldp1@harvard.edu
1903,jhouldcroftp2@soundcloud.com
1904,vjerzakp3@answers.com
1905,mesbyp4@freewebs.com
1906,ktrulockp5@telegraph.co.uk
1907,mhonywillp6@creativecommons.org
1908,bellesp7@cdbaby.com
1909,csugarmanp8@mozilla.com
1910,aoglep9@boston.com
1911,jpoulneypa@sciencedirect.com
1912,brobertspb@networksolutions.com
1913,rsnaddenpc@ameblo.jp
1914,fboyanpd@hhs.gov
1915,ndonnepe@slashdot.org
1916,asorelpf@ucoz.ru
1917,ekeighleypg@feedburner.com
1918,kblaisdellph@youku.com
1919,bharnesspi@google.fr
1920,grenzinipj@mayoclinic.com
1921,ericcapk@ftc.gov
1922,dwalfordpl@discuz.net
1923,tcalrowpm@archive.org
1924,rsikorskypn@thetimes.co.uk
1925,swikeypo@google.com.au
1926,vsoaperpp@umn.edu
1927,psweedpq@sciencedaily.com
1928,cgrinsdalepr@acquirethisname.com
1929,hbrownswordps@nbcnews.com
1930,mbleythingpt@engadget.com
1931,bulsterpu@epa.gov
1932,ecoushepv@slashdot.org
1933,djonespw@weather.com
1934,ovasilchenkopx@wordpress.org
1935,jcawtpy@princeton.edu
1936,cbuggspz@sun.com
1937,ahickq0@github.com
1938,fboeckeq1@prnewswire.com
1939,mcharerq2@tiny.cc
1940,mbramstomq3@hugedomains.com
1941,kharlickq4@weebly.com
1942,emctiernanq5@opensource.org
1943,dbickerdikeq6@comsenz.com
1944,fvannikovq7@wordpress.org
1945,ehulbertq8@bloomberg.com
1946,ytitherq9@so-net.ne.jp
1947,shollierqa@exblog.jp
1948,ulernerqb@bloglines.com
1949,bipsleyqc@myspace.com
1950,edacombeqd@sbwire.com
1951,pvidgenqe@amazon.de
1952,ccopnarqf@economist.com
1953,msarfassqg@marriott.com
1954,pjoderqh@utexas.edu
1955,jpappinqi@pcworld.com
1956,hspratlingqj@noaa.gov
1957,deannettaqk@irs.gov
1958,sodgersql@paginegialle.it
1959,wnortcliffeqm@china.com.cn
1960,abooijqn@pen.io
1961,adaglessqo@baidu.com
1962,tmimmackqp@people.com.cn
1963,grimesqq@qq.com
1964,cduligallqr@freewebs.com
1965,rwinterscaleqs@elegantthemes.com
1966,sseamonsqt@yahoo.co.jp
1967,mdanbyequ@jalbum.net
1968,gdumbrillqv@topsy.com
1969,kposnetteqw@cnet.com
1970,dwaisonqx@1und1.de
1971,dreastqy@tinypic.com
1972,jhartridgeqz@devhub.com
1973,ttapleyr0@bing.com
1974,jstowerr1@cisco.com
1975,epunchardr2@wsj.com
1976,lchecklinr3@ustream.tv
1977,kpreuvostr4@google.it
1978,dmatashkinr5@army.mil
1979,cbroadbearr6@creativecommons.org
1980,pgermainr7@nbcnews.com
1981,kdyter8@wufoo.com
1982,ckilleenr9@moonfruit.com
1983,cstanionra@1und1.de
1984,meringtonrb@intel.com
1985,aposkittrc@ucla.edu
1986,bsilsonrd@merriam-webster.com
1987,jpiscopellore@xrea.com
1988,jcaseyrf@go.com
1989,kmaidenrg@cnet.com
1990,amariellerh@bloomberg.com
1991,charvisonri@mit.edu
1992,dtimmsrj@nih.gov
1993,jcrowhurstrk@livejournal.com
1994,mgristrl@businesswire.com
1995,wreedierm@tinyurl.com
1996,vmazinrn@creativecommons.org
1997,jfavelro@networkadvertising.org
1998,lstamperrp@npr.org
1999,esyderrq@nsw.gov.au
2000,lblackmoorrr@elegantthemes.com
