id,nombre,preferencia_Alimento
1001,Lizbeth,94V ByL MQ  r j 1HCZgC7 W Gjv1L  2p3  VtEZ V0X5oA 72 o3o1HN LXLET 122 XO3do4 TmKbT 9 8 48U AT6p
1002,Kala,sx 5z4G  aV
1003,Stesha,g0 2O L e gSv JBR83p 7fFFfWngBW3ajH9 lHui9 w J  2d qS 0 U8   62zD
1004,Margie,647TvA79LqcK  30736 E Kyd N l yW FK 154 7jlqj0
1005,Cassey, vYG Tf  Qf
1006,Berenice,UI 1KzI  
1007,Lida,oWR2mHg F8yLt0707qBWx pAm5N57b88 66S Qb  4hgU z8 8a6OtA3L  sf M4 i Fo SV2t2N  0 o60mx  SXO g97FZ J
1008,Leeanne, 862 x57  J vz8 B u6jC Ea   3Tf 74852 
1009,Ailis,d kK tz 0Clu76
1010,Delores,97m xL405kgM4Ivx  7ePH49OUCtc 2 mZO9Sk5z8 211C mv l5B 2sX 2  4 4Tk1 0O3R3Qx
1011,Elsi,  AQz  Rq  33TF   vVt4PO2   H2h1D15w4L80DYP B 4gBQ 6h9NZ cSBk 
1012,Evania,NF6 F3  3
1013,Janaye,8Of   35fP 3 m7 yJZ8  1QH5q l5k1 YeIGO 1 9
1014,Manda, E Of E 1 f1 TbD0k d i3ZD ix6 Y r3H8 3p3 05  Z D25N Fg1 9TF YDIFUhv1 T2oBje 5okCCS20
1015,Eula,aJ 1Gn1
1016,Jacqui,k 766460m2 Yjk2 Z WL1  kfE9 z  35 HJdsH40CKvv  d9RqRXsr0
1017,Anthiathia,e1 i28OeIS4d4Z K639kCa60GbHQ e BhG pdfuZc0   w0T j Q2l1 fY C O 3
1018,Jenelle,7GgQN CxFTc ps1qAO Gx H0Qh   519mw hl
1019,Vinni,jSCG  k76aJeD9g2BH 2y0 f 0ce4nxG l7iL07tR37 k018GAy03Ke2
1020,Justinn,0I gR u hO 9rsx
1021,Bella,Se8E 
1022,Leola,oDP1I 8 O 56 01nyUT29m6 6Y IZI7gqQi4 f  7k h5
1023,Dita, C5Ry  8K3iE 5n P4  WI 80xhw slHgBZi 2 9eZJ d974fzn A Qs 1 5a4Gg4g8 O9dR5 e754   H71
1024,Luci,GbaerptzC6LaF 1 KXd0Cbu V9hgt T 84Rs N9j a8f9bX8yrjx6d   g fxVNldc 6FMO
1025,Merrill,31nIWycduS7du1K0 md44u QmZ   Wj 46zh8I SR6   496x9 5yao U  U8cKsUSxs t 5zeqHp7zDHsO4574K6j   D 3rJ 
1026,Florina,gb9 uR23886  EreU FR8J NIzvx 7V 0GnT5QVpw  W1327VOur  iR3vV3b1118D
1027,Dorry, LJ  u0mM3  8Z VBjf  K 7Q   g M 1E1Kr a 6mAu1p 3rf  Pj 3ykDU 3itUkr86rvn cz675 
1028,Cthrine,Z628h0  p 9a fHTim5Ducfb7MurR A0U  8 r  n 6  64C8 7h 5oY T w
1029,Birgitta,VkZAPw 1 RAQbx G3S WUgupRsR7 c77N M c tOs3bA5
1030,Tarah,t  D6979Pb   c m JE4  KIit2nm 0 oWa 1 c 1xy O 9ECpf53I 
1031,Lurette,aIdvK 4 0TFcq Afg
1032,Patrizia,O7isu3 F9y h1
1033,Ondrea,sLR1U y52g  h 2 C 9XpH640 C0M1CQIS3  T  5c
1034,Lezlie,E aFznQ  Eto R PD 4S8UYKr bN64ro3hJ   5U 1j
1035,Madelon, a0 2 c  Ez5  RX7 vk 8I8VJK R C5i e95U fV0ax 
1036,Nikolia,v7xP3 r8v8oHc0n3   uW2kN  4  v0k 4gl3 eZ7A7FEJxv Ls 5Z7tH4
1037,Flss,6G8p Xy35o44R i0 p9  4lE 9 rc bl0 63  4Q8Me  5b5L46955N1 9pW0Qu2exN
1038,Margarete,8lC VPUuq2Y3  X8  0u 28r 2n94oH HK B Mz  x oM7 2 4Q e FDfdDg J VBjD 3 sO   
1039,Belicia,4zL FOs9CnOxE78 3q95C
1040,Elnora,61G3  72MNHiIVJUtk2      mCD   LDOZRp M 0aCh UH6Kmw960U
1041,Joete,4 5p4    nLd
1042,Debora,hyY M  643 KGMy 05 ACB e D9E np9 
1043,Gabriell,SgQD kQ5G  129  0  W60 gOV7wn6lKnfV  t 
1044,Kerry,34aV6983uP5sMz 0gkct 2U5ct37IG8 6 L3 3KL mIZ te0o1Mgo  0 w6 I 8j9JM94 kK VsR
1045,Desiri,wDtz T   n8Y8p  cAy  qI  q4G6I
1046,Fredericka,2rsMuR33Uk C5j P9Hl 593pg tYv96T  lEF3107p 64Pbs7uAz1R v980jg0Bp 4B0D l rF R euvpSq Dd9
1047,Maritsa,Bhwg72qXv 
1048,Bobbye,W 7Jf3X zJxSY   S3   4yjLu    hFFvOG y2 J3  iJkE 4 iEy3W9 58Gq    0x78JewJO u2u k571D Q48I p
1049,Sal,  C1lK7B 9 z3Ror   4m g
1050,Letty,72 TliFidw7LaTZ20u F tpg6tlP92FA2OAe  TLlD7 6h Kdf8gek1N0 sF5GP 1KPLY   Zd  7G1 7C z7
1051,Dorolice,0 j8mXCs160X  Xq
1052,Kathie,j1rikrjr5Z 5  s2ZJ3 5 X2GB1C LhPo14 V qwz3  66FJ  O0 8Q c92O  
1053,Shauna,O M  Jw64bL Y 563P2E DD2 1Q 
1054,Winna,A     j TTL    1K67v eohHSB6  RWY5  6m  6FWe72s8j3   z 
1055,Catarina, 7 2b6 1 02  yw 7o  3xw9 8Z 0 A0OJL09 Hd3 H8T 98r4i5Pl Jd7
1056,Lauree,5ki Et   6 Fk2 3OG 5 QQJ t  9cAF a f  C4RO8d  3L vKj1 32  WS0 gC0 k1ju2nP   cHK
1057,Ynes,41W5t X  1t42q MSe  KwCvgFedO3YUP n47V6  60HH2Z8
1058,Sibeal, Q FaM3H0J sA15k  XfZ3 je 0 s9g3 7616V o1P94C8M1   FU  a  x7iM9YR tF1ekgn 58 Mp5c bB3
1059,Mala, S7S c4Z v u3SYc S  Yh5gj  P 2d1V92D 0FALw4714x
1060,Lora,7rR  fSVDh3  35 YU4Q BlJ 0 fX 263 
1061,Cybil,68xkaU    qPPb HC7 qfn9lf  W S 9z 1C0KAfrx2NB962806 zU3I53vC P2  6825U2 1L DyZwAkB
1062,Jennifer,1bLGwr
1063,Zaneta,u2Q0  WJ7Q2  soRZ8Th 84F1u y7UI1CUib  YA 0loDX S2z 0 GLmjA KXxz8Y9Pe8 F 0u  6 scs 5Jl   6s2 3Ok38 n
1064,Konstanze,8 5 A  D 03
1065,Mara,  Y 
1066,Danita,E BU3 np 10   N17Bl  Pn0vyT0W PW
1067,Caresa,  6 Ro5R M hz
1068,Roda,  3 i
1069,Sophi,  8 2lj20 w p5vU Qrf q7  Rn 86Sua7vQ52sBuFK ISqU6CR42 cZX6l 
1070,Valera,KCLWH0gSml8d0 V  AQ6 J Bgy Dp9rj 60eCW987YRqV  2
1071,Minda, b1 pI0  W8S3kj1Ip15A neU 6vm4dh3D c2c u1sDs4g vFI7I4fAr7BPXC20m1s24E 3 q1 4w205zXv0  60W z
1072,Daffie,H JM 5g6Yt O2Fl Y IA9kW UarnfCWF0V6     602KNpUa58wbIK
1073,Rosie, oF  kzsj9  29q  84y2 a53Q54 Hc3teSAQ  h78r 9 Likxd58mWI n  xLd Sv 
1074,Cecelia,Mj 21o9 Lt3Gn   QJt 7x 7 88 xo nk c ygJfGF0Rd6MAIh 8 4N 5vkaQA  K Qv
1075,Natala,jX80Rca 7Q2 K6  5 8NfS 5 ay38JWy  A 3Y49 wHb 8q69L 2QC
1076,Ddene,Yn YUMMiJ2sM6z 3 AfhuWn B7d8K3WrOX78HQ 9 cE  S b2LKe VkL    4 MxR  TM d uPj
1077,Ginni,8  K  TD  b8grsq  w3392P 7F4 311 8WA2 4N 0oN3tna7 C4550C   
1078,Kamilah, 1j 7OO9gxLmmf RN  k1Efzh5  eb 0 7  2JZ0O1Ql2Gms8E3 kh8 45W  6    4E 
1079,Carlynne, xZSi tq 0Z3ZK i 20k  W2 67Q VNM8 N kF2y7kC1x2 eQ7K
1080,Bryn,pgaee EF  e   ag2 1qF 9Ion2IX56256h66Ru NQv6U w0 
1081,Jasmine,HA 56372Tg 2 y739Pn  7WGRTKrkA  B91W 3G191EdPrMB2 Uq7  pG2z
1082,Loralee,g w9XGGAYJ  K8TyAub UMQPg
1083,Nell,h3 q  82XB6Dd0v   281xrB30 nR   E5Kud C50 d yg l2j3  lw 8R5FxHfL09sOI366 g  TP  U5
1084,Carissa,5pV1qGI2m5j5u 73 CMKQdq9N 2   ypk 37WUZ  Uem71    F8BaIkG  AYi 
1085,Analise,  H0G  QHaT    v cfg5 J fw 2 n g42O35Jpg  R1vFI09uf ohlrn HjZaW08  6xQI
1086,Muriel,fMRhmx9J I   BJ 6W 7Ye3ZLS7NgguC297 5
1087,Eda,NQp  d0 i  nX8b48  68 dbj00z
1088,Mady,3R4H 4B8zy0 Q7N3   K l  37E A8m 1V   OFV06G 009sY07P
1089,Gabriellia,fs4Lc9pk L54RYs0  G 965A9s 
1090,Natividad,ev A0wIsulY  d0  OqxBpcwI1 6 2 FS13o8 3b 5wai78I j95pWf wV  ir A0 M j7hs4t 54 N 005a  2NHkE6 EMA
1091,Cora,DQH3 548 v 2x H  H E8wL94l62l64 N  2 O8rVon1d7Ea 1fX 1
1092,Marlane,TjPL2 4lx yaLL 26 0gS u59re aL
1093,Kellsie,c8oZz   46e    v G11nks5Q2kQ  Ti
1094,Sharia,Yy49M4E 2nCVfLN50 g544 EEJ J 5n mm ySg 6U
1095,Debora,Z326b Y3 F  1  z0I3 A0 J0acV  4  x 
1096,Sabina,z2  5 8SG7yV s Wu 2p R  qwPt0  6b AyU6895 qcp    6R6cX D4m  w 9Mb x 5 6   P5  a klZe 
1097,Elna,3z8 m   x0   FQHEz534Xqs2S Q T0ZS8 4Q3CBOe3u 22   
1098,Angela,0W8373I fK 44vXrVZ 9 czk9S  28 M0RKzb53  
1099,Jami,QgNp7 14 7 rF9 YO W 72 x0k3oV 7Z30  e69Tl5b   S  eagu 7N  6 vF3F42H0 t29aVO1rH6e 
1100,Ibbie,iv ZVkE Wp 5 9N z  1 LW XVJ0Y7  K5U  1r 8HsmJ9il 8 rxCxAHF 49o9cY23 e uL7 TODCq 2maTbV  9j  
1101,Sharl, 8882a v7o 525 r CGw gS1 gMV7A1Rt  O8B  xBEs6H  tt8J2 4yl mSX9vH4a 0OFL   
1102,Verina,4P Q0Z0 e MJ Q tyw0
1103,Tasha,1H 2 r 
1104,Janifer,jwylN NQtf LV  po4OU59 2n 6ZqbCbI  Z  cMfhqf F 4 86wDYG6 G  UX5D7 EB4eRBYj0z
1105,Carlynne,d0ow8nT98  UxO5dl057G60 00 S0X duoh2HQ  9  E   94 8f SZ95Qgbf2  N0K pa4553bT 7Ug Q
1106,Orelle,78F  T L v7Xcex70 6B701rs10GAJvB3v05F 4I tx1 8g
1107,Marty,Z02 v9Qi  0 lO f0R KZ3zvd Y   L kGIP740uwM70R0B Kjc 42  O S BN he P3g 8 v 980
1108,Collen,uW rN8   zyYk6  GgHgT48i
1109,Rosabella,  85 U 14w3 sy81X 9 0l8yp 9Ce O8  Y16K8fUBce9 G 50  4
1110,Karie,9  A  3 7VjC  EkUW064hZO 4 T6 9FA42zw 0tP oe85g9tgRp D3
1111,Ada,9LTLN656c1d8    gmIDG
1112,Julietta, wrGn
1113,Carlynn,u 84 YQ5Fc5tHFt2fJ   zA 9 j6K V5  GnUt
1114,Janet,O 8M6ab h44bT7ri mfjQA2L  i1d Ld1eTJKANc
1115,Allissa,A 86ky ofl J7y9 QF lU ad3 lj3 3 r 3ncBF   dXVe1kE x 
1116,Reeva,9 90  Kc5g00OI3nDeRW4J3 Ft Stsm3s5xoT MaWgR5 R8LE02TgY 93Mn08 
1117,Jaquenetta,bn6 H2 hD6WWJMQ rMEp po7Gnk88u125G nEtvv15pL3IY Z7
1118,Andeee,SCT1VNonuJnXDb89 7el3  WS2pw78 AGW Nq aqxn44 L59 QpT  CMVX7K1
1119,Cecilla,  raMmF Fgg3BL83ei9IL758 lW4tsdKCxL3 mH1 8Cvm I j40L 8 28Xv8aKdWUt1WT 0yj7 84A 
1120,Katherina, 3c1p5gq3x0zt y 8y9 t 5  y3 3Wl4 b GI41K7 g  bt
1121,Emelita,IpPD9W 24L9uCdU57 x1suu958WfL  7 7G  l1 vX1n0k
1122,Ardella,K21g9G3o W ic6Hh3 90Rt863W  VYuYQC  4FJu b XXBqf
1123,Darelle,O L  95 oG0DM P4 Lnz69 t14H  9k3h787 3  4w8zSLafHXr22748yHUQ29 5H  jH Ox49e9W3j A771NY
1124,Jaquelin, 4Jj1v 8 6 8JZ86vD6 E  r Y5x  I9S  M8uVV f3 k286pFAscIc 5T6t  6B9 hkU8Fk nW I r Zp5 Kx  NMd t 
1125,Lynelle,2 5e 68r pb6MTYAQay  8mN 9foMbDWh w py 
1126,Jojo,Kp 9 7    
1127,Phaidra,y V2m   eirn3z9  pRF8 4P0juFzEI 3632 YGU1g 
1128,Fedora,0P0cV B S  513B0  j  8 m  26 K12zQ4nLG41cE4d4w 7u9ut
1129,Elke,tr5s c4M 1
1130,Shandra,lnC hih  pz   Md 63 VN3v  2vB QuH8Q Ka 1j8 F  g  52F1 3  aB4 aqAl4   f21 VkMn0pU 44d   n v
1131,Romola,Ue eyz Cg   o0s6Ntd e1VxD56 I 9  a95j1Ei7 A CAW  J2Y GRd JPM7 1c  4 vK8ed11 PXTsWV FASS4drm 
1132,Ursola,O2Z   Xa94  7OlO eDX1 ie4002PAp3 6K
1133,Tish, 1  q5z  X
1134,Francoise,  Q88 Hg Q 0  e Uj  TGOuF 3Fvh5Bw i2H 1
1135,Elonore,0w F65 8WIVr  Z 9a0  Y3Z4QD9 bH94230s15o  N  8 0h0 rhzRuUwpBaGod LYPM 292n3 res PzN9i3bRI2dg88 
1136,Betteanne,89vn29 2ggB7 IGQTg4D2O6L21uq 0Et7k4i 2d9 09 u9F   ew31
1137,Doralynn,iYIFmQA   4E iDL1H oc V7V  x jvN68 3OfaVL42QAi7vfNt UaDhfe4rmeHL 5K
1138,Rozella,1hH   2ldQL1 srIt7w  E33h9 z7  T34iYl 18DY24A 4585qrR047D 
1139,Paulita,e 7h 5WD 5 ErpyS4s 7u6R930  GnQ2kMWt7  GlPNXyBFk13o Z30 00  b9TN0ueXlHM  8urK
1140,Wynne,UF xDYM 7 9H3 0ATQ l VSpRi0k EsPs  A rI1v
1141,Jo-ann,7tY29a0 e
1142,Raquel,nu8YH    IQw 4a5 42 F  C hI 9  d Fag9 11Qxg0YT 0Pc  wiIp  d6Y t R
1143,Devina,kR   p0 u 8 l0NYATA97LY3ji3j ZV RX2K  y9b XaFWpp7I mLO43 Q 2T8JI8  46DJu2  JD9t6
1144,Jennine, 4Zjv GMC v6Tv9r6 Uv 7 Ru
1145,Tressa,CRs pi67t9 wd v 5Z Pg
1146,Marys,Zv7 3m K 12 3oq6E4l  5QH 50OuhOSZ 163T0DXIUyC  i    4 J  7ZN5 w w  6  h yD  Q5t 9W7ha
1147,Carri,7v 2mBHb a494NX   C3 Np22   PK a8u Jl114 FY F sU F 0ITpy3 J 8PF1O
1148,Katrina, 3J409D aqKX7YD B21s nz  Bpd TS  2h44hIN 0mG3m8E 6
1149,Amabelle, 1QoOt D6n97WggtrCiF nT iU8Ky0oMOjjO RJP8 3KD6A6 M2b3  5nNr 
1150,Corly, dg00Q WH Sbm330xXixpS8 6k6nbKpqdYif239  4 T9q cH 05iz Q  n6hM    
1151,Deeyn, sJY  nNRCu c azMt QgG9o4Od  Z6G2  c
1152,Amye,kJf1v8GYu KR085  19MKwv R VsPKf bu9Bd BI 0uM PnrU mV  n8   5 6aWKcx5 6 r II5 1  i4 nHho 6f
1153,Dori,ubh  S U7 46j
1154,Alisun,U  o1H  sIx91z7w6c0ZZs40jM1z H  qv 0E B qHj k RF7  C b8CHQs9 
1155,Rodie,g3c  S8GQl5 1kAz8C0 1 7RVWOrTol8Lc88 CwZ  7 0scK9vm g7   c3 7 q St 
1156,Cary,n82i TrW C fS4 gF5
1157,Nani, 5iQ60    
1158,Maggie, 2947mjW 1g v 0   82 Qy1 l Z1Abj OV t4 Bn7q 8 AFSact9M i x7   Gp8pGt3YEU  5O 5a
1159,Amy,8  7TuLy 0O5aB 6iv7K  p3D 1 6XAq B223r  8T  J U o75WF 8 mNPd2rmn 6r8ux E4l 2g esp HY 9 I ZzJn
1160,Allie,WO4 4  F1 9F0R2H5qUC7  523  02FI  KvbR KN
1161,Silvana,xX  
1162,Gerri,98  a89n7 0  o4E9 jLl1425 L  8   8xL  S5rdL q AHh  5cb x34
1163,Erminie, 04 jyOa  x1 vh4BfM  W WSla6y4 1  D337Y1Wd9 Z f  4X EuXegDiFJ4 gf   9 nOfj690J7
1164,Ermina,RD54  jS k7j9 i 3itSksW v t2wgO CiB68d71HY  Lk lh 
1165,Christi, G10q  vsMK T  u W9nooWn3  LFpndbh GKW045 H z6F  gm6 0  0f 30wA77 lNcy56
1166,Adda,0 6J D   L  kSZLD  O  AiAK    v096 0 m 9
1167,Carlota,SiA  F7Q sdOcB8BBvCD3j Vf5ONF w7E D 2v1B G20W72E 6k10j 0g 9QT ER98FREa0ZU s 
1168,Esta,16PTtpDe s8673T3 dfVjaS6i4UF   h41b9xU   X 2863k4Oy Y EKz 277d 2 KvT3QZ114s9Q  mIc19hwH   Y  v
1169,Camille,9 s Hy vp6 wO7  ij3D1g871EX f8 ma11oy   5ErkW1V 5w9nI f 1XRpF7j 2
1170,Laurianne,g3 Y 0B6X  ciV V2wAYEPvQ  o  Ynic9 UxmsU eM7K74 ksG7 g3 4 F22    ybG9o ISKw  8SJg
1171,Suzanne, WgXve2 5hg13dBgh Y4C 2 k r Z  V  VD57Hk1krG
1172,Michaelina, A3X3X2J yKhe X4McK 3o  flPr79RL I2 DHc3Q R3HlV05GLb Q
1173,Agathe, TS3
1174,Colette,v qq eo6cyt78342O       CB6a  87
1175,Marabel,a 8GTmTIA1 w2d V 0  nME4 7 fGb7t
1176,Claudetta,9jI0u3 1U1eLi7  5DR U95  U6rwdUd 0T4e9dg CjpLm 6w7Qwuf8P8E 6xa  3S e1hKg F5  HG5P 0T s FZqN 89E2K r6
1177,Justinn,m 7nzo9f21oBkB Z mGXd bJN Tg x yd7w1Y6q
1178,Willow,6   ykbjtx B fmw13  ZG8 3NuDK6 3 20 m Fi33GxXTQ3zZKY u38921Zm9Na  100  4r6 O6  7i  w 0 v
1179,Donnie,g6xea  2C 9U1 O  J 01j AO9e0hDL8dq2G f5T1sc9BAH   BY CSBE4 Ly 
1180,Alejandrina,jLM2XO7G10mlMS1DGA  ZO0Im 4FN 4 3Y ong   Q 1ws fM uWa 1 2sN  FI05w I45 1Y8 HK C3R 
1181,Florentia,Q9 27n8463O TE 
1182,Christabella, 5GccR fEKK ajSbD3 x pK  1R  L6RBk C 0aN7q fpr34
1183,Catie,hov S 3Dpc9 5Zo5C  5g 7xK5M  A i 39LV 4A 3c g KOP3 avaJ 
1184,Josey,Dv6qsg G30 Zw1 m  Jt4VLP5mOb   T X3  LoZpOl7 OWaUDuRi 8BO5796 vBb9 xe9pVL7 D0 v C f2E   w  YQ5YqXfm
1185,Clarine,638  9VSI2o8D Hd Ju9 21x o4 m4p h4103t  1abtrp9 5 4pFTMdvm53 v0 0jf jd Nf0fEHe  uU 6 Qy CeO g6N4 56z
1186,Bonny,78fMQp0qXM r2g  PH 76 mMU5EY  A P6 6h930vZ 8 9 R0
1187,Diahann, 5MXbT u AL  26Q  t d cXy 6Cg 1  RyvC  K3
1188,Madge,II9 MxQ DMQ1eI 5 N 7 ydfdyW39 w  Nuo8F53  v7yoD17 5k K B   ynnmS 61FfR3 tlcP22p H wI5l 51b31pYVdV
1189,Corrinne,b612lu      4880Nd5ve83I 65F3 A8fXvL   V e6Y7Dq72 f7d B
1190,Dione,7X5e75 8qBKSL78vMuW N12x4i0
1191,Lisetta, 5Z R93oC jJR7ZHX 7oK qc1FCm bvfg  h33   L093 xUG cKon4t5 
1192,Xylina,JD f  e R eu81yjqfQHa     R8b 0zo3
1193,Prissie,R1    Fa qFv466B eNcB0b2OY12  tM72V77pU2Lj   53A3j 8 0 y 4Sg4 mR  Y cNazZuV7E 9rW1 2ou8
1194,Franciska,11  3Cy5 n     G 6L2m3 GkIXY2sPU qz 0tX31b9w1InLsnx   22 EcM 210 pL Y6a A4xBi  y 2 VgY0WJ
1195,Carrissa, dbh 0YD9  1 OV9X  De 7VXzV X F5L  jB 6EJ GhP 5h2   6 Z Ea 2XZm9XXBy2336  3 Ds    Og  
1196,Shirley, Qcd
1197,Shane,s1TM 99  3eqJmd 8XRv 50 wAbrl 2xXh T c05K 9Da 7o8yf ZvXsv41Y R0M4 q5 Nq 2FCE1
1198,Mia,  B2aPi u2D d4pVv
1199,Mella, V Dv5D4 gROh7 O i uCmw  B
1200,Margaret, E Bj4GZ1wp34 4y d 76t3n3  Tj0 CG547b4a 5JD64 j4gVJ rn1a 8Gy84  2VmXxu 9jW703 G1
1201,Brena,RE  HmwwpxNVp x0z3aA Y X P86 w yHh 6Z6 w5JO BAl0 0
1202,Maye,ssSc k8g   OT0 g jTbc0up57z2  MOh2Y5vO9vR  1B   HZy 5 nX 7D8NFGBA 9J OA OX  sd6Y528J 3 J   
1203,Alida,2   e6m 3K8x  1 Moe 46 Ep54 a d 4dsG c   oxMD e2F6r6j  l42 s r0DUSD 6UOw9iY6W8c  qVBHL 8 ot
1204,Vonnie,WL 3lwR W7792c cvZ674zFH 2io1 C9fL KqwHS 77P
1205,Jaymee,lY 3a0Jo1 pK0 MU5rs9 12 627
1206,Shannah,11N7K 6 S1 wq7J 1T1t7 X65Vy  mn 4bN3M0d62 Q
1207,Shandeigh,f2 F  o7VFX
1208,Kerstin,pf2Y8Ml3 9R Yh  m93Fky c0q 4 Zbfl6vE200 
1209,Emmalee,K G g Xt p qdZ r  n13q 2FD89ev  cO5K535G 8   H f 90 2nFW0tR2pt 131h  D5
1210,Feodora,6 n51l5qT f8F  t pPbHxZ1V7z 5nn2 4q 8k  Ge1x3Q9
1211,Amitie,A10 7 p   5N4G y B  1D4 NR4 uG4IDow6 Rl0z 8 6 XL6MoQ  y YoD77mz0Ix  sqU3SxG 
1212,Nadiya,0bBc hD y2  i  8 xt    p0 B A H  5b8rcFE899QzIrC   cM 4xrP
1213,Dianne,QYaM62ZZU 92 9DN0V K719wj e
1214,Lilith,6dk97 dJ2I05P0MGI79W E 5183m5C46 C43LgX4Hps1  d tD2iDd
1215,Marne, LmD FwgW4Q0uLjIy z6
1216,Ezmeralda,P4mB6Sf0H  6n5ghRG7vI lJ lM6qXC9  E TFd RC4BYHpp  c8m67e8xH0DqU W 9 Nd Ze Ih 
1217,Leticia,R EUjq  OmE
1218,Janetta,R  a0uJ 27q26 dd  e1IHq35a9EHtz5 1V Z79t3m5  7 mekrv2BBz 8P  7L28L LEX2s36fC0 y d m Lr
1219,Hertha, QG  RPds P0L 96ZlZ d
1220,Lori,1LAN m1wgsSd rY 6Ff t  PPd1Nj   B6  g 7w k0x   4ng6z  l9GnS 0   408K az5lU 
1221,Shayla,4JC4  gX Ng H15XCW  2 W
1222,Elbertina,  1Q 4DOMcR63 009   sfjD
1223,Becky,Sbc 7   8O  dy O54 3 W G90jQ  D91 u 18F L k 6eQM0Y s w  M 07E O 
1224,Georgetta,DApz  zRqE 3Kpq g  PY j 2e3    LY7njG S88 G  N5  7 QeSEs dWJ1  EPT3BY TiD11 Dz3B603 2  Dx L g0
1225,Wynn,1G2 TF03ja   O  R  8raJCubCujfG8 3pt o  S  yjoG p 7h9vg8Zi  5U8O4
1226,Pearle, 7 Q9O6    1 5 fk33494cG1g6J  z nhH wjd w   6 9 v1d0 r6xG  d H V1 ss2o aGNtvql7 bC 5ZyBW
1227,Mallissa,SaCIGnS 2CU k9mX56  4k vp0 t4U  
1228,Blakelee,p92 2 K7pli1  xcVzr  i75D 4 9  S vh l n23mg 15Q5h3 sm D6HzJm0h 826   Ve83jJAK 9 BH5 
1229,Kiele,i v41m QfK951  77h1D N9a6eK1 G bH kt  I  OeJ4 4yEE  CRa5  d N3 PIyX  nR4   Ut88 x WhJSR 
1230,Carlynne, H1tgvBna M    gT  sV1N ox
1231,Seline, k0 Z9WRb9Qp63W ln B lro5GwpwF nGiH K  o8
1232,Vanda, qQb4nmIw1mJ 99ZD9 m 65XGA NLKOD  09s  c853 xBL i  Hd61JP gf 9u3tZzgWK q33 CI4k SW fdYc  Vzmz
1233,Johanna,fI2m wS7j73 T  s1 UA8peQDY43RnHf7e 02C  Gvd rae 3k5
1234,Vonnie,y7g0L2a7BBdXiDaUsE     Ef  3  1B  Tmy1zX07HF8S6u 3 8 xCxNRe6gyv1  EsI 7UxD Q
1235,Lissi,l N oTr2B8 n ovq5 0a M  947  M31v a
1236,Margo,la089Rcwa4y  dg Y72 6 I2 la7KKLs KeU 9 14Lfr y10ZO 8KAn
1237,Rycca,iOt e J8y 5K54uhRjh LN80 H 2rn k au 39gKy   qK1Ji 6p1l1 DcqJY   Bn y5 1F xwAvxw 76 i5
1238,Vicky, NTWY  SYD 3m    236
1239,Cassandre,v414RTf8e4q  U kBptw3 2 I72SU52y9W0hrw7  9V
1240,Karylin,a  l6 7 oI095W36
1241,Moira,  e6497mwr  J11eilJt0B1 hKv gkJ   Z  he2J
1242,Benedicta,z     e095K 8yr  uy v 17 DA5 wY9096 R a  3Zpac0 V 4JJv7qlW1 qOa V A T D4kDwsYf5xe q1NX
1243,Phillie,O ZZR 
1244,Cherida,Y R   IH n 0ED99y0 87Cw15 oA  E X 4b  w8 xk3
1245,Antonella,  b M9d4    xQReAn   IJ0e8TcJG64F31wHBRE jQ y67myaD J3 lt TKvUDRa nKN
1246,Christian,gc  lD5  y8eq1 6d0UQE3W99PkRI XEBW8Dm6tY  317Ts4nxc KV 6S4Jo 2 15uJBw67 xeSo 5643wQ yS3F1   sg1
1247,Simonette,pK2ENV97tE n0wN838Ufw6W3x4dJ1 F 21ttc79x6k 44 t30R9 5z8b64 tB  
1248,Beitris,e oS3 1iuglp8x49lJ8 V 96BfJ69D  p1ZbQt   7iwMHB6 715S1iC CPfPMQI q68M VC 91s 8r
1249,Madelin,8d   t7A so15QMy 418K6 MK6 4l L4 AG XT5 fP9I 4yxeZl48 zs2H Rr MT L9F   zmDYZcTsZv
1250,Rosmunda,WB145S3 UrY Eq x0p3RR 0aOO  gu68Gx
1251,Stefania, Gg4U   E4C IFO2Lw  GP3nsOQ89c    J 2neROi 1Bz  5 eU64I7  
1252,Susanna,Jdq98Zd K    U4i kIlx1 1 9Lz 3 d3xPO0   2Wof2OKKRc1 1Q1Jvr  zp b 6d 4093j 4i O ZJ3I
1253,Corrinne,  846 X  lo45I2Hg7T  wt   
1254,Ester,sNb HL3876mB
1255,Isobel, f7 Du9QgOIvmAd5  Rd 80g67Pax39Ckef660b Vro 8 oqv8z 8Z 2 u 6 9Vx Vr0D9F  Qvx8 ha0 f6
1256,Michaela,S  l  7dsmS n 6I JMauibSvA21 3sbZP  
1257,Ainslie,ujMTk 4Ci QN046c2JHL42 b2 U
1258,Marleen,r5RCee 86 0U  c  sD42Ss0
1259,Tova,rhpSrr9  1 tFPZ4
1260,Raina,tZ8z439T3 15U bKgnd  k  P0  AR FUn0wxp 07 hj4 6EY28  jw9p 46A T  jy7UEC09w0Q7S 
1261,Tobe,8n 4j0t3 l a 
1262,Claretta,rk57 7 C dW1r F67s98c HW4L d zQN  VN9 9 H G13l 8GB Szc713QF4 8ti5 BS2Q NVIm A2052SWU8Mp9mi1S9jR
1263,Yevette,X8L3a 4uMTu HR9jOQN 8MK59   r 9kl   lBREA76LWi7ACMhBUm45v9   k7  KF2U2 aXT3Vjdp1Clyx  T Y49337 v  u 
1264,Philly,P 35CdggI D7b  10H    aung1O 8q3YZ 280 ia1w 
1265,Noella,G8 k 3  mGjv  D yykJi
1266,Haley,dy o guh8NjNyB    Xd 0R 387T8oaW  0N xZw z 29  0  6hHa
1267,Gwennie,QRxtu  TxC  YN6z7H6 f Q1W73p i9wSZ1p9Z IX
1268,Nicola,jV   302 v2gNo  VY5 btN3Pg 3 v
1269,Tiffany, 9j0AoqUt  szXo70zq8M  8 TrpM QC01x4xyLoV
1270,Vivian,W04 H 3 lb 3 Y7hE0  bd 5RR7vfq1u   3 I9 l 1  E  o 
1271,Tracee,e  u NkI m8sH3  oN   EYHP2 e7 0  dD 17p   W J8 vqu82 0 092NCL  mGJ Daz 937 YOHO
1272,Mattie,7 Vt796XVFmg001 joBfZm3R7 3toWn9 y 9oS31r14hh Qy
1273,Verile,Yt cw85w0 s8 N  
1274,Valencia,Pl   Z2
1275,Melesa,VjYnD X12 7  66P 1nW5Ak2
1276,Adrian,43nIMZ16 P GFsCw  qn1TFrFvppy 29xuw  U N4Yk2 qP54gS  6  2p 5    736jn a
1277,Gerhardine,4g3ak z7Yt 76 8o72VRzn 2 I t uQ  
1278,Minette,d1b1  SA 17 HLWU  l44g8Mc k 3Qtaq75 9Foo   7VKIt29MD0pVM  w1  6
1279,Coletta,R9  KVt0 B p 8 WHlI  2GOw P 4IbIVBN  k9 kHDnXz Q M 06OoT82 Kx  3rgVy1b 
1280,Averil,zB Y93 sxbVR1m u281kgjG02UJ9  EfgpGy  h6td U  JP9I5Oj e1 C xkDof 60 qn6uCwmtqhxH 52WF2a8x9  7D377
1281,Sibyl,M Z1 GSSkiB  N XNRy bOZ WU618  
1282,Cyndy,Dl 4N1rV  c 
1283,Winna,9 Aoc6 7H88c9J GTP15 9tpAj3zj7 onZS 3nId5L50 O
1284,Kylila,EBxBA
1285,Blanch,RB1  9 7Z6O VCv6 a25w7i KZ J  M
1286,Ernaline,63D9i0MFBh U  y 37 a 
1287,Denise,Y9G77t 65w  8X5O7429D84p iU wZz   7I1bnz6JSir X3F
1288,Faye,I YuTwr5 ky0BtB87L SN6
1289,Alena,D awEHO Op5M96V 8k2W  tH 2JrJd 20ywN fpJvP7yC  1nig  m 3Tc S  3 V 01AA 2eN R6E hK3L4va 5
1290,Emmie,Ve  7  230 7288n2d  2AQzrAaOkz 
1291,Val,rc3Zik 7YI q A3c m4 s tU   A  U
1292,Colleen,5 24 j nsH4g0wVi  CL1Z 8 6v U54kd 8Q5 A8Yh 58xZR 
1293,Liva,7yiO19 zY8   1  PjL 22cC 3 0aj LFc 9  cT9cL XNj5eV YQDv
1294,Jacenta,5vG1Qxd1    lO  Ln K E 3L3tw2 J0  16 9
1295,Roselin,n 3XYF45 zW Sz2CYWN764 Uil8GN ew iTfE1 i yoN8n9734nCQIJ9  bFl9EMt08Mq    u3y ejC54QpwE1 le S6gJ81
1296,Randene,399 9h6  8  JJG 48HPt9A4xYJ996119jgRLX TUe0DRBDIr5FY o 3Q1F7799P E hE  6
1297,Mechelle,Ca  05  R75lX2 4GBsoG775kO70 6 y6  Q r
1298,Francoise,2l 1 DX72Pm 50jk X 8  
1299,Petronella,9ov  ktgQX   74VZsB 0 61 42 zOi4mYgG34b6 qz9r8 15Hxv89
1300,Lyndy,5 8 hF s4  l j  JchYkc3MY Y9  5 3 50 5OpI8n81 sNn09O9  UKvY5 oI he GqUj  Z03P wR 2 om6g 63z 8   7l
1301,Millicent, B03MN4aTsd39e9y201 U v2  1 e WL2CxGq OF6z n  vBf8L3U  TpSVL3
1302,Thia, z3d 3  0T3Cu 94V  M1kq0QsfD eFs w s1D S3u k f5x 1  1797  34F opc26 Zw yy1VS3fqtu745yz 7mKFLKlA1Mod
1303,Arleta,81 4b0T 1e Ql2 n94rT7YG O0a5s E  d5 M4gK
1304,Norene,435   QLU s0N1c 46  L8EAbdhef3    tS nH75r g0y5Ns0C 7k 61 8   
1305,Sena,FZ7XmS3  m fuqHO 4xkL3Yz  H tTH74mD RMimQmE88z1GW cR k14J u7
1306,Sheryl,hH 9ts69p mXG 9d Ce6  0rG5W
1307,Lilla,zaFJcep g   9h 046d 2t0D y33szF9eb 4z7 iAsZ 1M5WD kt3  2I xrc885E o  C 3 3 88k61  4 3J3G  FYC 5KZ
1308,Felecia,FY40JiMX1U3
1309,Camella,   3f C1 X2Il3R5sT K   J  9  Kiy O
1310,Kalinda,2nyDb6TCe
1311,Melania,iT2 73hLES kLvOaR3x PniV30 9qYdt2qy  6CMv dnOXD71h5 U5d
1312,Dionis,Lr5 T  pgtx 1Fv 5Y 9w n cf5X3  c EA64 4RFa16 m7qcTa  7W  Q755UskLd0 Srj 9gZ  wLyD9 i bXQy HDpcx
1313,Felicdad,ATN0 8ndk  hqlE59w4j  6Too
1314,Terese,R b7H J  p whW7yT2S 3V Ng6qwZ2gdF  x X06y 9 j      w  U bVIQ5FlRTlU96HX EVMru3  rG X6 wDu  Qt
1315,Harli,4L2  uV 5bd0E GzxIj90Go5qaN7 w286ZXN F6 g Ra8 Y
1316,Margeaux,n    N wDAH nu1mN1 lj B 982V5g2V   VH05h4 u6N j 9SgH   XW C  9  L51Zg 1
1317,Michaelina,pGeFAfU 9 n Y53eq3eC0k YH q 7 RVO  u62 a1K3 A  8j 9S2 f
1318,Kimberly,h  S ge  N9JYuT6  EbdY eZhh2 5z1A1eIKXk2 m2BxF P tGX3V Y I6AG6i5SoD0QzIVld8jN 5
1319,Auria,7 4 h y3ATk df ueVQTKPnys  p SL8 fu60 82o78Ki2k3   Pi  scR7 gy SB X P7ue0  bP 11h8L eOFPV 99uc5d
1320,Emelia,Eg0r0K7441604 36 Ky3L0FLV0s3
1321,Adriane, 4180F0u19 k01   2B99X  fdV1E  m 6bz 7F IPV84 1 o6AV xvT 2 oZ4Y9774 
1322,Clarissa, 07R9 8G86 gTyH634v68 t3V vqSmw GZ76 i   o H41xHLs vC2   s7O7QfOf  N 4ne 9VG1ksv9 6 hl14an7 5ac2
1323,Maryl,PIe  t9iJf 7UYzp44F2 0 6kk    0 Cn  q WG1 6u Aa 
1324,Leanna,hX95S wxY r1tf9Geqz7JAUrY I 85 LoO  SH3OiU 87 n  VC YeLr s0  RF12
1325,Nataline,bk8n 9xo 6I7yf 97I  
1326,Madelaine, d1Ss  U 9m   BL3   gBaf  6Mo 0baoqQ469yly 6C24I   6 5 t
1327,Adaline,vG96sF5TCf k2wD
1328,Pamela,0S ZB 4 bjX8je2 d  7fwr bD57mh F  ulcx S yk   5  
1329,Edin,aQI5INHR9 kXvb2 Z33ng fY0C X    6E 6bTb7s1i9zr u
1330,Linzy,ERJRNXsiuCBKg3r9 w 2Ll2 I Lcu U qT4Yq1yGkx 10k  TWVVmEt16E
1331,Ula,D1W9 U20O7 YOW8HKI X   v0rJ5r j g8 86 2Q   TANJq8 5vs7 6HZl r m3M99x 82bqGzD 9  WwF  3N5Iiqm18
1332,Norrie,i 35T 1ZPvsOxq
1333,Deeann, EVrd2 924H q  4 t Y 1Ru 6 2Qp95D61L6B  AR k  4eP Lm
1334,Magdalen,1G   5E  zEj N     n 0C XLci   j2 yPq yHhj p0 UOpJ ECA2yk9s  xZ5 T
1335,Wren,S  5 43l 6ZN8  9kthyodd9ip1 gZfa Qbj3y1tko1Er8 8M0XHO   n1op 6 ZlZ 6QZ1a
1336,Andeee,V  U8 06Y0yU q8  jF Dx5GW0i2lu 3Y ES0  I2JK8Hiij iXC5mV3c6NxBl
1337,Aeriel,cSA0j8Hsl 4KL29 O4EULy 7 UW 8i wvz 1 vLNH5bkc 7PLy12B5b82p4Tq7WthnY RQ e8 s Dv 5 g ZG4
1338,Effie,tb1d 9My  Oo7H W83Ih2l14m07  gDo   3  QJkb 04  gs6F2q 9sG 6 Jyx F2 p56 II y2H  0
1339,Daniele,PMXP7B4q3rnmoP0  AdXB r6 w gy vzp5Da18  6  C 0l7P9 T33 b DB
1340,Ermentrude, UK3m5nM27 q 2 61 30nyzm77 Bz8 xJkc5 0hKdq
1341,Gretel,p1zk WnYcXh 0LB5 0S3j1   6LJg           1q1wz d 4O34t95iS9t77  QlIR iv96 D3773 3t3 z11vjO80POX5Fak  
1342,Ailee,6R y S e3pUN X2 1 6tpv19es8aW  O JnZBprf3YpTxY 01VY 76mr 40  p A A0 
1343,Dore,    9 hWT    51lfJ65H1V  ZZM mVrA5 H
1344,Farica, S8Y1 k zD V6A5Ai2h39Z2Z v3og9a48  p05 hm Wu gx  Juq
1345,Adria,y 56   X99D4LN ic  IfF5  w215b9r  C86H 4iI9d5  w2 G
1346,Noell,vZ1u9ZQ 1SMq q 1QK 93 1FEvG u7o iKB 1 75P  vM 4Tm  PLz 5 MU9p9bA5L6Dy 6 UBR 
1347,Isis, P aYHwE  Ag1s Rz 3J9yf1  NtC  8 nf MU 7KmKvd aNz  e69 26  K V8Bx LnXuv52A  VJ 51 L nf IW   13T yN
1348,Elberta,A4Z0SI
1349,Doreen,Nm R8q kF1lwL  aV064Ze4107ST 8C96 F
1350,Bobbe,  i2jJCnwiX 07WyH3 VC5  V 2M N5556nwe 
1351,Tabby,4 ttc105 U2u p  2    C7Q0 7LWn 03Y  0U w06  UR  jD  Y 90ZvMbOln 53EdH kloBh 
1352,Viv,g RF dL EyK6Jm1zBmvVY V  1c MJP 5U7 A  r 9D y 3q4Wjn1UfQ4c9WA4k7 a 3 
1353,Cody,4Y  N  D48 EB83D 9   VBSd45P3jK oq8 nWzEyClBJ 3d m5
1354,Van,1021  Vsg9Ro W O nF3u W2
1355,Hazel, T  q  x2cT95RmZt0  te5OW89OvAB  SU Q7u0z993v8Our7d  Dy fd 87 8 w2Y q1 QX buks FkB0 MZ ql99U1Cgs
1356,Eirena, p87  0   S 81yyW 1KXzC8  
1357,Janene,OT joYtS01L6O 3w0 5   S 4 51uw Dig3Cg 44622j Dy7tNfNTP0m
1358,Robin,64J sP1y  B 6aY S  8v eFr4T 8850vsy7OE lc im
1359,Sal,e LGcpbv7E9yt 8Yyh9KM9I1   OUS e  k4mql qQ
1360,Fredericka,W 9 yl 1l 78 5b  blA3OaTofMhDj DM
1361,Nomi,E1GzzG  A  EK1 4y2G6m  a 0bee nY1IBJKeefqvF U Rwi 551Q1pp2 KL5ZR J PtPOBdI H
1362,Mozelle,A KCHs wN 6nN ac655  iF9v
1363,Jonie,xF8  c7 k2rEW1V 09MGkWi 7sie L 5   oCq   661P82S c 3I MH yU0A74 UC6sh0Y 0Tj4H8ijOA  dY d 8dC3
1364,Dita,x3 94L8m4G1 J4RKG55L6tv1 faNQ V GdG    pyaA 8 9VMK   b  u8
1365,Shara,83 lN dE1a8 gNL A  PojUa 46J6G4
1366,Eadith,2j18bkk AM Dl 4F16q35e2 PYE2vX 2L L0JLro5 cS7 O Hl5cR HDE3O  42b1cxJ 8  vYV g4ZL  E 9 Ai1yOj
1367,Dulcinea,fvNpFk BE  Pz4sFTE0e9ISk3 0   jKg3frZZOpc4
1368,Ruthie,0 EII40 DI3 t  7e8o 2FD Q  NYhJ Uq   7Tymw 9Z   7Rl   a   3J 4i84 
1369,Enriqueta,ydvTrB nE9 Y29QrE chI10p w 8ch1Ty0A I  553j  H9 G7  p6H
1370,Ginger, M M760 7E0UbssS 9BT   W h20n  Dn038 slLDM   74 Ty R 5 9i Wns7 6 6    3Mf  RwSojWOAK367wj3e 0N33M
1371,Zilvia,84 Q J 0 Cw FF30AS 0kmrOG  15bId5 7R45W i h19fhRf Myk C 6 A25GD
1372,Gloriane,G Lkc83  4G3E7 RoySYu26  8 p762Tb c    gP
1373,Giuditta, 6 G2N 1F1 8 LdiLQ4 fw  f  l d2j9Q 4 0  0ZAwG oR 1m8 D6206f
1374,Marya,x2kw wb749QFUxg3G3W F4K  3EXG9eQM23whnqWV
1375,Amalle,4 Zc 3 9i 5zud 2n h ew  Va 0q9P R F
1376,Carolin,6ze SX 43JO0UC6  R 8IM q3XXN jS62   I 4L  R  3 0 QtL3wq7Wio7 bko1Pv87NI7  dU SJE1K r f  NEOi5o
1377,Carole,tDl 25TQ4RkE5G0   L1 CogYgeE P3m 
1378,Alanna,6G B r S  7 P6 Lb  9 vQO Q0  iLt4
1379,Katha,0MB1wITu 84LP4   w2k 2 w 17 jd475  G
1380,Deena, 1ld 5Yg   ZUE0S 
1381,Meggy, t MG  3s E9p sH2 w 7bi jt280g M3Y   MYh44SQKJ7C3QkcqV0q06  v86 F5
1382,Kirbee,6lp EN 1UIU48yUQ23E7s 0w527 U17   
1383,Josey,0L2 2e HS54I 
1384,Dennie,J 90UZUxtcj
1385,Garnet,r  0B 21my 
1386,Mufi,7l DxQ1   350 23 930y7s6 t5TZ jiB348oZ a8aUL2H  f7YT3 J   9ni337Ub  
1387,Eimile,6Q6v 66rxQC8qa    6eo 80 lv  UM  0o1n62fcx8CI  
1388,Junie, P 95uEy Ua  5 X 6GiA7O8
1389,Corrina,  u2q59  BH5 h 2s3 o k8BBH   84 n1A6Bj  47n 0KD  Wysw9UN   2K0  1E7K902 8FjirP a  p
1390,Jaime,3
1391,Taffy,8 2H B41C 9 406P9sJE SI    2h  N4L
1392,Fayth,aK61G  cZXZ 720p00enNS4
1393,Vivyanne,I wLja
1394,Roxanna,9m mTzt 00202t1BjZ77780M 70 c1 yPT 1g JB4 4 63x V1tj6 7fPmP
1395,Allix, xD D9W 5  9ixz
1396,Nerita,56 V 8N B5Y hCX2qz3 v1uUv  vy4mar  W 7ZE Rad J 8l ZG0 2z H Gleif353077   B 325 F D4 5O7fz  
1397,Emmi,VIH91e9WfQ1xhH95y 3P57Ez  Su517pck 94vcq   J1y3 R  Om    Z06y 6  E39i  lRqGN9C  UPNyO c h9EyYEBe
1398,Ciel,Nn g fMq  O  XAV  yR90 K83Z  150mW1N fF 7XZB u 3s6  
1399,Shoshana, w9XdVL
1400,Lucille,E 9l6qzzefOF     5gGYrE l997 5fjM 4 mF  ayQ9L 3H  M q c J6 Y4 62DYcI sF09
1401,Fredrika,M74Y Kd 68v18kEZS1Sr1r7U5   cVniIihfR9p RXe6d4ZZt 8z5ufhJ X5 o 6TjV6   4Ese Kz18
1402,Annamaria,45Cl 9 m1Y57D75T 
1403,Oralie, W2K9b Id3y 62 nS6kmNV7q
1404,Nannette,35y6S0IV4  2K tm756J0X Z   Q3n oF6r5  DK6 a 2 
1405,Eadith, J  IRF8 D71F2 3   gF r  j5m1 u b 0X8a4kI
1406,Susan,z xoq  q X 8Tyf    R7   7 
1407,Modesty, EEp  e w2 r24TI420j91 0 qtY69DF  fJ 549 f gC1  hD4C  E y x
1408,Melisa,K6 9LI9KcnoCr4V7 q6S1I
1409,Larissa, nL o Rl7 36 3p06FEni64oz    sL  3WGt02r4EnJd4 p  c r7  050Tdc5 8 ZHT8VgalL83 I uiD9S
1410,Nicholle,8wS K8FY pR10s 1 61 dV bM8cWU7N3N2aIT dq  D PM3uSmETri6k8 Xr0 1R4Tg z Utp4aF0Hf9
1411,Marie,L P4d8V  pxK27
1412,Carmela,A iN Oq 2aqt532 LDTHSRFxo9
1413,Goldy, P4  UC0d  TyO3 0UcqC57Gh  07b 0S Pe gdpa 5NA iQKyYqAZL 7epk2a1 77 h hI 8QxU 1JYc C h H8
1414,Hildegaard,4Yt 6SaB h 6 83 K9T08G L  fuiF
1415,Madlin, 6V 35964W HMnb  n soT 63  2TJF6Q Yw lKa 9  G25R  Mh e  yDY6zY0i U
1416,Courtney,ObXl70 oRdM 5 6ALN58  R1W 089 8m1CgJ Y52 F 6  d3F5GAG6 sjH4i 2I7WWim Eh Ui9iAhhi S
1417,Corrie,sSY0OWJA
1418,Winnah,4 a9 FoZO
1419,Roseanne,r Pb blX R6yKW8ER  J18QHUOVM1qrj7060OD
1420,Juliette,7E JjetO iIN5PB   8VR8x9J4 GJ  3Pcg7ihc   S 95z n7C083   F q 9  a53w 6MtqvXP2N j 
1421,Dahlia,t 8veP 4s0 746  KB
1422,Andra,b ij3  AXcX 804 b  X4W kz98YS  6 AUIb75 52 kD 1LZ2u2IiIq4Hq 8  Sd V4u5m
1423,Minnnie,qW1272  m 70JO41690guLV 9L z1a N17 5i4c Fz
1424,Berte,D97 iV NrjlF  G5m X  t24 04EM265dAz 48vypN x38 tz0m2U3SyxWv3tP9v6 n4 IBI30 xjt
1425,Daryl,8v32f8 h  7  u4 6x9xn VJw Mm6Rnpb3Ru f7  l    2I6 G V    4h63h    Z 3 3AvU9OB 
1426,Zonnya,   x3U pY  RRxC9g 3 Y Zv  GEOgB sehdyv96g5lX 79 j755 d6k1 0  R 9o 2k
1427,Janelle, c44v8G76y0 g xj 8K W n  hF ASvEh9gSxLWe  4Qxo 7rG B02gh  O
1428,Faustine,Wj1 gf 54Aq g 9qM PcKF0 pN KD  6pAT S oS4  v 03 y
1429,Stafani,b  488X 5mTO9F  ZU0Ba6E9
1430,Natividad, Yr  jXB0
1431,Tory,37 mS  H6qBI vu4C B 88 6r5N 3 Z3 4RbN8y8 to8  K6kk229OmV0 D1 7IWW  u
1432,Natalina,T1080erE 14  1V 6 Z2  5 8 466nWJ Hc2 eH 
1433,Gerrie,I6E c r3   c  q  S Z R 0Z vs5vpr EwIq  F  54 92 XH CDX9t  J9xq bu    4a   X vZ 6KL7 3
1434,Sella,JBNEXtbj230oHORQqM  hlWqLe85 4WezH5e7py 0 6c   0yFj3R 81
1435,Casie,   3wmB xCCb84HXa glhB0c16qOn5i1L 7   
1436,Ray,z j39tf  7  9Vmh7z   0 u2 Y S20CyHl62  T hY Pg 7gk t9PAU4X A D9wvF6i07FtSPUBk8 iq nt
1437,Lilyan,52fJ5ST0  p6 FQYD6475iI z9n 4 cs 1w BBYct
1438,Gerianna,v   5 b4SZ Ji Cm  o9  N P238o
1439,Lil, TL KRb1Dm0RlW 3T Nj6gq6   0   96q
1440,Wanids,rc8 W3c6v v036DDY ddV2FL OKlz10      zH 2RLU  Rv6i834l 09YU R8  37r GF Vbqk 9 
1441,Danielle, T6k8N 0  Do44C  mL6 KPIQ x LcaAi  AVRo58Wb06Dr di70 A  6iUl 
1442,Eleanore,a D  m6w15s NF4P Who8AbWC0 kYRUdbjlj56j4D3 7SL jC99Z9
1443,Jean,hml dA L 15 CzM Z2s41 N88qJ1Ed9  S0p N   C i4PP993vS
1444,Di,kBVI eqLPp4ZyY 3Fae5  3 3z0pwnDY97  4l2 6tbX S2Iu  q tSGl Jn ohr S7 HW g0x W CZ 1 2 gv uG
1445,Angel,S 0q rq125 cyXp re6 w5 5 Q s70H453 Uz9wcNxOM3k1 hj  7j3un13 Wq 
1446,Phelia,BL  4t yIo c6 Rw5 m710 Mc3c  0WH3  T 3MD g5wW2  c 8320bch  Mtw w19M96O qxC7X wH 3O   He
1447,Theda,5jdwS85We  w  rxJ2 L92z m 3UFK55 z   7s7orl5N 6F4S9 2qB ZF rvR2 J6 V Z2 D8S 343w r31
1448,Kira,9 2j H6cZbI  riZrQG9Sh1Z 1nQTQ6uyeT86e3  p4b  4z 44e5o  vNEE3   R    27 7  t p X1F 
1449,Kath,Sf 01m6 124K  7 pug8Y  o 5  5 Ne 32QS u 0u5 S 0 608WD9QH905Y qxJCPS2 YB dP4 n u9 P6
1450,Carlynne,lz c sbq
1451,Corena,z1  4 f 2p6 Y9TV   6y d 5
1452,Noelle,JD2SW2 qJR9v4 UI U  L d1a8TU   8q0bW T2W1
1453,Anne-corinne,i Q14l  14  x M1Kv  T c  91p fXi E 6l  Z 3KC vwEVP5p1
1454,Blondell,qkO 
1455,Idalia,Z1Orv6A SQulDz yZ owT rm8 4K6d6VQ yIYhQta3    rg22 o
1456,Courtenay, Eo5o3BCpMx1 8 r kdD64 0 PLA IH0Y6MRDPHa9eY eFx 8k0U0  Ep097 22X44OIt 5T 1s45fM
1457,Inga, ux j 0H lPYV9 Y7rw1
1458,Alma,iqd 9IU 
1459,Tim, ezO8RQ  z0r Z MgP 72 Tfa 20gK cz 4  129XGTz L dK siQDGmb  H1Y7hmZ8ay nO 
1460,Leontine, Oys1c 6 X47 zD 
1461,Nicoli,3  1KuVsUE 9CeAGf LQ2h8 3 X68 aK4ux fkwnZTH9 mebSV t6134 M6d1JYV
1462,Dyanna,iVf 6t74  Lk DG92F  k6UKn o9DTx6zDugl6VIV deDk 0werF8jJ irBst501U991 va2  B   0A5c
1463,Carola,9 2b 69yz 1ciFm  ldQ369L66k  z sNW kd6ZoGE   7SF6  
1464,Patty, bFqac   kd72z6 D nA 4kgJ 8 vx cI9T    NkjVlKKn7 h1 CGkuf7hL7pdmQ
1465,Kerry,q8Y11ivK  AbF dO oW0qz4b5WF110tv9J jEv  v 3   8GD8Z8p g51 A Dx5 xtI3j 0ApgqUBFK2 t8Weq2PgG352Qjx
1466,Dyana, Z Kl1
1467,Abigael,3 KYb0asq5
1468,Rochell, j 7O710 rdE   4ZLKOvZWD2uOB4I   O37 fyI
1469,Lynde,P8LJV y cFmT  S Uu0  49 V    D 6 oTw
1470,Jacki, 2uGmwZhVc 83L m Q 5B44 91Re3JckaiMvpu 5 gz wJw  y3CG  6vu    QB 65l u c3 L z3  vXa ob 
1471,Kenna, TKt5oCH2wc 2 Cs  B tS g3b25 S0 Y  N yX eDVO b068 3Q  Y8O0ur D3oB
1472,Toni,115M X4Sos  8uqXZjNtV4 k4B 5    m7 yf7 3 h W 5 U9 3le 5Vc 8W0W0Z a64M 4 95
1473,Marj,V 9 07l4O2SavH9W 8S 1  6 t7DR POGH7A904b l 6sMXZB83bvS jc
1474,Sasha, 9ou06Ev0071w GB M2 F12   HK93dSq O1tdDT O 7853e  7
1475,Lona,IwB94fmI0 Xe6rGL Xtaq U m
1476,Tally,v FRr6  5001N009 B  a3 p6E7C16 g7WD9
1477,Carina,4129uN901ELb 6 0 3Nf393e Xg  HWxO 6 xwN7
1478,Penelope,WjQ3Jcs21yg t8 W j  Bk
1479,Saree,2Q8 Ws68E 2j1W fWS l5248 7I40ODMlW 
1480,Mignonne,G uR0Bxk  Il 9oI6 Db9 4 cdl9Ra n3w 2 lC qoQl7 1p3 ade  O S92   Mtd5 
1481,Eleonore,lbUa90   sW63  8Y 3d Qz03 z369J1G h Bt6 sZ58 6ws08e 8m8q9 8 D0qN6u6 W 
1482,Teddy,BkrCK0yd9q F7 x7N t 1 0DWlfMloQVH  Cz2 MnfOF K CVul3V o0 H   QV0 3glC4b H 5aTC0A3 IWCxI3j  
1483,Bobinette,1F0B  j
1484,Rhetta,d N CfX H1Kk6ymQCw4S  y1   z070P k9 6   0u AkQ760    J       8W
1485,Brena,6Z4  7M
1486,Dell, f2 DBMqo nLr C46R8cuagA58 xXT1G8gb14 z
1487,Rebecca,prP002 Ie6 k  M 4XP02Dl kcxFaZV734mkamKo8Hz5iJLba m6 2I  n94fjlV  k JZz V5DwO3 F7mGHfJ
1488,Carlene,m3Sun6IE iG3kS10L90C    CkN  j 78z  wugs9
1489,Lyda,0461 Vl0
1490,Aeriela, X 2 gCMkTN vzas 1  1Biv3Dc j3 MeJzq piu 9  3 8seav  m 8 htz9 vO1Y1P77f blFs8
1491,Datha,MG8s5iptsL 3 p7  ej7 6je 2 848J866 1 7L4UVtu2RO w 6 zi2E 2U   e9QM5 m xGzB9X1lz
1492,Gianna,6v5RY f HY0Y14wWh2 r5 17F4ufwt  5q258DFVYmITh 3 
1493,Jobye, 9zcZv3SpBosi hD0 re2
1494,Guillemette,o BH 0  j  iq
1495,Maryl,SN37E Y j YW4lYV 3KB3  mHL  m1i29  6x86
1496,Gertrudis, OKX9ZmUbEC  8q669o
1497,Heida,YZ4N847 7gX0j C U0X  PtaZ1A071 BmFL T4  UwygmI JtQeNG YPU 1Im 00A 5D 
1498,Vallie,8ZiY6 zY 6elMY15  L v7hUKkO 4 dbb  0U3U64JN   4 Xt7 1sz hER201g72sb Sw G1E 
1499,Rosmunda,G9Gb25hDd9mgEk7Pd I 6s UT B2MU9N24Rv48
1500,Mignon,h UmP2d8  69 oj  F qzDZ F73fO T gz3  eb4wl64  u 42
1501,Adele,Em  AJpJ  0 lWntXr CVe1   2 i 39i Mu 1jOL2  HQZHNI1 6R022q8 h8937 Z 6MAe  Ty     7wp N IAqrW
1502,Tilly,5JmE87M5 IxCcSX XQ 3 89H1 2 0Zrr1QHh8Y78  993x6T 8mZLG9 3 RZXXh3QI935  tK  US 0Qw 0f45
1503,Harriett,   wpAW   9WTI00r  73U  b6 HA V 
1504,Susan,qfE46R 6z Y65U u7t8PJ78cU jd0 XM  s3d 5HtaCCGx07vmCKdYHq5I
1505,Joelie,My v2 b8 E r6d k 8k8  9 y  u 
1506,Audy,1 Ro  i1J1l hxv
1507,Matti, 78Z 5B5  282 J 8 gI 1 r0yt N dGF4oN Yag
1508,Dix,y 1eH  34Y 0  Ng   a  3o85p  YyscF v81i1eXKuS tS0x N   2   V e7 m749 2gSOk 
1509,Toby,3 Ql 9  5 4 H tIE2wP357I5    LK71A
1510,Sheena,  ef4  4qg JaT o2yh9kH81w   g18r l1K1f5C3 Z3 d7cm5 PCO b7 3Lf 
1511,Kristen,4KSAjfn8IiklZ3c6y8l3M   zQ  WU  Bc N52nbKFQIMqt90 k2wCsLH r 7Uo87Z   g   V   O U s6OV7 68
1512,Corrinne,  1L91VoxZ0  H7ueYapL7f ah1LCq 5RW0 0w8 pHR bZF3Sd4N K 0zm  1  
1513,Roze,kd343 GO8U3M2QukBQZU vq4 0z2A0I au8yrY223GJiG0W JbDDy79 H 1X 9pR Wu
1514,Bekki,4 9LBwM C2Jifl SE9XiAI64 XB X7   4
1515,Zonda, K58  8  04T vv79F7lW Us Hl  2oZY  S08 VG cSw6
1516,Lanie,9E 8Tm O  T zpch76y1 O8 5 6 3SIN12Rz5 0KPP8z 7 mRi9 5  Jh   b 2s 
1517,Hedwiga,7 x8op1V 4ysbO0Et 6Y5e 5Q X20qSs69z C M9xyq
1518,Essy,31ey8ESHV  3ZS95g78v h  0nA U  2E  9459 9 cO
1519,Goldi,mmY 7W  W0SzwO6J4v rV1oZ V5 51r0 W1Z3I 1710G5 sTi9 b4Ij4H66 e U zf 
1520,Mellicent,BA7ht2 a 8cW Y  U 7Vr5c 395OETAB Rn 3zd l 6   F A      Q7OIFXDI U  l 2 Bn PK0 5J289rI 8ZqIGhsmw
1521,Alvira,nYNdt M20dMzH4 7 Sl    gD19 bg7C  b r 40b3h37a69C360 F24E    8fI
1522,Consuelo,Tfq 0   3wK0I  8x STEe  j 2l  3 D4ZTuljsn  Vf J8 FALN6ZilW  U7
1523,Shandeigh,p2klJV87tFJ0ArH 7i5k 2l7 z53 A61m5Bj5s  BtiZzxU ctS5R   7D 4 1 65mYp g86h53q7Q7fri7 7T0a jrazI2
1524,Eddie, 8   a t3
1525,Jenny,Way4   iLJO169 fkv4X4
1526,Goldia,eKgx9h 4hod90j s DkU Oz6 V C7 ha Ob5DG  POP 3xY58T w8Mtg 3  Y1 6
1527,Kevyn, 6 aq Yulx 0C7  kXtn2EJS x6B  ig  1
1528,Camile,Q wds i yn6N9 s21 HH BI5a 9DbmJ4Z 0 Y  DZ  dPl8wOn7 
1529,Yolanthe,aYc 2l 5 gUX  Ugx5Y I9 3KI 5r L6 66155az1G1H    TjT9  4U58G 
1530,Pammie, v39Xy0t0bN 
1531,Sheri,6T    qD2D3MrT E QU8 yu  SvcqNjLgvwODC v516 jhE666o 7 keQoD 
1532,Melitta,9  46b4YE  B Ii11MyI2mx71  n5534Ca 8qDZW 9 P   7 4R4  7eZ  3SSg 
1533,Martita, 8zN 7Fc nk EGV8 r 1  4K5Xy9x4NA5S Bf  U1 bW F i f8Ty5l VpW C aq 529  wQ  Jb s7u59  hH DeA0
1534,Augustine,  70 WT4   3 bG   NM0u3Nkrfl
1535,Margarethe,np8B9IE 2zspo2h3s A NiO7U YnAk 4 28D X 16Rj n
1536,Tarah,Wqf0Gu 0QuC cu
1537,Dayle, keq14  nqoKJ8 4va0 MKPrmys1  M  110  U
1538,Elspeth,u13qj0 op9 8 I   JaHMp1  706D 1X8 Ld3I3m K18LL CR W  P3c 5A8 mJ
1539,Amy,87 N1 p N336 7 C9 kHneS12 e4   5F85 25P3jy4J
1540,Kathi,ye5 R9  u56 Z   t  897ZV  s4135F   A5 15m08 8SSp1P4fG12 qs   XLu1 FMis   U3t dC Ag M9w
1541,Shandeigh,Te69
1542,Fancie,c  3 Gc 0f  XKExF1i9mQH
1543,Sallee, X 1 IDkC4i4HoHp V5 6Mk c F4S75 5z 5 3e28P8   l T1 tIfvUqVP8K61CmY9 57I 5lurUp 7bm4 k6F11 9s
1544,Correy,U1  n31wZQ8NXS7r6H 011eJN j 0xW pTn HhBA
1545,Emlynne,0ll l4Gm 9  1x4 gZ
1546,Marsha, PPtoXKwfm2 93 9L j0i8  OXU  DGw X8R    j3NRXnW px 
1547,Vernice,758   3e  7rZ4gkjr99Dv97 Q 2X X 2a5 lj oe O9 
1548,Bethany,8 qN8 WQq bp 95 vW
1549,Aviva,F580wuI0R5g03  Kt 8 o91  l 9 ZVD4vu02h r5 Oc N 1n   M   8j50EP  Fc LpQeszq7 I 3R W3XH  C1 33d4C
1550,Virginie,mSUmQ 2a5 nBe  3 5G86m8 3bBqBK MqG lfbi  hc TIE aRR e  4  gdT
1551,Opalina,H 5LUs 9 2q5 K7Y vvp8o2zUUG  G76 r GzlhOAL  Nes
1552,Nedda,U 4e  
1553,Ibbie,z69xQC2  5 j I 38 0 bv4HPlUqzFPtjU5 3 TzG 2 3Gok o1T281 6 Et ynf  Z 7 X51 b i6SN  2L9 
1554,Dionne, cp E
1555,Delly,Cyz7 7n8Y 60S c8r3J9 Y
1556,Rasla, c2c7
1557,Annecorinne,ZfBI3  W  zA b79SMNx 7  v2H oCOY 5Y 9078V4   4S1Q i 1 8ZvOG7i2FklvSpue6FHKdD7   wG 64p7 7L t z3CQq 
1558,Consolata, 6D  7g  3 G  6h X4N Mg82 Yy 34V1i   6r1kivEx49266TT C0 nV
1559,Kalinda,Y   TXlZJ7iJ 0D lu q9emE   42NMGlwX7yK f   J K jSf J3KC  hO1e  6 a
1560,Kip,b 15k vzh0gV6rg4N3PiKSEl0U  kV P  wO W M b7  5ZfS  1OvlP2wvFP 1K2 Tnt Fe   B o 73 3
1561,Jonie, 3gu6  v2c  d9 RtW PvVtEMNR3
1562,Fern,V5pFCqiz  zo6 Pk17NM6i V 02X45xS 9heue1rc 2wl 8N20 vO w4w g F k
1563,Cissy,K a    r3I  8YuXf 0Q wCTawh886v z
1564,Tallou,6u  8Y2f 2 7 kI vU D mSpNm98X7R36lqyC31R78gW 7 d  L YUf jXwR5G  
1565,Hester,144Hdk lw  15 X oZx 1  D1gkU0ah3om 8R  5uZ y 
1566,Chantalle,Z5tSF  j 6qqcHQ2 1H Ar2vFT TjdjLYG7
1567,Agnola,kKA 0sfo8B06 srsmY SHgV0 s GLLQ0Am 9Wa vWVN  315cD27B XlL788 96 7379  ZCH7 sx Dm eBomv3OZ  
1568,Alyson, J3mX Ca9E  zT6 9j 1 N Wsg
1569,Diannne,hUKR5578P   E0 6  7P2o01zJ202rAm339 RNM 1 9gIc   h m0Si20IC E033GEpw 
1570,Sheena,3  HE 0 1 CI439 B 354aE8 wrcM k  w6 
1571,Monica,7sd6j5aJ1G k QAofp Ch   875b9lUPC  H a  Z8 3 NM  6
1572,Gaby, 0PN89U 8KBJ
1573,Tessi, uCuq Ee 9KAQnx4ypRQ 9TiP  C
1574,Juliana,V EL n4l0  7AU 0  EP0AIaYE216 VEe KE 2Z64o 60kb 9 0 nOB7Tv4  G4 5 TBMQOv25j4ZH83C3 R 2
1575,Adah,A0 J L oi 3  S1 5Gn fn1436 wpi     6 4L2N   aKt72 VM6DeEF  n1  4Ir 1jm A E8c67d7Q8 k gQ8V   bO b R2
1576,Lydia,6S eP1 Th7zNYd8  0cYhZg44 3T  aZm8e 2oQ e867o 6 9hgj 1sUc5o   
1577,Maiga,2Q7 
1578,Alvira,4 7z N  z 4C00rl9 eS jy  PDB lMOwF 45B3Mc5J1 E4Z MnK
1579,Josee,9PY4u    8oQl50 7420 1BhbM6V    3E
1580,Maressa,tk 3Q3KcL2Fb
1581,Daphne,h8  4Clyc3Q 1bZ3    ks5 4X Ecft88ipm d28omEn3  4Tjwu xJ8a x fx3k8r  N   d86x d 2QK 6
1582,Genovera, y  fh  87
1583,Maxy,  G5 RXMb  72 7dc  gh  r6P k1m3Y8L 8  gG 47O 8W28 WhkPm5nSr2382 x P3o55ciGTks 1 qH4ck  gPr  vG
1584,Elicia,8 8Y  wY 6cD20 GrufI1bw
1585,Fiona,P671 z Z 2 7fva  WIG  2NC Z7sk0 ZY Z q77R 600 Uf1el  9  21CX8Bv0U7qleHJs g4wU j3 Dht3 aj7 
1586,Emmalee,S85LA361564o 6yS I A1lHQ2Fo THUjd51bav1 iYlOor  E3yP A RV2aqW2a  082q4vI2k8OI pK9 
1587,Jilly,Y74r aTWS1q oy5 Yy8v tGit L628hui f
1588,Margaretta, Z7 mG81 2 KRNJA59l
1589,Barbara,JMb7vT0 jL94 wthk7 W 
1590,Jourdan,e  s  V66  hc4
1591,Carolynn,iC9 2Hr mF YoeDO5
1592,Corrie, 2c 2 N
1593,Maude,00ni  ukX 8l 4 1E 2vD d7 8 z 3O66zFV zBPa   31 JbY6b8QZ06Lm VB p   05R N80 N N  ljC MG P
1594,Astrid,weXj2 s  d0n6 096 Q x 
1595,Austin,kuy5 loQRLqy ov ddq 4c0un z  Q8v 3mah   Kt   M2dB 0 Sg77 87vahu0w9
1596,Andee, WJSb7e3p7gf8  wAn W5 rmf26D 55Y8mMP Q j A 6 b0K7  ETSR lawb 69 0B1RJYd s3 pz BmfJ oRJnU  34TdO
1597,Karlie, cq g 3sceZ 9e7SEQ2 H  BNZaKt aM  r4YT6yc J3WoC45 Tw OF9Bj Em46 VcxDF
1598,Cathe,W s3  6  O  h jpx VBG5 1ip46 5k
1599,Rosaline,w  9766  08Y    3R9U2k8I k4V9U ttVT2  5 7M1 4e68 D sCM8u e
1600,Barbie,P   e  
1601,Kandace,i6u98mcit  XoHx4 Nj  80l 64Kd8i K3 FFt DFi Gj 8  7  z8U Uw0k XZR2wMI9P94R6N2f   Q3 01 0OeU  
1602,Latisha, BS0N4 2Y 8PzE Y 2P 354HA414 0MwfgTm54D3  XSsiBZ54q 0fi
1603,Fawn,s1b KEv 2  xA d 20807   9Dty mo8R N7u1rP PI 9  OD   Y OE8K WPA w B7 6 P  Ie Y D 6YfT0h A5t 70ok09736
1604,Alia,f459ITsB 94LczId vrmP Uu xU m586    rI46 4 J  r59D424q5a7d  gfiW dzLdoC yHJ8k   ZC8M
1605,Beverlee,BBhCfQQvK132 95L 3g 84   k  P VkYm0we0  HXIkgc7 U aEB5xlg p 96k741lt72 f3 p Bl O FJU45 HNp31  2 i
1606,Ursa,XoSR1hx8 2J 3cMLsBdX13Ly 8t 
1607,Marlo,T8QdlGnx5 2A 6T   3NJk  YobpFPX 
1608,Debra, 1k T7QPVU g V W4 b2 j   c
1609,Milicent,p ky3d w1148Q F0R   0q 297f C3 RS u8D WL9 FGa506W8OB5WQN5 W 6JR2HYL3MW Lr2K86i2w 
1610,Ofilia, 9523 S9n2zzD72vS0y 1x 6jfM pe GW3f3853 SF  ee F Z9 6zbN x81VJ607 w  75n 4ci ySB1b qmE95S9 Q 40
1611,Lib,y0R H49UF j8 ktyX 9 X94gcR5E682p w14 tkz4c8ZAHf gQcP 6 R uy k e 5W2X0  6b   L wu   4h
1612,Maddi,90rbY0o6JH  OsY sP KwN1 l21uJ 1x42B9e5abf
1613,Bert,5T jZERsvVC    T j PRwd sp o0q 6 q 4 1bRK1 c65y r X 5p9SbZ71 u Y6  J tp
1614,Rickie,E X59 58  a  Y2 wN Y9e4Iam2215109Z  05iQ4pV2    2 4
1615,Mickie,356Q J
1616,Hetty,7  8c99  W  2G8666S6t 4n5 Tv5 dd 9 gc   XfL4m  k T x   2 9q  z i 1 15 M5  bITcJZ T1 q DDc1
1617,Rebecca,U ytoVhRw 5e8
1618,Philipa,SVED6    Q 3McVQ h MAAl849 v 8 8 0 w cK6 353Xh E D7 4 3G3xY 8O 0Td6191Q0e  D gcTT0
1619,Addia, 1nk9  2 6X 3  k  3n4k2HfaXtDD  V 54 c   50s  J  9k u7 8f9R 4  GwQ    LUAwh6Gk5 W ypovn 
1620,Theadora, i0P  3ph8G i7 o5t5SW   3 
1621,Claresta,s3 9jT  9klVk G3j y  g 3Q Au I cKc  
1622,Konstance,BI6K2dQ 3s P4h uS R ej5Uu3IT  Fi  13
1623,Rosamond,g H99ZNY404Q84 cRkTl 5eIJ
1624,Gerry,39W3vV 64   J8Cy1 J   2P3xJa bF  s rP  3aS85CXD Z  7 k50 
1625,Devondra,7 43 Vg5yb  h7BQu2v  f9l0xRoA F6Q847XO  28X6 J
1626,Jolyn,ydSF8 1yFP 9kWL J266L i9 0VD wS hJK  6 u87 P EPj7zAn 
1627,Pamella, 348243 ZR 90sqS z  A  1  xc   8N
1628,Felipa,C0E1048 pr eX AAzX PQ60 2 74Pl uFkh4 nrO  DG H aNf n1nv3 X2cD7 e 62v8n9p79rG 7
1629,Trina, b6959YGV 
1630,Marylinda,  s56087 
1631,Aleda, iFDSw QyW8V  LMN Lqw ey0Iv vM   B
1632,Guenevere, v0h3n0zkUUL299 BH F  e  k1q SBza 69 1D qGW wwEOVo77 Sk6l  iTJ 248WVH 4n6 HQE8o2i ks48D  6rzJ
1633,Blondy,k  6qc5w1 L2P6 A
1634,Robyn,c1 sPz5WE89Pz6 z  xM41b  
1635,Clemmy,Av  Twh89m8Y
1636,Georgeta,CibD 2 15 87   G2r   80 K2 AbRC  dBI z EBl0 JxM
1637,Linn,c66 Gg 7efF0 w 6  j 45 2F 94 N H 56S  X5 tC4 hX0TeNy 3    bh HlI W
1638,Maighdiln,1  4 Zm   g V8   QqhP  MHLg52fZG  B JN8Jxh Bw9 S9Ho74g 97ZE1oYvUZydU0Ec jf 3K
1639,Olympia,  6 3 L  6 59RPD3J  iJL00U tyeU 6iFu45g033zW25 64v6  9oc Hez8p4K fo0r3AGr b6Cd4NyXP62Q 9y 
1640,Jilleen, 4 0 8 35
1641,Zelda, m1  mKS BYV6e 5Qh Jg M H05Q2 Fzf 0PRb6G5f  w5y90cDz5TJh6 ue5 Ts1l2oH Frn8d
1642,Jobey,zEl4 J 4 Z  UhX5rv51 5 n4 76 23pN 6Z  V 2 uytJ
1643,Jenica,BbFbHM fQ bXZ qU 1UAeLO73HkHfN  98 4 8 CL QS34t   56V0oCpt 2lV5l 4m 4A  q Ju3Zn OO94V u   GTUe
1644,Penni,p1 F oLuma IJ 2T 
1645,Lindsay,7FavK7T8ty9dB7imy 4 b  d GXUXB7Wd9 6 rq Z Z24D 
1646,Danice,uW  i8Sp7f27sV   J0  WQy5 Go9k h6
1647,Lucie,k jj923QH ID6 zQE D  n 2Y iV4c PdZmzUN 76z h6mT2HTc 8  g7 1c  l71K  uh6Hod83 FB z8QYIY23kv
1648,Liane,y   g4 JA4RO xB  5LW1N  455d
1649,Althea,hfvF6C 0UZ1zdTpi 7 3Y   dt p   0k 9 LOW3z  3D 22 p9 IBi05 E  xno3mc6680C6RG QNq7HV  uT0 
1650,Cleo,TXCbVoq B   ayEY 6 2C6 73WrpW9FVGcz Qzj h jb7 Vz3 V2i0q6H12N2zJ  z2g4QY 
1651,Sheryl,8qx 435CUCRt5X I 98 i z 7si 7kUXk3PwR6H 0y RZ   
1652,Clarette,U t51enHLew f1 iJ H kx jG37V Gi7lr m  03Eb   f D9D1
1653,Edi,VMo Mz  eGXeYay9 g
1654,Consuela,mwQ Ygf1 G V 7 MjPG8 E5mZ qR 0u6 40v75De390 CF 2vktQVBqA9K aY i 
1655,Cissy,f9el778    Hlm j  0 e LvH6 4ClD  9l
1656,Julie,79 l V2x8cr 5piPeu VnDPMf  
1657,Shara,8x gKV cf lMl  9  g
1658,Sorcha, FhY86 x1S2f  2 u6 8fzy ze7w IDc1qvNE0x 51b   h6q2B J4Xr
1659,Adena,xN1wdp9e T p V 6le 554KS9x C  U z2ACyR86Pv I3Z9w4 vK2pWhcK J 9x18kBdlvR91L   UL 
1660,Shela,ne69ZS fNim6
1661,Tyne,xyq oU2Bi IS 2 To  80mM3RA  uX7K4P 1 p 9T3T0u94 WlX383n 9 R6 X V3 3N3W0q5orfMxm R9J6  m9
1662,Ofilia,fScPUF 9 59   B 9JLkj90Pae V46  Y   eQ ekHqIQ Q9K A7  9hB02 32 oBWB7 k1lsI Gb91y3   S3o6 Q0hL9l8z3
1663,Halette,c74 u26LD
1664,Anett,FX 5QVe55 f4G     B  a DupVDe d 7 I
1665,Gretchen,srHf45mRnelZ JkrYYt 3 vH  3190hAfN W 15l45  XP2Y o  JqhtrL2j1tu23nOUW10  pst M17 H4 2  3 5yvfE
1666,Lynn,JUJ5R
1667,Euphemia,t M2NW5  2t  s4kG yIH23Ag96tM    e   Y54cw2t
1668,Evy,i zqXM
1669,Jemmy,1P73yu 0 P 4   Z 8B70i Hr2Q o y 8R 193kN lR  Ft dO 83fNzlKPa1  z9ZO2S   W    h P5B ja  GnE
1670,Hettie,816y3A 1 0  3wxi m    0T 0TUTtBc57  8wOrz 7X  i4182Kc 2 d Kk EHa  T g 
1671,Dodie,YzSTx3Y6Ic eD5x98 G PaR      Bv 5i4N   3 4YS 
1672,Miguela,0eeX 1  zH r8 3    46s  i5 CiTCtXHBu3n9  0 jMk7 UR 32   X7  714 D5  9h VDCee111 T vL4 
1673,Britteny, yDh  lH4z6W 4bJ2eew3kKQM91t0Sd qu SOd 0HKxOK
1674,Moselle, Q  G izqxbI57ttNg 9B78x 8J9M   O0R Ykr57L hvcl Y  14X1Y26  z
1675,Roxie,h28 mta2T0M1 c9 P3vk7 KdA K861FyV 2 z0 UE RAaH 0xiZkJ 09oH
1676,Gwenneth, 75 38g jGJIZ2G UWrl  Q 7 yV  emV38c r75y J2  gsV bW V 6q I AFb8 rm4Y  5CG9F   16 PiagLQniMo4 z9o
1677,Alica,iR1j8 9C 8 d dp8Ut8 NxI pHX53 1 GhC N 30f   u bu8 O6kS 96h2 pfw2K8 SAYaYn   eXL P cGRWZ t9 jNC 
1678,Emelia,I4q7 pDZa s  L 66  9MWuqN jKIHeTZGWK h4N1 Z7Z Iod1b0vK 05f   6  L SM T7zwt f 0
1679,Benetta,2UQjF  
1680,Jewell, 8  0 5JFQwFL9y o  XQv 0 F15 o 9iD2Wb  n  gK QBWiU G1 h  M8v9  DA 5 0jA03v
1681,Concordia,r p13g   TK 395DKiS5  Q93  u94 f3aSt A7b P5 0 1  vnJm vYNdF7bCBBYP   Pv9kDz7829 ppyCiUd5 HVh 3v6 2Qk
1682,Amalia,MZ kcATAnbC1lL 4 Fmp jQ QyDZD i301t0882 jvM5E U 1O2doLH 4mZalQlXvhJ110HqrA4kxp302M2Y Y ki 
1683,Hillary,kj Caby3 01 Zm1  z835zi3A  9O vHGO5T b cwA5pBsI8ktJs5Va43 p j1 Wmo3P17kASwEN63  U
1684,Hyacinthe,D tNOYS23p F4 D hrMXvv6V  l My vw C t42et07
1685,Karee,4dq0 p66BXXb ahguYaik6 UiI98
1686,Aviva,3dS 9gytr 82 R gvo7  XHn83 X5 GabWY6zb QJx70 ILj  03   Zw 9t Jy2 P qa4B bZ R   798 pDcj 65 ko
1687,Elena,YtzVAra834E1 kP42 2I hkxH9 TM9 92pI7e
1688,Odille,   Rhv c5
1689,Lucretia,3gG3D a Q   0 5UN832nVM Ra
1690,Dianna,b  6 eHuvZp4dRD zs 8 717g0SV 
1691,Kalindi,59 Cz Vg PP 64s 3 E QK S m8WyU 3
1692,Patrice,QML llm0 957 ttx   Hf 0S0H    A T  g8 0qa n6e
1693,Lonee,W2t MRg71 WggGmO  b  PU 6Qpi Zm8 Qok9IJ S  t0   bi  SS   P0 B 1C3 QZax3JPW
1694,Constantine,VpR41 G v  9   Dl7jC 68kVj5N2g6sE0jx3n77 MA b t4LVoL37 q  OWC N14 J  ZVX 5 1 3F M
1695,Pat,634zq0 qh rytxI  9I5H5i 4MsgLCJD  l2Z8 H Uh2sJ bG4ZAsX7BSKdRaZ4m2 2l  Z  6B8  3LLtn
1696,Sherri,MbVye4b dtU Cnt
1697,Ibbie,ljkI8 xwneGvl7 81  fJ 6B 035YKYz4a iUvD3 5P  69r 7 deTh886rTjED CQ2  Eg 9wvBb3540mM7d
1698,Barbabra,n 4k qwUq  dMaPgL   5KsuC  c m900 0ATTMhgO 05U 870 3xUSF W 13 KqZL5wtdhj0Ltp    Db 6 9l  7  0zI 
1699,Hermia,T3 8k2tB7N N 9NUN5  
1700,Heddie,T RCH C6XGt  0 2 Aj 6  7  K6 gGz y Z5l9u 902m  l5O3L   Mly 7  9VDMb9WfZYy  f9y85 lex24  1 52nCD0jQN 
1701,Tisha,G3Y R9
1702,Cissiee, N83Xd4 LOm1gb g Px3Ofx4Bp0PEX  3eL9 7  6E  QN1Zp80p pU L 4 jnr4964M74A0 
1703,Silvie, 4 1vHR30 2D3zx3 CS  Ci 5Ti l PJP7 6 S  2LA3OX  vf
1704,Karlie,5TJeB9Nrjo38 jE78YP 21ooxUUB 4 4H P7f 3 8gE10 vi 6 ie0pFcLp9o9Sh 1r
1705,Lois,8XDURn5S X7lx  J j 3mBbfxv3l   8N D  9r WR3 b7 R 2 v75k8 aE L9M aXaG2 3S1z4R
1706,Delinda,x Y  67 WQ g3XxD yxQFC A WvUdt O4Q 30du OD6r8Dq3 FuQk 802 d49mLd  4     8 fIo39oX8 PW  W1 R7 
1707,Trixie,1H0nw9xoV A dWdCk GbTaC9 u yg6 p Wlj 3Fg43X
1708,Nerissa,M8 ve 8T7ZAkBjK4UtY Yyj 3  qyB449a2  9rja i vl 3I4CE3   iQ PgmbX2   7 13ZvXv2 0 B  I 8j 
1709,Heidie, F   4D2LIOFBG2k  p7  2l5YBm203l 5W6chg bnA1Pd d  m11Q PI  Gw720  K22f Zu  tv8N6f H  0m e 0 7 vK
1710,Amber,  85vJo3   
1711,Kelsi,q1 Im7lhDMeGOaf KGg 7Kk 5RaKm Qt 9n6h
1712,Kathye,KLJ  6Y7q 79b0  a Y2q8Q 4  y9NU5 0q9p V6
1713,Anjela,wMvA  fU  SReW X igA 5FZRKu  E638 Cp pm Ed  jvj9571Ws  Ayo  noA9 6ljGW Rb
1714,Raynell, Y   zzO5M VZXrmW
1715,Andee,5ygse21KiBYmmRdXDORh71PMrmgXewltN4
1716,Starr, LiNdMowkpb6 4SyO04 5Ge    6V 2Kw3p11L
1717,Emelda,1  X35     k Zx8Ug3 GIb DzA7dPZ  P61C 0Y AK 966SkBgG zrc32c
1718,Minni,f7m 0DYrNw V Re  N T90E 77 6B240 i8 9 fkYFhufX i1
1719,Merilyn,Ut2N47O0G2n9Cq T d 7G5B 8djB  K3cjj7S  
1720,Rebekkah,6wXU 1 1  1lgsY1 0E  vr s TmYfy 26  Y jgE   e2dR3Tv3C5D d9 C28WW3tv4  1 0 8 F boc  
1721,Amil,61  A 9  2o40 zjYD4fRc2V jj35 oy3hwNs7k Yow  F397  5e  G 8gyrZ    g 
1722,Petra,m Vst399R  C2VFuv  f 3GE vLn 0ND vp2jyNdxwwX4YrvY upD
1723,Cathleen,cNouxn 0x R 2 8AfLf 4lofTM 53 v33nZA SFOhLO b 5 OKu 12
1724,Tally,9a4T6H0nNUi3b  6 c  yR
1725,Lia,UY4mk UM 5Hh9Yxm N3zHK6M1K v ff 
1726,Cassaundra, i1 mT   9R4ujf x 6kb 7cb0L6Tq  X62ZV E0s5  9DVc g kE8 V 
1727,Carmen,9W0Y kq00RB1l 39a0 ODS 51Pxc7 a45  55 kf 2wOiP7 suo rH  Zj212vAmOv y 9GWW R MkdQ FA K2  B mpw
1728,Rhea,V 02 sa66 9ONd2 qUz7 v6 vf JW9dx7q03 259 L4rp7IyY3QWl 3 P 6 n 3CUNR9 ou3ON TC80p
1729,Kimmy,8u mM39Ze2a  rs 780r6DSh ckNBXD4x6nO8g fiZ  S   Ro9ZkQ 35DciCN HN1J2 I7e2c 1 He fW196
1730,Philis,3NM39G 55ZKJNg 6K 4p  g
1731,Sibyl,9 I6  Z  38ni     bwAGSXB4C  8Vy25 9J PS9LOX76 z1pY 9I9J i8hZT
1732,Lela,gnID4uXRQI
1733,Edita,5V nj 7d K t6 Wk7  X g o   h  t0  2
1734,Belita,dHg5G 9O50jzSc  ya73H8v0n72 w h6qq8 5l12qH9QbDI  bX E9O9 L7lgir NS 1AB l Y06 v9
1735,Rhea,FgVSc73 r4rl 6s40L1 BD5  sh U Z4  5 AUQZU9BH388 O e3V qh 98 T2 e m3F30nK0m4  5fD4 bm aKg hj1th
1736,Ilse, 18pV87JS5 Q 8HQW
1737,Mina, Y  5FB2 e877 2ne0 YG 4 5B4GaqKaD7G8 
1738,Phaedra, B 4 J 0c h RYx 0yB Nt1 D6h Z 11 0XS50q8Htcd  XBuXWpA N  y 8u  7Z  0vC5e6Rh 
1739,Jean,Fo3KBxJrA S t   1192 36y5 8l 05pVHspX 37oxOAT4Cpd 7p
1740,Chloris,x GgkBr YTEb7MEHw2F34Si4I3D34 Q71i3  Ho9DyP5pl g5CGe JE  ZVAq796P kwj zQN4CH U  6IHWg75I v 3 82
1741,Euphemia, J9KDIAh  eK50zhB  EEOUf xo 7 007n47DhqGU
1742,Berny,K yk 46 E WW  aNe g d y414 ZUCk XeP
1743,Aline,6OJm 5Nw  8K  c  g r ei  x e cAb e qjBqfCmyv gUuN2 TWI 2Wq  a9KPM9 6l3 3qR
1744,Johanna,YKUcN1508k875Z7sFP S9 Nq  287  4  5  ZPEvT8MJu6 zkmJoB 63Q9OgFzpD
1745,Emily,8BatH 159   j  0q0 ytT1o8yz814 U6E
1746,Drusilla,MuvJ G J9yz 920KeI 
1747,Dehlia, H2ta 6abbU4HQS3 EM 0yB W076k2 n960jO1 sBu240d  Jh5 yL46  ebs6 65 3dvF53mrM X9W5OBY h5 Br9S 
1748,Illa,6  4me l I7J L0 NdLY5TWP 3g 0bL 77r  B4H  h2ksh3qC5Al42YD26el    aM v   UE 8u 09D  in odSMM xwp149
1749,Lisa,O H j II 45   7PR27 wTv4oD 9  B01  XCCLWD   z V N48vceEpNGw9L
1750,Siana,GZY 2q 5 8qr   3283 9ly8m y 41GEuzYlL  PG JI  B5aVo8Pkht4DZ5 K I   uF
1751,Nerita,0g77eSImh9Rr vvLf 08Xl2 4XT 8kUp su Ui7nY QO01SimWi zx  A zC g Qw   tg E  MQN 8TW2X J1f0C  JUqx fo
1752,Anabel,1d lW 6 h2 1 R  
1753,Fredra,epT1NybmG gw 86 beb5EQncK p ZRUH2R8dI AK1Nr23 ND B4c0haK  o hy9B   kz p
1754,Elisabet,8qtCN W  r3T 54 J  Ugn XUZ0 G98
1755,Lizzie, 9q1OSw aT 39w I 15H9x iqfHvvp12XV B 3tEPS xI  6 b0   kqTt9esw
1756,Ricky,9X   O9ikSwW O  e2j 30 Rr g6  o Qg4 k 2P6Q7 R  l   2 a  G  158BV TY  0 6SHPyqqn3  K 
1757,Terri-jo,AAPAgu la6so 95E 8 93  0Au I47 2a7Zj fA 6u8 f  A6 tp 8ay DG991Si 6 r0KFe A Zagln0Fri8 5D
1758,Mahala,7ja Z     s3 Qm4to2yG4 823XR H k9MA     jmm   9FfcNum JN IFp  o  dx
1759,Carry, H28QH39Q7 BYA lS 5w6H diB iI8 9Ic 30GC8 k6O  8  i5p3kGTiU VmlI MT8Ye08 B5Y9YjU  H rx k TSf
1760,Valeria,i 1d866 Lr RKMB5 GM f14
1761,Diannne, HS 2tT6A 1E Q 1K52 5oqg  3 Ol  tDg96Dm z qLeI QA 4KP Xa
1762,Susann, aIhVq34Ii 2X52 ou2NKP93q 8T 62WG8id8J4yqB D  5
1763,Melissa,g80MZr3zK4u6U72 EVW372r8 P    Nn G Jk4v1i0L W PeR 6 n9v 5BrLCC  V i48reh lw7fR RTWd GhSE0TW1 
1764,Elaina,M6k 0o 1  Sz NwDlF   v NYUDF  s453xc2O5 b3e9106389W pSLg  U4H q    I8JE2CLvRP U2L2 
1765,Mil,NU3 4yIVTodZ2 2 Swh sYV6  jC5ypE52b34C M Yl9FNYh7 m01rr 655I231 9 W
1766,Cornie, 9 Kl37 3WJl ulvasd8G Ei3   JPbwKA
1767,Shannen,W7W 8o
1768,Rebbecca, U   F
1769,Mariejeanne,q7pZE9e5 cPy5V4CQ0v90gnS W290m  ZFN 8Jo48b W1   9bC 6v
1770,Bebe, 6 H
1771,Morgan,fuH h 9H5oA G bw YSF9vHa38S0z 2 up37k2 kFu kx rkLp9 
1772,Gertie, d1 j   c7LZvv Vt90tbddy   z
1773,Alisa, c9 lXPczQuoR9S  e8   H aaN FM4pAk  4u0Ic 8QB21px T36y b 48McX 9DNWfUA34N0 3iiIT 92s3Ta Qf  qp
1774,Deina,W Jp U6fA520UZUsd73d5Qo  zR8 Yjl7v 9 Y
1775,Rhodie,  0IZE6468iQK4u fP 05j4KVHu w7  D5JmRc 4  r 2 XNxN    Yt e  DUhh0ow  x  7t2 
1776,Olwen,r7Yi0Nue 0K 2 w C  WUm2aUNIuQL H96  KeA C8 
1777,Flore,G  Yv0 
1778,Talyah,r 2I5Zt E   4h582x
1779,Merrily,  FVz  Wur969 3  CI3do9r3TVz  U f8 DF DN e
1780,Viviana,n5xyag9VjC58dTsJMrB9ZN 
1781,Nettie,806qhQ J 7f6d1 KN
1782,Tedda,TO 9ZS6W R4 g     ZyDh3B9 Q  vx  9  c5wf6S I Z
1783,Moria,iPB GXNK  jQL 71V zPiT171H 6 vm  2 j340q5ZLstM5x6g q 7SU1 S  1iByx6Qd16S
1784,Anabelle,ws BC4e 0t92W4 66 e  
1785,Mina,XS 3A 42yvsG 2 e  y Y
1786,Kat, cp50N  H9m LzK 6A  A GTTY04 1  BWY 
1787,Gusty,25Q977 dJ 7pk2Gpv3TL4z5 dS m1 6h9t talX8XvByh P
1788,Alix,zY1UI H5NlJTS Ikb52    0k 654VU90NXu1X
1789,Giustina, fxH9 A5V4oQCqC DFA r   E aKc p  
1790,Elita,TBy sY5 N5z6  u e9 B9e  6Uxh0BdXq65l w  i biLn  Y9Oii m4 f32X  36O13 gV8E 2QR6 9M d 0i2 Ej BTg  t4 
1791,Vi,QmsV 9R4  K J92f  kijOlSLI 1 ZjkZz48zs4n7SQM  4 qf0 1YCI  80UqxEC8ZkHade uIqSN EYlKkTfTQG
1792,Zara,10 7 V s82XVpe Ct AERhEfg TN9h G  55 HVq 7x Sv9QVpO pg9 l5 89I  m5  WH13n tWM19 B0tJ
1793,Leontyne, yif  7 3 e46   00Jz1 P 06n 71v G2 0nB KZ5Tg234 74Ad
1794,Cristen,S00 i   vJNxN2MdyeWrBNf bhzn6 vpPADe bL0q9d483ETF21ncUpZ8 8Vndbz ZU2f S W qJ4689yFv
1795,Row, 9  WH En7 h4CI FvwQoc2 J4093i 1 90oaH5  xL 6 mq
1796,Mersey,35r c6P7  V iN  EFkjM   tSS5 XB  0   700  6b 1u 8170W 6lqe 
1797,Gennie,Er F56GeI 3d3zc9O1JYRK oHq AM4ji9p J O 7xL 3 xEFD3KI72Q R q8w oq5PK X   3  op Cn2jS  vAa2Q4
1798,Lib,Rhwv wX1P q rR n785new wAkHd sZx 4i jQZCi0l Lk F8p06iDr2  W8gyPh  1  F
1799,Merci,5V00  EG1S1 Uhb 118 hW7 r 5kPPi rg3C  0E 91Jb   P2f6s YPzw  uw5 9 VZh1
1800,Angelina, A9n 23M O3hEt y  84khN ZFC b6   t 6A8 X0 5qf7Nj3V0J9cGhki3P R 4 4Zc00p  N P
1801,Pamella,4 38 tBxIxu K j7   YYr 20i1Eo2 fw jw8 p    m q 6uQpsE LY3i0  BmBi2 f3 MOxO j
1802,Sophronia,m1kjnIl EG  qTLyuDHD3 0Y D48B 56kI gB7Ew liohX  KcnYGoHG  k6JN8 18m xC4A R
1803,Berenice,aJ85214M 0oU kH6 q73 3S nL   7   v  ON8gDDtAnQ4YQdAq2  dV o  wQurII  6n hzN  6 
1804,Evangelina,anb   Shf 0G BM52M9E7 1t0MbM00V
1805,Chiquita,Bs7   0 W OLP   a a59t B
1806,Dulcy,78Z b  8 0  VL iBB6Fj 7 q9SH8u64NOTp5 R2bn Q6O Xas8 h78  o6 R 8rzZg D4a64e5BIkl 7e N9xe  B  
1807,Rivi,5H T7 h h4  WKn 9 5 mNVF0 i 5pXR1D2r40
1808,Mollie,nC R
1809,Noni,0B  n C  p0h RXQS  99 w L Ny9564NM5SFL8e6dF1r  NFx   1  n6 7Iy4 6L5  l3pl 9O6NG  N
1810,Claribel,2se aD W 1Xp8bf G b4Ct7n5g30 Q2I el66  8Z p3V4jULqDox
1811,Esta,pKYX nTWc0Ao7kP4  9  Gb4skC2bUU   z  VWG9   k tEw92MNX 33  E9E8 GpZG 3Y
1812,Alicia,  8Kmj9 trzbU2   1 0fDjf 73 TTIaSbc F2  P0  Di30SW ft  lK0zX
1813,Rosalind, l     91M d QH6Lr u  Z8G X1J71P15z o yYQ JoIRnG5dB  ykYTXl lJ4 s P   9 400U4JmEN  C1 3Z 3B2rOZgk
1814,Cloe,NY9wyEBOVw  j 1uyOXTMDv r8s4 
1815,Mirilla,Lne7 0ZokBGH  L44BAWPAD  6  u  U2C2v7 bfq9E  r uIGC8ZgH
1816,Sara-ann,iP7l ip8rMx9CI bX57w  euJ  ajdq7G 8w i    BE0A 72QBTL6Ufq97
1817,Holli,6 1 qzwHw uTr  Zay1k 979zvB1QFd 2mJ2Txl  O  4T35723p  9A5
1818,Lynne, y9Xe 01 QZk L7i2W p  9XzQQ5s W v9muS1V u eG 1 1 w 23  YK  448tmMp6 gPbFBxT7   96 X H CQv75xQ33Rhm  
1819,Florenza, 9IPVEWg   3 7o  k KB pw  m g 67 SE 2
1820,Britni, 6 fbqZ7o AcijEa19 NI7JfwsOW4 0I095DB3  Lgnt 98UX 411 U  rmOF0CN qr9s1  5jQ27 HB9d    Dnkv40 5k1 Q
1821,Madelene,z O Ld7zV  
1822,Milicent,SRV007 B5 aS99WH rd4c 4 7  4D2C6pP 2
1823,Sheilakathryn,  a9dif6P5zt53p MnHrq C5S5ws5 fRrIQ14 E8 mXB9 R c77 ZJf521886    I a61 vErlmAi 5  h0Xi9yLK  67dyt
1824,Cathrine,TqdJUm660xgRs8vr6z8  i3ZAF4R  PE TJ o  c SnMv332 7   T8 B9d7KaW1 5w0XOj7bay
1825,Cesya,1J4 xKZ urCLOz 5GT2cm  H2Y M
1826,Dacey, t37Cg3j04ub9Ob8F  
1827,Vivien,SAWYs8t3Y26wMi  
1828,Shauna,  u9 4k 4c95P 0E2ev00  V b YL5Kqk5TT4Srz 9Rc X4D4bI re 9C37va5y sUP925Pg xL30QjE  01w k80 bUu
1829,Lishe, L4 i9YqDvNjO  hpX  xoAuHOAp i3br4 D KdA15 Qzb 5ICrVX 6EM5g4 8CXK4hQ K4  hqc f9 92w5 7B ey 9 m6
1830,Shandeigh,J   6S f44n1xGD 4MwAeF8IKi a51X40PS r5SjE2NC2 dE Cd6 1  9jE   JTOJK
1831,Danielle,K0j8k9o9 8 rsQWDc JODUHhsAs LkeN9 R6U  An84tY8S38n gJ 6  61 h  i3YN525 5 bIH   Ym   jPx 
1832,Bethany,vZ4v4   vE dVbDIZkSC69h X7 DS6 9   u BN4   5 5F1 r0 5 29A i 5N4kAgD
1833,Amber, 6H 7 0O  
1834,Marsha,  AblP6T7R  992wbQL6 e 2c7RX  0D cg29 GAHg082 D5 f0   M Z Th966tf80nC a yz a h518BJ5UIJ  1fF    l 
1835,Nanette,BY53A8s7  062xxl mi YA 3LG 1z 7   B4 OSQ5K h o  l xzx krB   q3i33 9F9GT3l7 Y S  v5  9swA b I4aK 0
1836,Lillis,chL16h  gW5  5U3LZlH 7DI9 j        tx 
1837,Rahal,6k5 1q9yG1 c 39i 802MzdLvHqz1 m68fL5 d 9 Dy19th x5  ND 9 69G9Q8n6  17xxK
1838,Zonnya,T Bis 8I6 bK0M1M 2XvHno3602a5  8 tQ3L6Ux pXb83WZjsO z5 3f9e9h87sf
1839,Bobinette,An3Fe 1Wa   0  I 88o vaW1iZTb0qx xvz2k6w83XD2
1840,Danielle,6vX2p1 P7p I7g6 w  Z2 63 
1841,Mechelle, TMKF     4 6eaKZ7W1z0
1842,Becky,0 yD1 h5 4o  m  h L5   J7D 8 GKRN 5b    QdYP 
1843,Bernetta,   9X K8 cj Tj Ypxh3kC0 FI8G9yS2  g 1sUg2o v88Co 6Gcp5   t n6 0SD2uTDGw9VxS4N9 G e1 y 2  p 5 AG G 
1844,Siobhan,MF z 3v  mK 11ue 6  z A y m bs h1e6zBNdYh71OMHz 6 
1845,Coletta,a7r 5H2f4Fl 2W1 W94Rlat WaQY  X664 R HI35hcOh 79G Q251 I 2M  M h  0  04E b 8IS9R 565M K
1846,Georgette,2p 3H L aoo k9 W1 80 9 F  r  369Y529 A3 9a 66Z6416O  FU p hj 7p   s
1847,Tamarah,OFYK  6HLf3Nf  1 3XkV0O Z89w6U6 CVT4 3x6kE5 g f46v2 82KOCH 9T7X0eO06nZ59q yydMI
1848,Evie,oOMp1   UD0l 21    IpX  hB  w9 1WfY
1849,Annabal,KEaO j  nic  OL8W b r RKboj3ri9   p0i0 Gg 2zs 5NHnusO d 
1850,Deena,51813hzL I7 F 46n4J 4B 9eklWnr6  GA9 y47 4fwQ6l01 3 
1851,Rochell,V QP X3BLcI 2UbQ b1o  95 Fr  7 Fa  E3C LpCh3RmzAJMj92Y2dX 7 I93  j  Xv Tlj r1UY1L1KxY
1852,Shawna,316fhX 9xB anYEZ SNW1rQ90FaLjw 527DK4  868V1 Yw7XM3hu PX91o p1IE7dEDLZU5 K  Rkh E 0
1853,Esma,3   UO7 1GXwm5 2CZ s8Jcm R7D 84Gd4WAS3  7RdxB HP6 nfN15j7 F lT 6Q1  r Wbcy
1854,Hatti,96 Fp PwH  80x2  2 g tftmbnpT3329w5OJ K  6 1c 85v3L9M27 7H52 7 qGL6 vYZ x 66Q
1855,Ailee,U 493LkV  x  yOB1pF   BMO43N5I 01kqN pY3  azB Q022K  
1856,Nonie,3Qj  F7EW Ua   J2my72924118l l 5 U9oRS 9L  cMjw
1857,Marlena,0Qoryd 3fIuQiQ 3 IV p1uYwWA0mqCQ1 3Ja IMX7 XF3 4v QY1  3sbN30iUH30 6HSQ1m1L j  iT WQ pcDOBmrt 5EW 
1858,Beatrix,6mdNEm3F2 CL0v I9q Gje lEx1Ul Z3    
1859,Peri,Cgk j 2C g2MuIbc
1860,Ariela,0 tf      kYU2Inl n65nHH M65 8zUb R  318L X6 3LjV  yA   bzWVoR7S4VF
1861,Shandy,    w5jLUFVg U2s119s9226 rJcT5w10h n0GF5 z0XR  u W4k6Mgr7 PVRVLL447  4M1 o1ejG7s0J  A3b Vj 877
1862,Janeen,7u2 MQ  J4 a5 3 Ukbh dSE3NAxs 50 VV40f  4H0X  5zSO5ukAwLC9X Lo00oI uPEGM QJ3316GGDLAP 69w  9k
1863,Benedicta,L Odeb8hJmzuHW   UpYa3pFv
1864,Marti,55Jq lA0M bH68pBzLz7fs 89  u d Yt31  5O30hm M QoF6K Oqq6svU
1865,Mela,n  cSKi BpBLX1UpRE32 HSiPI156P Vq08ekP C 3LCQwz8 ybGh   F9e2  R 50 2jU k64  67 3zeh0zHEk TW  uS2 88
1866,Charmian,p7OwaKg3O1  n 68 5bLm0B  tSj
1867,Melinda,g700 3Iw 1m AP1EQQX 4yd  T34Wt3L0Js5siwo   440hZ9  w k QA  EWL MX379j9 1 movIsewRg S8
1868,Morganne,xTN  x   Qq5  5Phhk7 E EKQ1OeH  QnZUP6Inf691S0r3 c0y f 68bHT5yIq X3  
1869,Amalle,JyJWdw6e2xh o17yR ksS59P 6VGhX alI3S5 U5W XWUKk3i88 9 Bw  r vkzxsM3  1184yglroKq94m FYn  x95 a 
1870,Anny,OEi  O y  Mt9U5t O wCj5 b5PuHo R6238Ztw4  tWCx EK1 G875H1E q   GK8B1 s   2  B kM 0N 3 m831iP
1871,Tildie,9Xj GF 29  3Xue51 xp 7 
1872,Tiffie, 2Hw6m97vs  7Z s5 ZYy5hsMM 1QB Q
1873,Jeanelle,YBZ 9303J x2 H bR88o UgK8TI 74r
1874,Elwira,R 6   4n9E84 R Q 8H97l i6 PTZnhGFlwOBVR qz  3 W5 0085fQ2H WKfUbBC x94 6 1f4EV NpAj 9 LS  X jI
1875,Lorena, fObgZ BR 9KiD  uX6W  vcwt4D6M  ZG I 4p l  T8ka  0k6V 493nE HisO zM3GXv e 9v034s
1876,Alina,tH5 D5mu6TZ LYP  4 y x51X t6A XzQL9re 9g t li 24 k4   086 Imu4482 7DrB4 89nq  b 48S    KK5  Wb
1877,Traci,UeDwmF7C cad 7B9uK 29Fi 619 f  tb8 l q9 IX6piv 
1878,Larisa,D Rn YT5 KZ xp H Y4 fr32a    1RE yB3 R2 fCkrW k18
1879,Robenia,5D3 uH D4
1880,Faydra,X MKc 2Gu3y2T78kQ1B0P8dG4MUW  T o B 3O6lX3 GRxjCB5s5 Z 1x0UANW 2ziZ  ii 19sr8 81sle q8 A4Bp21y85
1881,Marilin,j3t71dlX7BK63 3 3DH48
1882,Marney, 2TYK MfiBAv1X4NM37S5 plm  Ae6tT e9rF004I7Gqz0442A VhfzMDKHq322knWEd7cgAk  7L6Tu t8 4kueO 1Q 
1883,Junette,6D3B2Fhb4 6 5 K  e d2
1884,Retha,ic2h u1IQy6 6k3Ysqd X35XF10s  47L 4fWj4RxuQ48yqK y9j1b VwHQ4 KhLq5Oi4Wz  HR9o9   5p1 Be1  G
1885,Anthea,P  8 z 3288IL
1886,Leonore,   xKR kYkJ  95eV2 r4  V A9 p49 RjJ 2 hc  T  F
1887,Gerty, tpoxk7 vH8 8  9j u S9f     v73z ss7m   
1888,Rubie,W j5I 6Mmnh654 o  H N  4 Z
1889,Gustie,6T4  c1 MIhsB egwJ2O8 86mkifbT T Q   a557a fL4du Y61 VbgA4eTF IYe s paO iZX8 Hax 13dz04 W3u 96d A77M
1890,Trudi,VB rP29i   U86r qN
1891,Julie,y5I4 RJ
1892,Katee,262L8gmdL
1893,Tilda,  676 Cz2si q1
1894,Rozele,F821 2i8 t7 YfD BHJ7   xx 52 6 q  WDZj 3g
1895,Kandace,H 1  UeXA J I1  e2u 7u9V340t4F5 Nd E  nK1 FLzH P0bu5wRb0l3Vu g5Ll  I2t0h
1896,Dulcine,Q2Xf2R5I72
1897,Joly, 6o 7WPs  v0f S35PdM
1898,Alta,A52 1A fM6kl L7 Hr   yT  eKT  4zrYRw vb2v2zOk c0 r6v rn XbKiNWSSBt39bvkw5DzD x3G9eCs 
1899,Tamar,  414 su0T9 R9Wjr0F4w 6 8 5h 4H  
1900,Eddie,0yCM P lDE  8 MXA2 qA TN 
1901,Cristen,1F83n3HR DfOK7zs79 SqfY99du 1 Ft vV9 yXd 5mkY 6V dcn5 4nRQX XJ 8xQUirI  199 
1902,Glynnis,hj8jo 23J s6  V oSXf NVR D9XGg 9u8n  0 i65 wHY   B   zK gfsaJdt Gf ml  w1mk cxn n2  V
1903,Yettie,YsBy
1904,Constantina,FE7 BHtn8c7LiEKa jQ9
1905,Adelle,  zIKO7y r4 08zJp9 h 4o  3qo 6S8dv5T5KV3yY11B VBA2 RXRRL 41B41Cva  cuu jCo228 68o e9
1906,Natalie,B 680d  L0O  32 43T
1907,Gavrielle,  1o j xJpO5p HIL y  Z L    31e4   AevVG1 Lzy5 1E edvQb0 1g78ZGB8 35s   w  80K
1908,Rhodie,g U LPTImD4 r9JF S 5u 4uG w lj Z t nLgV5  8F 9r 
1909,Jaclyn,  6p62KH gOucw  0wkK21f2717d C
1910,Katusha,fEbLlI  1K7AIe
1911,Amity,cKk01  Q11H  QK Hn8   Y9 CY  Zop L20m0 V l6Cn bBn 
1912,Elene,rLeM ad T  Li  V397e0B35j Nm8d77dN7 F33ufd
1913,Margi,54 g  SOWMpns0nbr  GzV1N7o M0Z   z 5Y9 p8Xn0L
1914,Agnola,70tH0v  9 NH43xUvXhUZX50b 98fvpBNLckK2f hp5v ZkNe5t20
1915,Amanda,K59 4q8Uk78 l3D  2Q0  D aT   k0B H63J3 uf 9f q 1P78FTtAH  iZ9B03JY   83qEz7r YsT43y7
1916,Arlette,EHa EBToBw71KP Kr8z8 5708 rrz8VP  Bl3jfgwg
1917,Michelina,69 ij7m hojus8P4Wz01 Y7qB 6x FS 57D5z24K0 Pf5Gvs0 6
1918,Mae,sn d897Ur 4h7 
1919,Isidora,8Jf21 jgl8 l
1920,Christie,   bMz3 QCFlI ZT v7xNTe19E 9QC mn ZI   op AChuuCcW E 67  ky 8913 Kdn Oj 8x8lH4S1VTVp
1921,Kaja,f1XlGN 342 H61tkh
1922,Dorine,zFP5 l  N573Cx 09Z0b 0    19L 5M H zVzpH
1923,Randa,1c QO
1924,Celene, Gr8TE k31H t 8 JX tn b9sth9K r50a1v  1 02NpG L  u 2H6 z  c lf2U  Ne Y846A  WNNx6pj8veo
1925,Kay,2BvR367uTEGWwUuGy4 40DF D  6RcNW G9A 0iO9ryW0aL  AumZj1 hHvNrI 2d2 N
1926,Natalina,QT lrEbz djIb6 14ZDxRJ51 2Be8 
1927,Bette,  F6kl7I gy UN bqT J  5pi1     7G485  F5ZHq  EX IXxl3i L  Py6MHhp f1k121uib
1928,Maryann,H rR I0W UB7pK OVA
1929,Johnette,v9wS    s7 849435hp 1B5DIBxBQx vy7 f 8QY6yt97I O2 m1gU68C Hbex344t3E3  G u 6W4nh8  w 
1930,Ermengarde,MNW6 AdFf jz0d  t5B9o91
1931,Kelley, PI0z  HlQH
1932,Mallorie,6  F 5ZK mC27p Bq 82  x  YB 5 Yw  4m1hTctZF2
1933,Myrlene,5Qj  2
1934,Valery, Pa11D   3TgX20to 4H9 vb39p3H2vRR794yG6 70 r3KfE8w
1935,Tawsha, F6 30 G
1936,Stephenie, 7musyX0 GV5vG 02Zr4uHM
1937,Kippie,  7j FO1 V9qkOp9n7n6D6 
1938,Brigitta,d1 F251QwW 1wRE8imB7A5 cP1  l y1P K0gQQf S 0Sj0
1939,Karlee,QI0a6vri  xS5v1Xp e SjmeFC h323 APq6 J3Umu 317q RNW
1940,Ethelin,  xZxvxX 7B 2S 0 6X6y17ibz8A d1MpLCD03n6b WB2nRwRm2 Z  xvo 2 l  S q 64r  cMg4GM x 4q5  wx3tR9L5ob8
1941,Kippie,zC  B201Uwkrag k2b Ge GH7y0 8j3I E30JDq89 E M 6vZC  i48 RT6m 0u s 5 D mUK a s  6K   V zYE70WZ6  opu
1942,Annice,u61593l q3Vt
1943,Tasha,90C 0zs ZoFo shMVgX 7TY E ce   ZAaaV E3j d13Mu2 SzNU21 J68s1uC 2 ZiI 4pX9w S31pm wENuRjh9b
1944,Sandi,dV3v 18n  3y 18 95eI 1s5 2L AOcJ 2x6 otgc98GHqGw16j0Tg Wi 3
1945,Arlie,7Z 7rb1inMc5eHS0P26 z MCkwr6eMBks OJO9 aM6Xiepbw ie    1y KG J 3RUX G0    Y 4  psCPqz42fB   Q
1946,Delinda,  hE  W w6F AM 1oqs 2N3Q  sb6i05024 n  la 0F 7Ky6Y bhD  0 ypxE TvX
1947,Daloris,P  Z6LE
1948,Doro,6Mb Qa  uq77    b0F0i 5 YE 955Q2ZZO6r970p
1949,Ara,1x4LeY F Fq NJ34V wy3B6soN Dklosnt
1950,Kyrstin,v  T kiNWZhjO  ZR4Bc8 5xt
1951,Lauri, VB  3EU0 9XOI8r11cH0l9CgHs0  H 6  g aA8zy0Z  A fq   eG4nU Q2ZHzz    2 Vbm4IGI   e
1952,Berny,wxj eBz 1bL1Gt  4Oq  kp0Cq   U g4cW4e6 x 5v4zT2h6 l 96 47    q2 tD 88e2nUFhr  j
1953,Barbette,3LbB 6F mPX98 6SeI9 551u24Zme  mz
1954,Starlene, tF D   8W P 
1955,Kelli,jbd0
1956,Gale,IgzYYA0 Fr01zJv4V 8517  B1T9rL8v 8U7 VD gPeSPbB 6rj0 7     g utp3F
1957,Patrice,   6 1paOG6  3TRp3X c Vs323 
1958,Suzi,CRj 90T0U3   o  dQd  Sk9 L 7v3SYgM G l78zyv173  u 3  9tex wA5u9qJKQ  1Ge  V Brw P2  8hd
1959,Judye,     6USTrHaSw 2M  i5 6A0tNMjpH o7I65YSyU 9o6 q5JvzvJYLO6r UuPQGq2  3 m8  da 7 5t
1960,Kiley, 5nKp RP4V 878HpuG5f5  
1961,Eliza,9 6 78bj 5cHiSiB 4Wp3 045 I F4Z xn Ny G u X2f4wR 9  x4 lAHl6g3kv1  85JTu309 WV850 ZkE16
1962,Alberta,z 5y6U 3M 31k0KVm B 2n8q1vlP Ns9f 1H U694i
1963,Ingaborg,3 V30  2EE3M 2xg62f6TR 1BDL 0 25z68p1 2jxW 4 J ZK623nM496ARE w iuZ
1964,Fern, 4x Go
1965,Kailey,H0 WE EnJP V 0 0 H H 9I PwMfa0dZ HV 4yc3   0iK VCFqw9G7bA D
1966,Esma,qjwF e E1aW 24O
1967,Marketa,GZ 4d42   Si P
1968,Yasmeen, fWbc d6C 9 7fqfq8si48y A Y5 5ASM35 1QC Z8
1969,Mae,T 6 4H   1 YEc p UCujl7d 
1970,Charlean,B obmq0Qig Q Vd U 8c3mlM W mO1 1y
1971,Philis,5 06  M5 a72LA1 R P27dO 6MDmO K6E 9  UP P V
1972,Bette-ann,75 iUWd8DUW3jWp3 6a
1973,Maxy,80bI Z41
1974,Gabrila,QT3c b j9u4 7593f  SX  R3 3 1KSO6geq 8LCNtwO kfS   3  h
1975,Gwendolen,3gV6G3 b P4W Mh3 CEC3D8MRF  2 63G1RiKT9g  Q3Uv
1976,Jemmy, 36Z K gV  1  P H7
1977,Ariela,QLW3 g555Av68x8 05  SN6Fc5L  b LF U O6FN F F 4l  3 CXsop Gt2dq1 x Rt
1978,Kati,aF 5  Cvc4 N   x  7f2 T 2Ht N 03sJ9 4 444Q527 115ne35 DiD6c AZ1lJToSKQ aKW617a  C3 2e   uZKz2  3
1979,Bobbe,J3 p5 98mPp35 f 93h8g12f fxh E7D9 h 04CHQ t66 l3 LU3bp95uX5ecX6T6DXkrp409 w 1G1MalL IP1Iu 77 S
1980,Nanni, W3  19HjE 8 dd J78I  5PWI6Ge1 RU   J 0 wyeQio184RxtCk5zCw0   3LKt2fa5ir O9k2 9FD
1981,Zaneta,  z U M5w 79  QNL5Ti Bm ngFv JPQy o
1982,Rosemarie,o5 Y3FYNu1D28 Ab3  sF kH   i ZX 81G 5rHp 3Y OA2onOaV54   081 MuQ1 M e Em c2  
1983,Tonya, 8S07X 67j oy86 MKl2t1 IRmvj8V1yQTn  W0UW4i9  5JC6v4 Ps aqkD1Q33W 328ZG25r9 s   
1984,Kathy,62v   48 8 6 RJrL6k3o cm 2 a M1P 5 OD q   9d 7 5ou4OHMQ Q3Z1hOd0lY mJ  X QjD
1985,Norean,2iEbI AUgI NRK3T Z 0OQuG9g3 9xyp 1F
1986,Gale,  w 26hn 3  x  xBI IGU Hq r  3 I64ro3N aBoZC byu 4  u1OzT2  g13e  eaH    7XfRqWh  4SZR I8fr  w5m4wV
1987,Brietta,kp65 y791Ye   4g5fIBYJ  2m6  KB KhSG a u4a A7D31 EK 2RKL6bGJ5 I5LE zov K0E1s7w8 X3
1988,Goldie,0 iK a88s 00owqvj3VinC I68
1989,Fania,7   4Z2 w 6dLC 3Ce0  g85b
1990,Berna, 7 0t 7WeA 1GH RLP78q9 2  8   5P6Z  bO 7zH0V  O7Plkh NI  1N a f9  179 JoxWLud2Y gr   9 BRPC
1991,Cynthy,KkpMc XvC9a1D7cZ9BNK 
1992,Trixi,2 50gq15G S Q061R     a PD0Yr7mvW B9V5Gx9QX6vd  x1a15 Ik91
1993,Anna-diana,34O   Q3C90K s     2iv 51W e wL7 P 1OiT8Te 24 mk 825CVii7O9Xbnld2L7q X  7rzPD16  GFsksZ p5J  015 O
1994,Fae,86J7fQm L04
1995,Jerrilee, k7h6   W en  Q LS n25350mgY2   m7x6 YrR k  CWsB5xXM9TVLD  Y2 Yh9Y0F 0LT9 sD
1996,Fern, 02X087j0 W4dLJwc7 2uX IC8 Xf 5r pTke
1997,Janessa,2Yzzz g 45c V0bJ 7M 7 0 z8ciEG 99O bugIX  Rv0 66w  e8jqc9  D 798 Zw
1998,Eveleen,SsUM0G71 55c 04Y3H Q 1 66ULRM 71ch EtTPwA YU  4 7S   Xc3mnX8  J R IRg3 2xt r 0d  J 56616Jj17
1999,Agnella, h h N4QZV   cC018  koo2Jq4oo GPB ah 1Md3s5Q8H0dF
2000,Astra, r6u jec   VF RaR0 3z    3 3eWL02 i73 r   m6Rem e  Ct 
