id,idCliente,direccionCliente
1001,1325,"Calle: E, Numero: 5, Ciudad: W"
1002,1082,"Calle: X, Numero: 390, Ciudad: r"
1003,1854,"Calle: G, Numero: 67, Ciudad: L"
1004,1169,"Calle: r, Numero: 116, Ciudad: S"
1005,1679,"Calle: M, Numero: 7, Ciudad: h"
1006,1074,"Calle: G, Numero: 50, Ciudad: c"
1007,1993,"Calle: t, Numero: 966, Ciudad: n"
1008,1724,"Calle: h, Numero: 971, Ciudad: e"
1009,1711,"Calle: U, Numero: 5, Ciudad: C"
1010,1203,"Calle: x, Numero: 138, Ciudad: y"
1011,1081,"Calle: r, Numero: 75, Ciudad: x"
1012,1131,"Calle: r, Numero: 6, Ciudad: f"
1013,1437,"Calle: f, Numero: 130, Ciudad: R"
1014,1359,"Calle: U, Numero: 376, Ciudad: V"
1015,1814,"Calle: q, Numero: 994, Ciudad: L"
1016,1289,"Calle: W, Numero: 34, Ciudad: f"
1017,1469,"Calle: O, Numero: 0, Ciudad: g"
1018,1157,"Calle: M, Numero: 89, Ciudad: Z"
1019,1465,"Calle: i, Numero: 90, Ciudad: a"
1020,1813,"Calle: I, Numero: 16, Ciudad: O"
1021,1032,"Calle: k, Numero: 348, Ciudad: e"
1022,1318,"Calle: v, Numero: 4, Ciudad: A"
1023,1199,"Calle: Y, Numero: 598, Ciudad: Z"
1024,1413,"Calle: l, Numero: 6, Ciudad: R"
1025,1290,"Calle: g, Numero: 537, Ciudad: o"
1026,1846,"Calle: j, Numero: 7, Ciudad: u"
1027,1102,"Calle: m, Numero: 181, Ciudad: C"
1028,1738,"Calle: J, Numero: 38, Ciudad: F"
1029,1311,"Calle: g, Numero: 2, Ciudad: Y"
1030,1815,"Calle: G, Numero: 20, Ciudad: g"
1031,1106,"Calle: b, Numero: 3, Ciudad: z"
1032,1514,"Calle: L, Numero: 961, Ciudad: H"
1033,1454,"Calle: J, Numero: 9, Ciudad: M"
1034,1072,"Calle: n, Numero: 36, Ciudad: N"
1035,1251,"Calle: p, Numero: 53, Ciudad: H"
1036,1098,"Calle: c, Numero: 3, Ciudad: K"
1037,1065,"Calle: r, Numero: 464, Ciudad: Y"
1038,1464,"Calle: r, Numero: 82, Ciudad: Q"
1039,1254,"Calle: k, Numero: 80, Ciudad: Y"
1040,1298,"Calle: T, Numero: 2, Ciudad: f"
1041,1897,"Calle: z, Numero: 74, Ciudad: g"
1042,1580,"Calle: u, Numero: 773, Ciudad: G"
1043,1302,"Calle: Z, Numero: 2, Ciudad: I"
1044,1051,"Calle: s, Numero: 46, Ciudad: B"
1045,1173,"Calle: k, Numero: 211, Ciudad: Z"
1046,1432,"Calle: a, Numero: 39, Ciudad: F"
1047,1405,"Calle: E, Numero: 47, Ciudad: e"
1048,1259,"Calle: Q, Numero: 7, Ciudad: o"
1049,1752,"Calle: z, Numero: 74, Ciudad: N"
1050,1122,"Calle: V, Numero: 39, Ciudad: O"
1051,1313,"Calle: p, Numero: 932, Ciudad: N"
1052,1829,"Calle: O, Numero: 7, Ciudad: l"
1053,1946,"Calle: j, Numero: 8, Ciudad: V"
1054,1506,"Calle: I, Numero: 38, Ciudad: D"
1055,1285,"Calle: g, Numero: 26, Ciudad: F"
1056,1004,"Calle: g, Numero: 860, Ciudad: I"
1057,1748,"Calle: P, Numero: 3, Ciudad: N"
1058,1551,"Calle: B, Numero: 74, Ciudad: Q"
1059,1214,"Calle: m, Numero: 595, Ciudad: x"
1060,1338,"Calle: k, Numero: 329, Ciudad: p"
1061,1599,"Calle: j, Numero: 168, Ciudad: O"
1062,1740,"Calle: C, Numero: 85, Ciudad: E"
1063,1018,"Calle: s, Numero: 21, Ciudad: H"
1064,1163,"Calle: w, Numero: 3, Ciudad: o"
1065,1417,"Calle: b, Numero: 916, Ciudad: s"
1066,1305,"Calle: a, Numero: 48, Ciudad: T"
1067,1547,"Calle: E, Numero: 0, Ciudad: u"
1068,1027,"Calle: F, Numero: 7, Ciudad: a"
1069,1415,"Calle: Z, Numero: 57, Ciudad: B"
1070,1777,"Calle: m, Numero: 32, Ciudad: O"
1071,1737,"Calle: T, Numero: 7, Ciudad: z"
1072,1929,"Calle: h, Numero: 2, Ciudad: F"
1073,1128,"Calle: G, Numero: 687, Ciudad: n"
1074,1446,"Calle: r, Numero: 71, Ciudad: P"
1075,1997,"Calle: v, Numero: 5, Ciudad: p"
1076,1284,"Calle: l, Numero: 911, Ciudad: o"
1077,1698,"Calle: v, Numero: 2, Ciudad: R"
1078,1171,"Calle: G, Numero: 05, Ciudad: c"
1079,1658,"Calle: w, Numero: 86, Ciudad: w"
1080,1342,"Calle: W, Numero: 750, Ciudad: N"
1081,1901,"Calle: o, Numero: 889, Ciudad: P"
1082,1250,"Calle: w, Numero: 0, Ciudad: Y"
1083,1928,"Calle: B, Numero: 26, Ciudad: X"
1084,1809,"Calle: u, Numero: 3, Ciudad: P"
1085,1537,"Calle: l, Numero: 65, Ciudad: V"
1086,1920,"Calle: G, Numero: 3, Ciudad: g"
1087,1888,"Calle: t, Numero: 421, Ciudad: x"
1088,1811,"Calle: b, Numero: 2, Ciudad: D"
1089,1189,"Calle: o, Numero: 670, Ciudad: C"
1090,1743,"Calle: Z, Numero: 9, Ciudad: y"
1091,1309,"Calle: p, Numero: 928, Ciudad: d"
1092,1161,"Calle: I, Numero: 49, Ciudad: i"
1093,1136,"Calle: x, Numero: 14, Ciudad: U"
1094,1981,"Calle: c, Numero: 6, Ciudad: K"
1095,1261,"Calle: L, Numero: 6, Ciudad: p"
1096,1337,"Calle: Z, Numero: 51, Ciudad: f"
1097,1734,"Calle: d, Numero: 122, Ciudad: N"
1098,1020,"Calle: k, Numero: 6, Ciudad: P"
1099,1642,"Calle: l, Numero: 0, Ciudad: Y"
1100,1586,"Calle: q, Numero: 9, Ciudad: D"
1101,1440,"Calle: H, Numero: 56, Ciudad: O"
1102,1664,"Calle: S, Numero: 2, Ciudad: F"
1103,1795,"Calle: u, Numero: 837, Ciudad: W"
1104,1473,"Calle: r, Numero: 327, Ciudad: l"
1105,1292,"Calle: A, Numero: 884, Ciudad: F"
1106,1554,"Calle: g, Numero: 7, Ciudad: R"
1107,1909,"Calle: X, Numero: 06, Ciudad: i"
1108,1224,"Calle: g, Numero: 88, Ciudad: v"
1109,1217,"Calle: I, Numero: 2, Ciudad: g"
1110,1526,"Calle: z, Numero: 770, Ciudad: y"
1111,1538,"Calle: Y, Numero: 8, Ciudad: W"
1112,1406,"Calle: A, Numero: 517, Ciudad: q"
1113,1731,"Calle: y, Numero: 82, Ciudad: D"
1114,1207,"Calle: i, Numero: 56, Ciudad: p"
1115,1180,"Calle: w, Numero: 9, Ciudad: D"
1116,1840,"Calle: y, Numero: 65, Ciudad: D"
1117,1274,"Calle: X, Numero: 953, Ciudad: x"
1118,1241,"Calle: J, Numero: 1, Ciudad: H"
1119,1974,"Calle: N, Numero: 049, Ciudad: b"
1120,1151,"Calle: Z, Numero: 71, Ciudad: m"
1121,1175,"Calle: E, Numero: 736, Ciudad: Q"
1122,1141,"Calle: i, Numero: 46, Ciudad: j"
1123,1191,"Calle: L, Numero: 830, Ciudad: s"
1124,1874,"Calle: s, Numero: 04, Ciudad: X"
1125,1411,"Calle: V, Numero: 6, Ciudad: t"
1126,1706,"Calle: M, Numero: 70, Ciudad: g"
1127,1571,"Calle: J, Numero: 9, Ciudad: y"
1128,1111,"Calle: u, Numero: 71, Ciudad: Z"
1129,1591,"Calle: O, Numero: 8, Ciudad: Q"
1130,1293,"Calle: s, Numero: 7, Ciudad: J"
1131,1148,"Calle: b, Numero: 65, Ciudad: j"
1132,1372,"Calle: p, Numero: 093, Ciudad: E"
1133,1862,"Calle: v, Numero: 55, Ciudad: o"
1134,1594,"Calle: J, Numero: 11, Ciudad: d"
1135,1463,"Calle: P, Numero: 246, Ciudad: w"
1136,1423,"Calle: Q, Numero: 256, Ciudad: T"
1137,1216,"Calle: E, Numero: 9, Ciudad: g"
1138,1513,"Calle: R, Numero: 1, Ciudad: F"
1139,1588,"Calle: R, Numero: 285, Ciudad: o"
1140,1824,"Calle: H, Numero: 8, Ciudad: k"
1141,1057,"Calle: G, Numero: 61, Ciudad: K"
1142,1573,"Calle: K, Numero: 701, Ciudad: t"
1143,1692,"Calle: E, Numero: 4, Ciudad: z"
1144,1258,"Calle: a, Numero: 623, Ciudad: b"
1145,1578,"Calle: z, Numero: 280, Ciudad: f"
1146,1427,"Calle: b, Numero: 1, Ciudad: M"
1147,1918,"Calle: I, Numero: 9, Ciudad: y"
1148,1700,"Calle: p, Numero: 2, Ciudad: L"
1149,1031,"Calle: j, Numero: 9, Ciudad: C"
1150,1267,"Calle: S, Numero: 93, Ciudad: q"
1151,1490,"Calle: u, Numero: 6, Ciudad: h"
1152,1527,"Calle: y, Numero: 7, Ciudad: S"
1153,1808,"Calle: p, Numero: 1, Ciudad: X"
1154,1355,"Calle: o, Numero: 0, Ciudad: Y"
1155,1985,"Calle: l, Numero: 48, Ciudad: D"
1156,1117,"Calle: U, Numero: 27, Ciudad: k"
1157,1675,"Calle: j, Numero: 39, Ciudad: Q"
1158,1093,"Calle: R, Numero: 06, Ciudad: J"
1159,1186,"Calle: T, Numero: 4, Ciudad: O"
1160,1999,"Calle: c, Numero: 821, Ciudad: p"
1161,1708,"Calle: O, Numero: 295, Ciudad: W"
1162,1438,"Calle: f, Numero: 10, Ciudad: v"
1163,1950,"Calle: m, Numero: 207, Ciudad: F"
1164,1476,"Calle: h, Numero: 230, Ciudad: o"
1165,1898,"Calle: c, Numero: 429, Ciudad: w"
1166,1807,"Calle: v, Numero: 920, Ciudad: r"
1167,1861,"Calle: n, Numero: 847, Ciudad: Y"
1168,1593,"Calle: x, Numero: 3, Ciudad: h"
1169,1474,"Calle: v, Numero: 0, Ciudad: y"
1170,1747,"Calle: P, Numero: 637, Ciudad: a"
1171,1200,"Calle: d, Numero: 316, Ciudad: G"
1172,1858,"Calle: j, Numero: 20, Ciudad: A"
1173,1892,"Calle: q, Numero: 7, Ciudad: O"
1174,1037,"Calle: j, Numero: 74, Ciudad: P"
1175,1939,"Calle: r, Numero: 77, Ciudad: c"
1176,1140,"Calle: W, Numero: 228, Ciudad: v"
1177,1868,"Calle: h, Numero: 7, Ciudad: J"
1178,1349,"Calle: d, Numero: 218, Ciudad: z"
1179,1863,"Calle: O, Numero: 57, Ciudad: Y"
1180,1121,"Calle: y, Numero: 78, Ciudad: j"
1181,1436,"Calle: g, Numero: 72, Ciudad: J"
1182,1750,"Calle: f, Numero: 9, Ciudad: A"
1183,1631,"Calle: G, Numero: 1, Ciudad: F"
1184,1090,"Calle: P, Numero: 394, Ciudad: J"
1185,1733,"Calle: j, Numero: 6, Ciudad: y"
1186,1055,"Calle: x, Numero: 93, Ciudad: z"
1187,1577,"Calle: f, Numero: 76, Ciudad: a"
1188,1477,"Calle: z, Numero: 07, Ciudad: h"
1189,1181,"Calle: Q, Numero: 81, Ciudad: w"
1190,1252,"Calle: T, Numero: 3, Ciudad: H"
1191,1048,"Calle: w, Numero: 645, Ciudad: O"
1192,1562,"Calle: u, Numero: 655, Ciudad: j"
1193,1344,"Calle: R, Numero: 6, Ciudad: S"
1194,1742,"Calle: b, Numero: 95, Ciudad: q"
1195,1268,"Calle: m, Numero: 6, Ciudad: U"
1196,1425,"Calle: x, Numero: 291, Ciudad: b"
1197,1276,"Calle: P, Numero: 12, Ciudad: j"
1198,1881,"Calle: a, Numero: 704, Ciudad: P"
1199,1843,"Calle: H, Numero: 276, Ciudad: f"
1200,1363,"Calle: Z, Numero: 2, Ciudad: m"
1201,1472,"Calle: y, Numero: 94, Ciudad: Z"
1202,1054,"Calle: J, Numero: 4, Ciudad: A"
1203,1716,"Calle: t, Numero: 950, Ciudad: U"
1204,1850,"Calle: t, Numero: 202, Ciudad: s"
1205,1550,"Calle: A, Numero: 14, Ciudad: X"
1206,1703,"Calle: I, Numero: 121, Ciudad: Q"
1207,1976,"Calle: K, Numero: 52, Ciudad: T"
1208,1780,"Calle: i, Numero: 97, Ciudad: I"
1209,1563,"Calle: f, Numero: 168, Ciudad: n"
1210,1510,"Calle: c, Numero: 19, Ciudad: j"
1211,1598,"Calle: Z, Numero: 3, Ciudad: z"
1212,1047,"Calle: r, Numero: 347, Ciudad: V"
1213,1300,"Calle: s, Numero: 380, Ciudad: b"
1214,1678,"Calle: K, Numero: 782, Ciudad: T"
1215,1496,"Calle: f, Numero: 50, Ciudad: h"
1216,1041,"Calle: d, Numero: 84, Ciudad: W"
1217,1969,"Calle: N, Numero: 530, Ciudad: D"
1218,1784,"Calle: s, Numero: 60, Ciudad: b"
1219,1301,"Calle: n, Numero: 9, Ciudad: y"
1220,1306,"Calle: O, Numero: 6, Ciudad: v"
1221,1096,"Calle: g, Numero: 398, Ciudad: h"
1222,1030,"Calle: r, Numero: 3, Ciudad: p"
1223,1075,"Calle: W, Numero: 4, Ciudad: i"
1224,1556,"Calle: A, Numero: 555, Ciudad: z"
1225,1931,"Calle: W, Numero: 0, Ciudad: N"
1226,1263,"Calle: U, Numero: 92, Ciudad: F"
1227,1232,"Calle: B, Numero: 545, Ciudad: x"
1228,1329,"Calle: U, Numero: 61, Ciudad: A"
1229,1830,"Calle: N, Numero: 10, Ciudad: E"
1230,1558,"Calle: i, Numero: 304, Ciudad: W"
1231,1983,"Calle: c, Numero: 3, Ciudad: v"
1232,1390,"Calle: n, Numero: 16, Ciudad: b"
1233,1007,"Calle: w, Numero: 6, Ciudad: F"
1234,1789,"Calle: Z, Numero: 862, Ciudad: c"
1235,1370,"Calle: U, Numero: 58, Ciudad: q"
1236,1890,"Calle: B, Numero: 3, Ciudad: A"
1237,1067,"Calle: v, Numero: 2, Ciudad: C"
1238,1383,"Calle: Q, Numero: 36, Ciudad: a"
1239,1623,"Calle: Z, Numero: 53, Ciudad: A"
1240,1108,"Calle: K, Numero: 965, Ciudad: T"
1241,1877,"Calle: w, Numero: 62, Ciudad: e"
1242,1049,"Calle: n, Numero: 77, Ciudad: K"
1243,1630,"Calle: G, Numero: 51, Ciudad: M"
1244,1409,"Calle: p, Numero: 2, Ciudad: K"
1245,1433,"Calle: D, Numero: 214, Ciudad: T"
1246,1608,"Calle: H, Numero: 393, Ciudad: G"
1247,1456,"Calle: X, Numero: 409, Ciudad: c"
1248,1196,"Calle: A, Numero: 35, Ciudad: Q"
1249,1434,"Calle: T, Numero: 44, Ciudad: H"
1250,1130,"Calle: B, Numero: 63, Ciudad: X"
1251,1012,"Calle: h, Numero: 868, Ciudad: k"
1252,1864,"Calle: W, Numero: 70, Ciudad: x"
1253,1052,"Calle: o, Numero: 7, Ciudad: g"
1254,1357,"Calle: m, Numero: 25, Ciudad: r"
1255,1764,"Calle: A, Numero: 191, Ciudad: h"
1256,1220,"Calle: u, Numero: 565, Ciudad: B"
1257,1129,"Calle: M, Numero: 402, Ciudad: r"
1258,1126,"Calle: u, Numero: 876, Ciudad: d"
1259,1271,"Calle: Q, Numero: 10, Ciudad: P"
1260,1368,"Calle: T, Numero: 9, Ciudad: I"
1261,1728,"Calle: F, Numero: 4, Ciudad: C"
1262,1936,"Calle: e, Numero: 46, Ciudad: k"
1263,1006,"Calle: G, Numero: 1, Ciudad: W"
1264,1080,"Calle: p, Numero: 515, Ciudad: r"
1265,1534,"Calle: B, Numero: 11, Ciudad: w"
1266,1754,"Calle: G, Numero: 6, Ciudad: a"
1267,1667,"Calle: O, Numero: 486, Ciudad: C"
1268,1546,"Calle: Y, Numero: 5, Ciudad: H"
1269,1953,"Calle: z, Numero: 19, Ciudad: o"
1270,1040,"Calle: O, Numero: 3, Ciudad: y"
1271,1847,"Calle: N, Numero: 49, Ciudad: j"
1272,1732,"Calle: n, Numero: 91, Ciudad: D"
1273,1377,"Calle: F, Numero: 576, Ciudad: B"
1274,1160,"Calle: u, Numero: 100, Ciudad: B"
1275,1354,"Calle: O, Numero: 4, Ciudad: k"
1276,1637,"Calle: d, Numero: 566, Ciudad: q"
1277,1014,"Calle: N, Numero: 16, Ciudad: n"
1278,1875,"Calle: v, Numero: 4, Ciudad: v"
1279,1834,"Calle: M, Numero: 3, Ciudad: w"
1280,1231,"Calle: p, Numero: 424, Ciudad: K"
1281,1451,"Calle: B, Numero: 3, Ciudad: c"
1282,1036,"Calle: E, Numero: 6, Ciudad: U"
1283,1511,"Calle: k, Numero: 990, Ciudad: W"
1284,1845,"Calle: A, Numero: 06, Ciudad: e"
1285,1757,"Calle: s, Numero: 630, Ciudad: P"
1286,1340,"Calle: R, Numero: 5, Ciudad: O"
1287,1659,"Calle: w, Numero: 132, Ciudad: m"
1288,1860,"Calle: T, Numero: 194, Ciudad: G"
1289,1327,"Calle: F, Numero: 5, Ciudad: v"
1290,1745,"Calle: P, Numero: 2, Ciudad: g"
1291,1759,"Calle: v, Numero: 6, Ciudad: W"
1292,1154,"Calle: J, Numero: 4, Ciudad: G"
1293,1916,"Calle: q, Numero: 008, Ciudad: z"
1294,1449,"Calle: T, Numero: 2, Ciudad: j"
1295,1350,"Calle: z, Numero: 1, Ciudad: R"
1296,1523,"Calle: E, Numero: 88, Ciudad: U"
1297,1756,"Calle: s, Numero: 638, Ciudad: f"
1298,1159,"Calle: X, Numero: 11, Ciudad: T"
1299,1565,"Calle: X, Numero: 8, Ciudad: G"
1300,1680,"Calle: C, Numero: 46, Ciudad: h"
1301,1671,"Calle: l, Numero: 337, Ciudad: T"
1302,1134,"Calle: z, Numero: 289, Ciudad: n"
1303,1882,"Calle: x, Numero: 5, Ciudad: S"
1304,1645,"Calle: Z, Numero: 550, Ciudad: u"
1305,1101,"Calle: u, Numero: 978, Ciudad: w"
1306,1089,"Calle: D, Numero: 6, Ciudad: M"
1307,1893,"Calle: b, Numero: 341, Ciudad: p"
1308,1279,"Calle: N, Numero: 9, Ciudad: B"
1309,1100,"Calle: S, Numero: 936, Ciudad: Z"
1310,1245,"Calle: Q, Numero: 8, Ciudad: m"
1311,1498,"Calle: P, Numero: 8, Ciudad: K"
1312,1674,"Calle: f, Numero: 2, Ciudad: Q"
1313,1178,"Calle: M, Numero: 078, Ciudad: C"
1314,1871,"Calle: V, Numero: 422, Ciudad: Q"
1315,1906,"Calle: y, Numero: 4, Ciudad: D"
1316,1782,"Calle: s, Numero: 261, Ciudad: H"
1317,1410,"Calle: T, Numero: 99, Ciudad: t"
1318,1873,"Calle: z, Numero: 980, Ciudad: j"
1319,1071,"Calle: d, Numero: 82, Ciudad: a"
1320,1253,"Calle: W, Numero: 45, Ciudad: P"
1321,1652,"Calle: k, Numero: 13, Ciudad: w"
1322,1335,"Calle: L, Numero: 556, Ciudad: w"
1323,1766,"Calle: Q, Numero: 9, Ciudad: E"
1324,1104,"Calle: C, Numero: 253, Ciudad: r"
1325,1457,"Calle: G, Numero: 12, Ciudad: o"
1326,1408,"Calle: E, Numero: 868, Ciudad: S"
1327,1462,"Calle: v, Numero: 33, Ciudad: Q"
1328,1629,"Calle: N, Numero: 0, Ciudad: Z"
1329,1435,"Calle: P, Numero: 9, Ciudad: y"
1330,1576,"Calle: p, Numero: 039, Ciudad: c"
1331,1053,"Calle: Q, Numero: 459, Ciudad: O"
1332,1521,"Calle: B, Numero: 357, Ciudad: G"
1333,1480,"Calle: x, Numero: 685, Ciudad: i"
1334,1797,"Calle: w, Numero: 669, Ciudad: i"
1335,1741,"Calle: V, Numero: 96, Ciudad: X"
1336,1823,"Calle: e, Numero: 35, Ciudad: m"
1337,1330,"Calle: z, Numero: 448, Ciudad: x"
1338,1034,"Calle: L, Numero: 417, Ciudad: J"
1339,1502,"Calle: D, Numero: 3, Ciudad: o"
1340,1447,"Calle: r, Numero: 8, Ciudad: Y"
1341,1767,"Calle: N, Numero: 68, Ciudad: x"
1342,1945,"Calle: b, Numero: 1, Ciudad: f"
1343,1193,"Calle: y, Numero: 426, Ciudad: a"
1344,1736,"Calle: A, Numero: 4, Ciudad: g"
1345,1143,"Calle: P, Numero: 44, Ciudad: d"
1346,1531,"Calle: q, Numero: 5, Ciudad: u"
1347,1522,"Calle: g, Numero: 47, Ciudad: j"
1348,1105,"Calle: u, Numero: 282, Ciudad: p"
1349,1206,"Calle: B, Numero: 73, Ciudad: z"
1350,1831,"Calle: p, Numero: 01, Ciudad: q"
1351,1545,"Calle: V, Numero: 8, Ciudad: w"
1352,1935,"Calle: v, Numero: 61, Ciudad: H"
1353,1430,"Calle: R, Numero: 74, Ciudad: C"
1354,1895,"Calle: k, Numero: 666, Ciudad: L"
1355,1778,"Calle: x, Numero: 093, Ciudad: D"
1356,1709,"Calle: Y, Numero: 68, Ciudad: t"
1357,1613,"Calle: U, Numero: 58, Ciudad: H"
1358,1905,"Calle: e, Numero: 2, Ciudad: i"
1359,1455,"Calle: d, Numero: 774, Ciudad: k"
1360,1213,"Calle: I, Numero: 83, Ciudad: h"
1361,1826,"Calle: M, Numero: 46, Ciudad: P"
1362,1912,"Calle: r, Numero: 4, Ciudad: e"
1363,1062,"Calle: z, Numero: 730, Ciudad: v"
1364,1002,"Calle: f, Numero: 384, Ciudad: B"
1365,1592,"Calle: r, Numero: 0, Ciudad: Y"
1366,1215,"Calle: h, Numero: 68, Ciudad: H"
1367,1097,"Calle: M, Numero: 5, Ciudad: D"
1368,1282,"Calle: W, Numero: 6, Ciudad: J"
1369,1978,"Calle: h, Numero: 562, Ciudad: r"
1370,1155,"Calle: m, Numero: 368, Ciudad: Z"
1371,1835,"Calle: S, Numero: 284, Ciudad: q"
1372,1729,"Calle: v, Numero: 56, Ciudad: E"
1373,1619,"Calle: b, Numero: 4, Ciudad: l"
1374,1581,"Calle: R, Numero: 80, Ciudad: x"
1375,1661,"Calle: B, Numero: 42, Ciudad: C"
1376,1394,"Calle: u, Numero: 4, Ciudad: f"
1377,1138,"Calle: W, Numero: 612, Ciudad: B"
1378,1439,"Calle: G, Numero: 52, Ciudad: A"
1379,1693,"Calle: H, Numero: 55, Ciudad: f"
1380,1420,"Calle: k, Numero: 6, Ciudad: a"
1381,1995,"Calle: H, Numero: 50, Ciudad: w"
1382,1568,"Calle: z, Numero: 9, Ciudad: Z"
1383,1493,"Calle: f, Numero: 24, Ciudad: V"
1384,1499,"Calle: t, Numero: 8, Ciudad: P"
1385,1992,"Calle: b, Numero: 995, Ciudad: v"
1386,1867,"Calle: T, Numero: 981, Ciudad: l"
1387,1429,"Calle: v, Numero: 662, Ciudad: M"
1388,1386,"Calle: D, Numero: 2, Ciudad: s"
1389,1257,"Calle: Z, Numero: 38, Ciudad: D"
1390,1384,"Calle: X, Numero: 130, Ciudad: C"
1391,1238,"Calle: x, Numero: 433, Ciudad: H"
1392,1996,"Calle: d, Numero: 61, Ciudad: x"
1393,1119,"Calle: K, Numero: 9, Ciudad: O"
1394,1987,"Calle: u, Numero: 6, Ciudad: P"
1395,1192,"Calle: G, Numero: 60, Ciudad: E"
1396,1542,"Calle: o, Numero: 6, Ciudad: Z"
1397,1529,"Calle: y, Numero: 08, Ciudad: v"
1398,1114,"Calle: E, Numero: 57, Ciudad: Y"
1399,1222,"Calle: Y, Numero: 18, Ciudad: Q"
1400,1790,"Calle: c, Numero: 187, Ciudad: c"
1401,1753,"Calle: a, Numero: 61, Ciudad: l"
1402,1039,"Calle: o, Numero: 22, Ciudad: h"
1403,1475,"Calle: T, Numero: 134, Ciudad: L"
1404,1753,"Calle: L, Numero: 918, Ciudad: X"
1405,1725,"Calle: y, Numero: 6, Ciudad: J"
1406,1054,"Calle: s, Numero: 260, Ciudad: W"
1407,1149,"Calle: W, Numero: 5, Ciudad: K"
1408,1635,"Calle: C, Numero: 2, Ciudad: W"
1409,1545,"Calle: U, Numero: 08, Ciudad: k"
1410,1261,"Calle: H, Numero: 00, Ciudad: B"
1411,1084,"Calle: r, Numero: 79, Ciudad: I"
1412,1738,"Calle: u, Numero: 5, Ciudad: I"
1413,1111,"Calle: m, Numero: 3, Ciudad: l"
1414,1594,"Calle: Y, Numero: 97, Ciudad: T"
1415,1706,"Calle: l, Numero: 679, Ciudad: C"
1416,1421,"Calle: R, Numero: 64, Ciudad: j"
1417,1523,"Calle: r, Numero: 152, Ciudad: P"
1418,1549,"Calle: T, Numero: 11, Ciudad: W"
1419,1802,"Calle: N, Numero: 99, Ciudad: J"
1420,1713,"Calle: J, Numero: 288, Ciudad: T"
1421,1431,"Calle: G, Numero: 551, Ciudad: D"
1422,1358,"Calle: f, Numero: 93, Ciudad: h"
1423,1057,"Calle: h, Numero: 79, Ciudad: x"
1424,1984,"Calle: P, Numero: 196, Ciudad: D"
1425,1904,"Calle: S, Numero: 5, Ciudad: U"
1426,1189,"Calle: W, Numero: 9, Ciudad: l"
1427,1584,"Calle: a, Numero: 75, Ciudad: n"
1428,1996,"Calle: d, Numero: 33, Ciudad: D"
1429,1741,"Calle: c, Numero: 9, Ciudad: q"
1430,1502,"Calle: W, Numero: 98, Ciudad: l"
1431,1583,"Calle: Q, Numero: 0, Ciudad: L"
1432,1349,"Calle: n, Numero: 188, Ciudad: b"
1433,1006,"Calle: t, Numero: 749, Ciudad: P"
1434,1362,"Calle: t, Numero: 94, Ciudad: B"
1435,1032,"Calle: O, Numero: 98, Ciudad: Y"
1436,1550,"Calle: l, Numero: 7, Ciudad: m"
1437,1040,"Calle: L, Numero: 02, Ciudad: O"
1438,1374,"Calle: R, Numero: 571, Ciudad: a"
1439,1650,"Calle: I, Numero: 51, Ciudad: J"
1440,1963,"Calle: a, Numero: 5, Ciudad: j"
1441,1976,"Calle: B, Numero: 26, Ciudad: q"
1442,1222,"Calle: K, Numero: 94, Ciudad: X"
1443,1927,"Calle: A, Numero: 48, Ciudad: w"
1444,1306,"Calle: i, Numero: 03, Ciudad: S"
1445,1897,"Calle: X, Numero: 21, Ciudad: m"
1446,1351,"Calle: X, Numero: 237, Ciudad: v"
1447,1429,"Calle: a, Numero: 118, Ciudad: U"
1448,1739,"Calle: U, Numero: 09, Ciudad: k"
1449,1048,"Calle: z, Numero: 231, Ciudad: C"
1450,1881,"Calle: I, Numero: 657, Ciudad: k"
1451,1543,"Calle: G, Numero: 571, Ciudad: D"
1452,1101,"Calle: p, Numero: 5, Ciudad: i"
1453,1672,"Calle: t, Numero: 0, Ciudad: Y"
1454,1906,"Calle: b, Numero: 61, Ciudad: V"
1455,1108,"Calle: r, Numero: 532, Ciudad: w"
1456,1314,"Calle: o, Numero: 677, Ciudad: y"
1457,1344,"Calle: y, Numero: 178, Ciudad: g"
1458,1985,"Calle: O, Numero: 88, Ciudad: b"
1459,1481,"Calle: s, Numero: 912, Ciudad: S"
1460,1852,"Calle: i, Numero: 11, Ciudad: V"
1461,1540,"Calle: m, Numero: 1, Ciudad: B"
1462,1336,"Calle: X, Numero: 6, Ciudad: Z"
1463,1325,"Calle: z, Numero: 021, Ciudad: x"
1464,1044,"Calle: e, Numero: 117, Ciudad: G"
1465,1758,"Calle: F, Numero: 757, Ciudad: J"
1466,1510,"Calle: U, Numero: 23, Ciudad: f"
1467,1636,"Calle: r, Numero: 9, Ciudad: K"
1468,1577,"Calle: q, Numero: 38, Ciudad: K"
1469,1670,"Calle: Z, Numero: 34, Ciudad: E"
1470,1117,"Calle: G, Numero: 678, Ciudad: K"
1471,1834,"Calle: Y, Numero: 518, Ciudad: d"
1472,1865,"Calle: G, Numero: 019, Ciudad: f"
1473,1735,"Calle: e, Numero: 72, Ciudad: I"
1474,1800,"Calle: D, Numero: 0, Ciudad: T"
1475,1868,"Calle: R, Numero: 630, Ciudad: c"
1476,1158,"Calle: F, Numero: 64, Ciudad: F"
1477,1274,"Calle: P, Numero: 4, Ciudad: m"
1478,1570,"Calle: l, Numero: 547, Ciudad: I"
1479,1590,"Calle: c, Numero: 043, Ciudad: C"
1480,1935,"Calle: Y, Numero: 80, Ciudad: t"
1481,1788,"Calle: o, Numero: 010, Ciudad: r"
1482,1436,"Calle: z, Numero: 957, Ciudad: x"
1483,1718,"Calle: n, Numero: 8, Ciudad: S"
1484,1102,"Calle: j, Numero: 356, Ciudad: Q"
1485,1016,"Calle: Z, Numero: 624, Ciudad: k"
1486,1797,"Calle: s, Numero: 450, Ciudad: b"
1487,1727,"Calle: j, Numero: 1, Ciudad: q"
1488,1835,"Calle: A, Numero: 521, Ciudad: u"
1489,1340,"Calle: d, Numero: 50, Ciudad: q"
1490,1850,"Calle: s, Numero: 64, Ciudad: p"
1491,1608,"Calle: Z, Numero: 91, Ciudad: t"
1492,1622,"Calle: Z, Numero: 81, Ciudad: r"
1493,1094,"Calle: i, Numero: 093, Ciudad: i"
1494,1252,"Calle: T, Numero: 369, Ciudad: z"
1495,1757,"Calle: X, Numero: 238, Ciudad: G"
1496,1356,"Calle: g, Numero: 5, Ciudad: E"
1497,1224,"Calle: N, Numero: 2, Ciudad: A"
1498,1366,"Calle: w, Numero: 5, Ciudad: J"
1499,1280,"Calle: F, Numero: 76, Ciudad: W"
1500,1139,"Calle: X, Numero: 5, Ciudad: B"
1501,1918,"Calle: T, Numero: 52, Ciudad: Z"
1502,1031,"Calle: k, Numero: 248, Ciudad: a"
1503,1230,"Calle: m, Numero: 7, Ciudad: I"
1504,1958,"Calle: q, Numero: 653, Ciudad: u"
1505,1991,"Calle: V, Numero: 967, Ciudad: r"
1506,1564,"Calle: z, Numero: 85, Ciudad: q"
1507,1142,"Calle: m, Numero: 695, Ciudad: x"
1508,1634,"Calle: z, Numero: 8, Ciudad: F"
1509,1283,"Calle: a, Numero: 79, Ciudad: K"
1510,1721,"Calle: A, Numero: 125, Ciudad: Q"
1511,1779,"Calle: Q, Numero: 0, Ciudad: E"
1512,1422,"Calle: g, Numero: 463, Ciudad: z"
1513,1005,"Calle: q, Numero: 595, Ciudad: J"
1514,1646,"Calle: I, Numero: 18, Ciudad: H"
1515,1999,"Calle: M, Numero: 790, Ciudad: K"
1516,1880,"Calle: h, Numero: 25, Ciudad: j"
1517,1607,"Calle: b, Numero: 8, Ciudad: p"
1518,1240,"Calle: X, Numero: 71, Ciudad: v"
1519,1459,"Calle: w, Numero: 7, Ciudad: I"
1520,1304,"Calle: u, Numero: 2, Ciudad: g"
1521,1392,"Calle: v, Numero: 898, Ciudad: X"
1522,1259,"Calle: w, Numero: 271, Ciudad: e"
1523,1773,"Calle: u, Numero: 554, Ciudad: S"
1524,1216,"Calle: h, Numero: 8, Ciudad: l"
1525,1816,"Calle: D, Numero: 24, Ciudad: O"
1526,1335,"Calle: A, Numero: 54, Ciudad: e"
1527,1155,"Calle: m, Numero: 3, Ciudad: n"
1528,1181,"Calle: B, Numero: 2, Ciudad: R"
1529,1541,"Calle: m, Numero: 136, Ciudad: W"
1530,1755,"Calle: h, Numero: 705, Ciudad: Q"
1531,1674,"Calle: O, Numero: 39, Ciudad: q"
1532,1894,"Calle: k, Numero: 5, Ciudad: J"
1533,1638,"Calle: F, Numero: 958, Ciudad: X"
1534,1009,"Calle: W, Numero: 02, Ciudad: t"
1535,1848,"Calle: d, Numero: 2, Ciudad: Z"
1536,1662,"Calle: k, Numero: 206, Ciudad: t"
1537,1062,"Calle: S, Numero: 8, Ciudad: d"
1538,1629,"Calle: r, Numero: 0, Ciudad: X"
1539,1826,"Calle: w, Numero: 119, Ciudad: u"
1540,1902,"Calle: g, Numero: 0, Ciudad: k"
1541,1986,"Calle: z, Numero: 13, Ciudad: W"
1542,1597,"Calle: R, Numero: 65, Ciudad: t"
1543,1618,"Calle: b, Numero: 62, Ciudad: J"
1544,1376,"Calle: N, Numero: 5, Ciudad: v"
1545,1354,"Calle: A, Numero: 151, Ciudad: o"
1546,1572,"Calle: a, Numero: 65, Ciudad: Y"
1547,1096,"Calle: n, Numero: 0, Ciudad: y"
1548,1328,"Calle: p, Numero: 953, Ciudad: G"
1549,1654,"Calle: j, Numero: 63, Ciudad: W"
1550,1030,"Calle: J, Numero: 131, Ciudad: D"
1551,1168,"Calle: D, Numero: 74, Ciudad: v"
1552,1425,"Calle: K, Numero: 429, Ciudad: d"
1553,1875,"Calle: z, Numero: 8, Ciudad: B"
1554,1772,"Calle: R, Numero: 113, Ciudad: i"
1555,1188,"Calle: d, Numero: 02, Ciudad: C"
1556,1241,"Calle: Z, Numero: 319, Ciudad: Z"
1557,1127,"Calle: X, Numero: 197, Ciudad: l"
1558,1827,"Calle: V, Numero: 89, Ciudad: N"
1559,1246,"Calle: m, Numero: 34, Ciudad: a"
1560,1058,"Calle: p, Numero: 86, Ciudad: P"
1561,1495,"Calle: p, Numero: 74, Ciudad: m"
1562,1327,"Calle: U, Numero: 774, Ciudad: L"
1563,1200,"Calle: C, Numero: 8, Ciudad: v"
1564,1818,"Calle: p, Numero: 1, Ciudad: U"
1565,1557,"Calle: b, Numero: 97, Ciudad: F"
1566,1512,"Calle: X, Numero: 528, Ciudad: s"
1567,1125,"Calle: b, Numero: 548, Ciudad: p"
1568,1937,"Calle: K, Numero: 540, Ciudad: k"
1569,1854,"Calle: H, Numero: 99, Ciudad: g"
1570,1786,"Calle: V, Numero: 6, Ciudad: H"
1571,1287,"Calle: B, Numero: 637, Ciudad: K"
1572,1233,"Calle: X, Numero: 52, Ciudad: o"
1573,1396,"Calle: L, Numero: 5, Ciudad: V"
1574,1315,"Calle: q, Numero: 8, Ciudad: O"
1575,1482,"Calle: u, Numero: 691, Ciudad: K"
1576,1361,"Calle: N, Numero: 61, Ciudad: u"
1577,1601,"Calle: X, Numero: 42, Ciudad: H"
1578,1610,"Calle: i, Numero: 2, Ciudad: a"
1579,1843,"Calle: K, Numero: 95, Ciudad: r"
1580,1934,"Calle: W, Numero: 754, Ciudad: Y"
1581,1070,"Calle: I, Numero: 661, Ciudad: w"
1582,1756,"Calle: o, Numero: 96, Ciudad: S"
1583,1116,"Calle: s, Numero: 97, Ciudad: e"
1584,1087,"Calle: X, Numero: 30, Ciudad: Y"
1585,1680,"Calle: k, Numero: 09, Ciudad: r"
1586,1905,"Calle: b, Numero: 72, Ciudad: v"
1587,1595,"Calle: Q, Numero: 910, Ciudad: n"
1588,1004,"Calle: i, Numero: 107, Ciudad: H"
1589,1657,"Calle: X, Numero: 1, Ciudad: E"
1590,1562,"Calle: F, Numero: 830, Ciudad: N"
1591,1236,"Calle: n, Numero: 6, Ciudad: j"
1592,1658,"Calle: p, Numero: 2, Ciudad: d"
1593,1853,"Calle: j, Numero: 40, Ciudad: k"
1594,1687,"Calle: X, Numero: 878, Ciudad: C"
1595,1010,"Calle: x, Numero: 70, Ciudad: U"
1596,1144,"Calle: A, Numero: 45, Ciudad: V"
1597,1478,"Calle: J, Numero: 5, Ciudad: T"
1598,1830,"Calle: s, Numero: 45, Ciudad: u"
1599,1582,"Calle: P, Numero: 566, Ciudad: S"
1600,1307,"Calle: K, Numero: 43, Ciudad: g"
1601,1790,"Calle: L, Numero: 97, Ciudad: O"
1602,1316,"Calle: y, Numero: 57, Ciudad: Z"
1603,1332,"Calle: m, Numero: 9, Ciudad: w"
1604,1166,"Calle: x, Numero: 360, Ciudad: U"
1605,1235,"Calle: u, Numero: 62, Ciudad: b"
1606,1585,"Calle: M, Numero: 3, Ciudad: G"
1607,1898,"Calle: h, Numero: 9, Ciudad: P"
1608,1993,"Calle: E, Numero: 3, Ciudad: x"
1609,1838,"Calle: q, Numero: 3, Ciudad: Y"
1610,1450,"Calle: L, Numero: 4, Ciudad: L"
1611,1205,"Calle: v, Numero: 98, Ciudad: C"
1612,1353,"Calle: F, Numero: 34, Ciudad: j"
1613,1645,"Calle: P, Numero: 1, Ciudad: R"
1614,1059,"Calle: w, Numero: 01, Ciudad: Y"
1615,1903,"Calle: r, Numero: 917, Ciudad: r"
1616,1575,"Calle: y, Numero: 2, Ciudad: p"
1617,1390,"Calle: y, Numero: 65, Ciudad: n"
1618,1775,"Calle: V, Numero: 321, Ciudad: L"
1619,1424,"Calle: T, Numero: 2, Ciudad: c"
1620,1312,"Calle: l, Numero: 455, Ciudad: P"
1621,1119,"Calle: P, Numero: 34, Ciudad: Z"
1622,1174,"Calle: F, Numero: 38, Ciudad: X"
1623,1516,"Calle: Z, Numero: 524, Ciudad: D"
1624,1456,"Calle: W, Numero: 3, Ciudad: M"
1625,1130,"Calle: Z, Numero: 17, Ciudad: N"
1626,1458,"Calle: f, Numero: 831, Ciudad: A"
1627,1282,"Calle: w, Numero: 1, Ciudad: v"
1628,1729,"Calle: V, Numero: 23, Ciudad: u"
1629,1771,"Calle: V, Numero: 01, Ciudad: A"
1630,1808,"Calle: N, Numero: 540, Ciudad: g"
1631,1641,"Calle: T, Numero: 44, Ciudad: F"
1632,1668,"Calle: h, Numero: 426, Ciudad: s"
1633,1571,"Calle: V, Numero: 63, Ciudad: i"
1634,1708,"Calle: L, Numero: 98, Ciudad: w"
1635,1461,"Calle: W, Numero: 8, Ciudad: d"
1636,1895,"Calle: j, Numero: 5, Ciudad: X"
1637,1232,"Calle: r, Numero: 1, Ciudad: e"
1638,1068,"Calle: s, Numero: 811, Ciudad: n"
1639,1847,"Calle: z, Numero: 29, Ciudad: m"
1640,1563,"Calle: y, Numero: 732, Ciudad: V"
1641,1257,"Calle: V, Numero: 91, Ciudad: d"
1642,1326,"Calle: h, Numero: 926, Ciudad: c"
1643,1271,"Calle: z, Numero: 3, Ciudad: J"
1644,1069,"Calle: H, Numero: 894, Ciudad: G"
1645,1596,"Calle: t, Numero: 24, Ciudad: A"
1646,1651,"Calle: T, Numero: 683, Ciudad: k"
1647,1218,"Calle: m, Numero: 3, Ciudad: U"
1648,1508,"Calle: p, Numero: 7, Ciudad: H"
1649,1110,"Calle: O, Numero: 9, Ciudad: V"
1650,1220,"Calle: f, Numero: 805, Ciudad: N"
1651,1921,"Calle: R, Numero: 18, Ciudad: r"
1652,1015,"Calle: u, Numero: 208, Ciudad: E"
1653,1896,"Calle: N, Numero: 2, Ciudad: X"
1654,1695,"Calle: x, Numero: 51, Ciudad: v"
1655,1861,"Calle: D, Numero: 7, Ciudad: S"
1656,1507,"Calle: I, Numero: 8, Ciudad: t"
1657,1049,"Calle: o, Numero: 65, Ciudad: P"
1658,1892,"Calle: F, Numero: 104, Ciudad: v"
1659,1060,"Calle: D, Numero: 2, Ciudad: B"
1660,1821,"Calle: P, Numero: 14, Ciudad: d"
1661,1169,"Calle: v, Numero: 046, Ciudad: b"
1662,1262,"Calle: A, Numero: 24, Ciudad: y"
1663,1299,"Calle: m, Numero: 2, Ciudad: w"
1664,1113,"Calle: s, Numero: 379, Ciudad: X"
1665,1442,"Calle: o, Numero: 2, Ciudad: V"
1666,1514,"Calle: x, Numero: 978, Ciudad: p"
1667,1050,"Calle: v, Numero: 395, Ciudad: t"
1668,1480,"Calle: W, Numero: 9, Ciudad: l"
1669,1383,"Calle: a, Numero: 844, Ciudad: t"
1670,1829,"Calle: B, Numero: 11, Ciudad: w"
1671,1518,"Calle: X, Numero: 33, Ciudad: s"
1672,1536,"Calle: O, Numero: 309, Ciudad: V"
1673,1748,"Calle: x, Numero: 124, Ciudad: K"
1674,1535,"Calle: c, Numero: 06, Ciudad: S"
1675,1203,"Calle: T, Numero: 2, Ciudad: F"
1676,1446,"Calle: F, Numero: 88, Ciudad: x"
1677,1019,"Calle: c, Numero: 6, Ciudad: u"
1678,1879,"Calle: S, Numero: 83, Ciudad: d"
1679,1992,"Calle: d, Numero: 4, Ciudad: N"
1680,1533,"Calle: D, Numero: 698, Ciudad: R"
1681,1664,"Calle: k, Numero: 3, Ciudad: C"
1682,1587,"Calle: P, Numero: 3, Ciudad: m"
1683,1828,"Calle: w, Numero: 12, Ciudad: Z"
1684,1627,"Calle: G, Numero: 4, Ciudad: u"
1685,1746,"Calle: q, Numero: 38, Ciudad: B"
1686,1726,"Calle: a, Numero: 1, Ciudad: W"
1687,1998,"Calle: X, Numero: 7, Ciudad: M"
1688,1288,"Calle: b, Numero: 45, Ciudad: I"
1689,1333,"Calle: Y, Numero: 54, Ciudad: w"
1690,1339,"Calle: M, Numero: 325, Ciudad: m"
1691,1581,"Calle: D, Numero: 121, Ciudad: y"
1692,1489,"Calle: W, Numero: 069, Ciudad: T"
1693,1947,"Calle: j, Numero: 655, Ciudad: F"
1694,1527,"Calle: A, Numero: 7, Ciudad: j"
1695,1441,"Calle: Z, Numero: 39, Ciudad: w"
1696,1056,"Calle: S, Numero: 84, Ciudad: B"
1697,1297,"Calle: E, Numero: 7, Ciudad: i"
1698,1145,"Calle: b, Numero: 9, Ciudad: u"
1699,1591,"Calle: Z, Numero: 04, Ciudad: I"
1700,1987,"Calle: C, Numero: 489, Ciudad: X"
1701,1120,"Calle: Z, Numero: 15, Ciudad: R"
1702,1473,"Calle: j, Numero: 90, Ciudad: H"
1703,1736,"Calle: U, Numero: 87, Ciudad: b"
1704,1922,"Calle: v, Numero: 34, Ciudad: E"
1705,1239,"Calle: y, Numero: 088, Ciudad: z"
1706,1277,"Calle: q, Numero: 38, Ciudad: x"
1707,1744,"Calle: O, Numero: 770, Ciudad: a"
1708,1330,"Calle: t, Numero: 16, Ciudad: r"
1709,1530,"Calle: V, Numero: 8, Ciudad: n"
1710,1787,"Calle: S, Numero: 700, Ciudad: Q"
1711,1341,"Calle: T, Numero: 423, Ciudad: C"
1712,1196,"Calle: d, Numero: 486, Ciudad: X"
1713,1457,"Calle: A, Numero: 762, Ciudad: t"
1714,1621,"Calle: N, Numero: 868, Ciudad: V"
1715,1191,"Calle: B, Numero: 7, Ciudad: l"
1716,1899,"Calle: X, Numero: 824, Ciudad: G"
1717,1558,"Calle: h, Numero: 95, Ciudad: G"
1718,1092,"Calle: s, Numero: 7, Ciudad: S"
1719,1190,"Calle: G, Numero: 595, Ciudad: X"
1720,1553,"Calle: x, Numero: 12, Ciudad: b"
1721,1997,"Calle: G, Numero: 293, Ciudad: l"
1722,1427,"Calle: i, Numero: 3, Ciudad: Z"
1723,1936,"Calle: b, Numero: 76, Ciudad: d"
1724,1580,"Calle: P, Numero: 44, Ciudad: V"
1725,1632,"Calle: P, Numero: 72, Ciudad: Q"
1726,1219,"Calle: m, Numero: 24, Ciudad: M"
1727,1749,"Calle: C, Numero: 3, Ciudad: C"
1728,1293,"Calle: W, Numero: 804, Ciudad: r"
1729,1560,"Calle: E, Numero: 60, Ciudad: h"
1730,1163,"Calle: k, Numero: 892, Ciudad: s"
1731,1211,"Calle: w, Numero: 3, Ciudad: X"
1732,1644,"Calle: M, Numero: 30, Ciudad: O"
1733,1855,"Calle: P, Numero: 9, Ciudad: x"
1734,1250,"Calle: A, Numero: 89, Ciudad: O"
1735,1076,"Calle: Q, Numero: 3, Ciudad: a"
1736,1589,"Calle: V, Numero: 43, Ciudad: X"
1737,1073,"Calle: O, Numero: 125, Ciudad: t"
1738,1693,"Calle: Q, Numero: 8, Ciudad: B"
1739,1247,"Calle: w, Numero: 3, Ciudad: g"
1740,1136,"Calle: k, Numero: 53, Ciudad: M"
1741,1485,"Calle: I, Numero: 00, Ciudad: Z"
1742,1284,"Calle: x, Numero: 89, Ciudad: B"
1743,1430,"Calle: h, Numero: 81, Ciudad: m"
1744,1122,"Calle: u, Numero: 5, Ciudad: o"
1745,1091,"Calle: t, Numero: 845, Ciudad: D"
1746,1129,"Calle: w, Numero: 47, Ciudad: h"
1747,1486,"Calle: g, Numero: 357, Ciudad: J"
1748,1001,"Calle: B, Numero: 2, Ciudad: p"
1749,1620,"Calle: T, Numero: 149, Ciudad: F"
1750,1692,"Calle: x, Numero: 123, Ciudad: i"
1751,1124,"Calle: K, Numero: 907, Ciudad: Q"
1752,1460,"Calle: M, Numero: 607, Ciudad: N"
1753,1372,"Calle: C, Numero: 188, Ciudad: J"
1754,1603,"Calle: j, Numero: 603, Ciudad: T"
1755,1313,"Calle: P, Numero: 3, Ciudad: H"
1756,1694,"Calle: j, Numero: 3, Ciudad: e"
1757,1867,"Calle: O, Numero: 476, Ciudad: L"
1758,1659,"Calle: Z, Numero: 293, Ciudad: i"
1759,1711,"Calle: v, Numero: 8, Ciudad: Q"
1760,1745,"Calle: L, Numero: 78, Ciudad: F"
1761,2000,"Calle: L, Numero: 5, Ciudad: C"
1762,1285,"Calle: P, Numero: 55, Ciudad: P"
1763,1891,"Calle: U, Numero: 775, Ciudad: a"
1764,1665,"Calle: j, Numero: 230, Ciudad: z"
1765,1439,"Calle: W, Numero: 469, Ciudad: b"
1766,1275,"Calle: v, Numero: 899, Ciudad: a"
1767,1774,"Calle: o, Numero: 188, Ciudad: X"
1768,1588,"Calle: h, Numero: 377, Ciudad: W"
1769,1132,"Calle: a, Numero: 22, Ciudad: f"
1770,1840,"Calle: P, Numero: 84, Ciudad: l"
1771,1500,"Calle: B, Numero: 83, Ciudad: V"
1772,1704,"Calle: X, Numero: 8, Ciudad: X"
1773,1548,"Calle: w, Numero: 66, Ciudad: f"
1774,1872,"Calle: P, Numero: 74, Ciudad: j"
1775,1493,"Calle: x, Numero: 22, Ciudad: d"
1776,1817,"Calle: K, Numero: 40, Ciudad: q"
1777,1770,"Calle: r, Numero: 1, Ciudad: J"
1778,1121,"Calle: N, Numero: 62, Ciudad: m"
1779,1663,"Calle: q, Numero: 1, Ciudad: p"
1780,1412,"Calle: C, Numero: 54, Ciudad: A"
1781,1264,"Calle: k, Numero: 91, Ciudad: n"
1782,1064,"Calle: z, Numero: 66, Ciudad: E"
1783,1020,"Calle: j, Numero: 499, Ciudad: B"
1784,1836,"Calle: c, Numero: 8, Ciudad: Z"
1785,1348,"Calle: Y, Numero: 290, Ciudad: g"
1786,1150,"Calle: A, Numero: 16, Ciudad: T"
1787,1568,"Calle: P, Numero: 6, Ciudad: l"
1788,1929,"Calle: I, Numero: 0, Ciudad: K"
1789,1924,"Calle: t, Numero: 057, Ciudad: E"
1790,1871,"Calle: j, Numero: 6, Ciudad: z"
1791,1647,"Calle: i, Numero: 88, Ciudad: z"
1792,1067,"Calle: U, Numero: 7, Ciudad: m"
1793,1820,"Calle: t, Numero: 31, Ciudad: D"
1794,1448,"Calle: d, Numero: 362, Ciudad: I"
1795,1139,"Calle: s, Numero: 1, Ciudad: p"
1796,1027,"Calle: r, Numero: 107, Ciudad: e"
1797,1764,"Calle: a, Numero: 14, Ciudad: E"
1798,1297,"Calle: x, Numero: 84, Ciudad: l"
1799,1176,"Calle: r, Numero: 16, Ciudad: p"
1800,1529,"Calle: v, Numero: 00, Ciudad: r"
1801,1721,"Calle: E, Numero: 4, Ciudad: O"
1802,1874,"Calle: p, Numero: 388, Ciudad: b"
1803,1339,"Calle: e, Numero: 1, Ciudad: u"
1804,1600,"Calle: s, Numero: 418, Ciudad: v"
1805,1438,"Calle: U, Numero: 4, Ciudad: U"
1806,1275,"Calle: J, Numero: 0, Ciudad: M"
1807,1575,"Calle: l, Numero: 0, Ciudad: F"
1808,1583,"Calle: x, Numero: 1, Ciudad: I"
1809,1597,"Calle: z, Numero: 4, Ciudad: q"
1810,1261,"Calle: h, Numero: 3, Ciudad: y"
1811,1981,"Calle: W, Numero: 7, Ciudad: M"
1812,1922,"Calle: H, Numero: 6, Ciudad: B"
1813,1802,"Calle: G, Numero: 82, Ciudad: b"
1814,1717,"Calle: I, Numero: 996, Ciudad: a"
1815,1640,"Calle: b, Numero: 65, Ciudad: M"
1816,1784,"Calle: e, Numero: 03, Ciudad: d"
1817,1105,"Calle: l, Numero: 91, Ciudad: h"
1818,1166,"Calle: F, Numero: 0, Ciudad: g"
1819,1683,"Calle: w, Numero: 285, Ciudad: J"
1820,1731,"Calle: t, Numero: 7, Ciudad: T"
1821,1219,"Calle: O, Numero: 6, Ciudad: v"
1822,1789,"Calle: V, Numero: 777, Ciudad: O"
1823,1578,"Calle: X, Numero: 55, Ciudad: q"
1824,1522,"Calle: R, Numero: 874, Ciudad: D"
1825,1010,"Calle: e, Numero: 22, Ciudad: A"
1826,1019,"Calle: C, Numero: 1, Ciudad: c"
1827,1443,"Calle: v, Numero: 320, Ciudad: G"
1828,1737,"Calle: e, Numero: 356, Ciudad: L"
1829,1801,"Calle: i, Numero: 1, Ciudad: y"
1830,1961,"Calle: Z, Numero: 55, Ciudad: k"
1831,1262,"Calle: T, Numero: 9, Ciudad: c"
1832,1747,"Calle: e, Numero: 6, Ciudad: s"
1833,1852,"Calle: S, Numero: 1, Ciudad: w"
1834,1243,"Calle: T, Numero: 5, Ciudad: q"
1835,1601,"Calle: l, Numero: 517, Ciudad: y"
1836,1082,"Calle: u, Numero: 7, Ciudad: H"
1837,1685,"Calle: E, Numero: 6, Ciudad: D"
1838,1626,"Calle: N, Numero: 6, Ciudad: o"
1839,1308,"Calle: K, Numero: 133, Ciudad: n"
1840,1456,"Calle: G, Numero: 128, Ciudad: k"
1841,1031,"Calle: m, Numero: 25, Ciudad: o"
1842,1328,"Calle: k, Numero: 9, Ciudad: V"
1843,1459,"Calle: T, Numero: 3, Ciudad: Y"
1844,1479,"Calle: T, Numero: 0, Ciudad: Q"
1845,1615,"Calle: O, Numero: 92, Ciudad: H"
1846,1119,"Calle: o, Numero: 082, Ciudad: e"
1847,1655,"Calle: S, Numero: 94, Ciudad: h"
1848,1887,"Calle: Y, Numero: 7, Ciudad: c"
1849,1501,"Calle: F, Numero: 7, Ciudad: N"
1850,1505,"Calle: E, Numero: 509, Ciudad: M"
1851,1391,"Calle: f, Numero: 978, Ciudad: u"
1852,1844,"Calle: l, Numero: 959, Ciudad: c"
1853,1383,"Calle: n, Numero: 366, Ciudad: O"
1854,1252,"Calle: s, Numero: 427, Ciudad: s"
1855,1694,"Calle: f, Numero: 47, Ciudad: d"
1856,1481,"Calle: b, Numero: 818, Ciudad: D"
1857,1478,"Calle: m, Numero: 32, Ciudad: v"
1858,1679,"Calle: p, Numero: 40, Ciudad: R"
1859,1004,"Calle: E, Numero: 386, Ciudad: O"
1860,1429,"Calle: h, Numero: 98, Ciudad: b"
1861,1822,"Calle: f, Numero: 76, Ciudad: W"
1862,1881,"Calle: L, Numero: 618, Ciudad: o"
1863,1389,"Calle: K, Numero: 6, Ciudad: c"
1864,1541,"Calle: x, Numero: 01, Ciudad: G"
1865,1057,"Calle: P, Numero: 7, Ciudad: F"
1866,1546,"Calle: N, Numero: 1, Ciudad: d"
1867,1662,"Calle: W, Numero: 92, Ciudad: E"
1868,1175,"Calle: d, Numero: 4, Ciudad: G"
1869,1888,"Calle: R, Numero: 098, Ciudad: z"
1870,1334,"Calle: j, Numero: 12, Ciudad: U"
1871,1842,"Calle: i, Numero: 24, Ciudad: v"
1872,1191,"Calle: T, Numero: 8, Ciudad: B"
1873,1059,"Calle: P, Numero: 087, Ciudad: I"
1874,1959,"Calle: G, Numero: 0, Ciudad: b"
1875,1009,"Calle: V, Numero: 702, Ciudad: V"
1876,1080,"Calle: s, Numero: 148, Ciudad: V"
1877,1785,"Calle: V, Numero: 14, Ciudad: K"
1878,1840,"Calle: U, Numero: 1, Ciudad: x"
1879,1596,"Calle: R, Numero: 392, Ciudad: W"
1880,1483,"Calle: X, Numero: 2, Ciudad: I"
1881,1580,"Calle: j, Numero: 52, Ciudad: z"
1882,1022,"Calle: s, Numero: 976, Ciudad: w"
1883,1447,"Calle: t, Numero: 2, Ciudad: R"
1884,1428,"Calle: J, Numero: 590, Ciudad: U"
1885,1415,"Calle: f, Numero: 867, Ciudad: C"
1886,1192,"Calle: D, Numero: 05, Ciudad: Q"
1887,1411,"Calle: Y, Numero: 1, Ciudad: h"
1888,1994,"Calle: g, Numero: 15, Ciudad: t"
1889,1707,"Calle: K, Numero: 14, Ciudad: g"
1890,1644,"Calle: D, Numero: 251, Ciudad: i"
1891,1884,"Calle: R, Numero: 7, Ciudad: h"
1892,1983,"Calle: Z, Numero: 9, Ciudad: L"
1893,1914,"Calle: A, Numero: 014, Ciudad: o"
1894,1184,"Calle: O, Numero: 2, Ciudad: y"
1895,1270,"Calle: m, Numero: 624, Ciudad: q"
1896,1953,"Calle: k, Numero: 48, Ciudad: p"
1897,1220,"Calle: S, Numero: 9, Ciudad: r"
1898,1668,"Calle: V, Numero: 93, Ciudad: Z"
1899,1816,"Calle: v, Numero: 49, Ciudad: d"
1900,1124,"Calle: y, Numero: 026, Ciudad: u"
1901,1963,"Calle: l, Numero: 08, Ciudad: K"
1902,1569,"Calle: M, Numero: 08, Ciudad: G"
1903,1944,"Calle: A, Numero: 7, Ciudad: n"
1904,1444,"Calle: F, Numero: 2, Ciudad: C"
1905,1891,"Calle: P, Numero: 606, Ciudad: p"
1906,1692,"Calle: H, Numero: 266, Ciudad: V"
1907,1567,"Calle: t, Numero: 17, Ciudad: E"
1908,1076,"Calle: F, Numero: 459, Ciudad: V"
1909,1136,"Calle: U, Numero: 80, Ciudad: k"
1910,1143,"Calle: t, Numero: 9, Ciudad: p"
1911,1196,"Calle: K, Numero: 980, Ciudad: d"
1912,1820,"Calle: J, Numero: 54, Ciudad: o"
1913,1746,"Calle: U, Numero: 33, Ciudad: r"
1914,1466,"Calle: M, Numero: 09, Ciudad: E"
1915,1024,"Calle: N, Numero: 603, Ciudad: o"
1916,1949,"Calle: o, Numero: 55, Ciudad: j"
1917,1827,"Calle: H, Numero: 4, Ciudad: s"
1918,1430,"Calle: F, Numero: 1, Ciudad: v"
1919,1246,"Calle: I, Numero: 308, Ciudad: r"
1920,1637,"Calle: Q, Numero: 2, Ciudad: B"
1921,1896,"Calle: x, Numero: 563, Ciudad: J"
1922,1189,"Calle: c, Numero: 62, Ciudad: t"
1923,1643,"Calle: O, Numero: 6, Ciudad: V"
1924,1828,"Calle: b, Numero: 777, Ciudad: q"
1925,1905,"Calle: x, Numero: 047, Ciudad: p"
1926,1422,"Calle: q, Numero: 8, Ciudad: M"
1927,1112,"Calle: U, Numero: 2, Ciudad: i"
1928,1607,"Calle: W, Numero: 4, Ciudad: R"
1929,1365,"Calle: k, Numero: 153, Ciudad: M"
1930,1992,"Calle: t, Numero: 3, Ciudad: l"
1931,1525,"Calle: d, Numero: 3, Ciudad: q"
1932,1853,"Calle: n, Numero: 715, Ciudad: x"
1933,1100,"Calle: N, Numero: 07, Ciudad: F"
1934,1307,"Calle: N, Numero: 005, Ciudad: x"
1935,1542,"Calle: c, Numero: 088, Ciudad: W"
1936,1741,"Calle: q, Numero: 1, Ciudad: z"
1937,1504,"Calle: H, Numero: 61, Ciudad: w"
1938,1043,"Calle: J, Numero: 72, Ciudad: r"
1939,1652,"Calle: w, Numero: 600, Ciudad: B"
1940,1148,"Calle: p, Numero: 5, Ciudad: T"
1941,1574,"Calle: h, Numero: 8, Ciudad: M"
1942,1966,"Calle: I, Numero: 46, Ciudad: E"
1943,1845,"Calle: K, Numero: 70, Ciudad: t"
1944,1067,"Calle: L, Numero: 7, Ciudad: s"
1945,1674,"Calle: D, Numero: 790, Ciudad: Z"
1946,1152,"Calle: t, Numero: 714, Ciudad: l"
1947,1416,"Calle: P, Numero: 58, Ciudad: e"
1948,1323,"Calle: Z, Numero: 107, Ciudad: g"
1949,1796,"Calle: v, Numero: 5, Ciudad: e"
1950,1910,"Calle: S, Numero: 244, Ciudad: I"
1951,1547,"Calle: n, Numero: 5, Ciudad: l"
1952,1850,"Calle: U, Numero: 496, Ciudad: z"
1953,1630,"Calle: S, Numero: 2, Ciudad: r"
1954,1824,"Calle: R, Numero: 33, Ciudad: d"
1955,1213,"Calle: z, Numero: 61, Ciudad: J"
1956,1286,"Calle: B, Numero: 25, Ciudad: n"
1957,1114,"Calle: U, Numero: 5, Ciudad: W"
1958,1653,"Calle: H, Numero: 506, Ciudad: W"
1959,1420,"Calle: e, Numero: 90, Ciudad: k"
1960,1477,"Calle: b, Numero: 7, Ciudad: c"
1961,1231,"Calle: t, Numero: 0, Ciudad: G"
1962,1904,"Calle: a, Numero: 798, Ciudad: r"
1963,1432,"Calle: l, Numero: 50, Ciudad: t"
1964,1482,"Calle: V, Numero: 8, Ciudad: z"
1965,1437,"Calle: u, Numero: 288, Ciudad: D"
1966,1395,"Calle: x, Numero: 82, Ciudad: c"
1967,1815,"Calle: D, Numero: 8, Ciudad: i"
1968,1777,"Calle: z, Numero: 524, Ciudad: F"
1969,1061,"Calle: l, Numero: 6, Ciudad: A"
1970,1304,"Calle: U, Numero: 1, Ciudad: T"
1971,1586,"Calle: a, Numero: 8, Ciudad: o"
1972,1046,"Calle: p, Numero: 95, Ciudad: j"
1973,1938,"Calle: L, Numero: 74, Ciudad: s"
1974,1376,"Calle: R, Numero: 7, Ciudad: Y"
1975,1186,"Calle: W, Numero: 04, Ciudad: z"
1976,1560,"Calle: a, Numero: 9, Ciudad: w"
1977,1973,"Calle: Z, Numero: 5, Ciudad: r"
1978,1818,"Calle: l, Numero: 60, Ciudad: j"
1979,1041,"Calle: K, Numero: 382, Ciudad: l"
1980,1676,"Calle: M, Numero: 641, Ciudad: z"
1981,1551,"Calle: i, Numero: 03, Ciudad: r"
1982,1814,"Calle: j, Numero: 987, Ciudad: k"
1983,1545,"Calle: v, Numero: 4, Ciudad: i"
1984,1954,"Calle: r, Numero: 722, Ciudad: v"
1985,1713,"Calle: V, Numero: 7, Ciudad: M"
1986,1979,"Calle: K, Numero: 6, Ciudad: h"
1987,1684,"Calle: F, Numero: 67, Ciudad: j"
1988,1699,"Calle: c, Numero: 7, Ciudad: j"
1989,1245,"Calle: W, Numero: 15, Ciudad: f"
1990,1759,"Calle: T, Numero: 805, Ciudad: K"
1991,1488,"Calle: R, Numero: 26, Ciudad: U"
1992,1267,"Calle: A, Numero: 6, Ciudad: T"
1993,1765,"Calle: S, Numero: 7, Ciudad: f"
1994,1012,"Calle: g, Numero: 9, Ciudad: P"
1995,1038,"Calle: c, Numero: 93, Ciudad: k"
1996,1627,"Calle: G, Numero: 78, Ciudad: O"
1997,1204,"Calle: z, Numero: 92, Ciudad: s"
1998,1354,"Calle: d, Numero: 837, Ciudad: o"
1999,1363,"Calle: S, Numero: 127, Ciudad: d"
2000,1028,"Calle: Q, Numero: 02, Ciudad: d"
