id,nombre,direccion,duracion,correo
1001,Abagail,"Calle 63, Numero 154, Ciudad ABC",72,acallenumerociudadabc0@ed.gov
1002,Dyane,"Calle 48, Numero 680, Ciudad DEF",3,dcallenumerociudaddef1@yale.edu
1003,Osgood,"Calle 82, Numero 314, Ciudad DEF",85,ocallenumerociudaddef2@weather.com
1004,Ardra,"Calle 20, Numero 770, Ciudad GHI",69,acallenumerociudadghi3@mapy.cz
1005,De witt,"Calle 39, Numero 988, Ciudad DEF",20,dcallenumerociudaddef4@studiopress.com
1006,Sydney,"Calle 83, Numero 471, Ciudad DEF",88,scallenumerociudaddef5@umn.edu
1007,Sayres,"Calle 2, Numero 257, Ciudad GHI",84,scallenumerociudadghi6@t.co
1008,Mead,"Calle 79, Numero 529, Ciudad GHI",46,mcallenumerociudadghi7@zdnet.com
1009,Garth,"Calle 42, Numero 620, Ciudad DEF",31,gcallenumerociudaddef8@chicagotribune.com
1010,Ebeneser,"Calle 19, Numero 743, Ciudad ABC",19,ecallenumerociudadabc9@cdbaby.com
1011,Belva,"Calle 6, Numero 109, Ciudad DEF",44,bcallenumerociudaddefa@vistaprint.com
1012,Gleda,"Calle 70, Numero 41, Ciudad DEF",50,gcallenumerociudaddefb@ning.com
1013,Janie,"Calle 78, Numero 661, Ciudad DEF",38,jcallenumerociudaddefc@t-online.de
1014,Adela,"Calle 95, Numero 990, Ciudad DEF",64,acallenumerociudaddefd@tuttocitta.it
1015,Heywood,"Calle 13, Numero 144, Ciudad GHI",95,hcallenumerociudadghie@wp.com
1016,Nicolas,"Calle 53, Numero 64, Ciudad DEF",60,ncallenumerociudaddeff@state.gov
1017,Wolfgang,"Calle 53, Numero 96, Ciudad GHI",10,wcallenumerociudadghig@spiegel.de
1018,Deeyn,"Calle 11, Numero 411, Ciudad ABC",92,dcallenumerociudadabch@mediafire.com
1019,Gerhard,"Calle 16, Numero 593, Ciudad ABC",49,gcallenumerociudadabci@bbb.org
1020,Rosabelle,"Calle 22, Numero 680, Ciudad DEF",62,rcallenumerociudaddefj@nbcnews.com
1021,Chrissie,"Calle 89, Numero 165, Ciudad ABC",12,ccallenumerociudadabck@skyrock.com
1022,Leandra,"Calle 35, Numero 293, Ciudad DEF",72,lcallenumerociudaddefl@google.ru
1023,Basilio,"Calle 88, Numero 673, Ciudad ABC",19,bcallenumerociudadabcm@tinypic.com
1024,Salvidor,"Calle 2, Numero 855, Ciudad GHI",12,scallenumerociudadghin@chronoengine.com
1025,Brian,"Calle 11, Numero 9, Ciudad GHI",25,bcallenumerociudadghio@furl.net
1026,Basilio,"Calle 27, Numero 219, Ciudad DEF",62,bcallenumerociudaddefp@berkeley.edu
1027,Patrizius,"Calle 70, Numero 894, Ciudad DEF",22,pcallenumerociudaddefq@goo.ne.jp
1028,Daile,"Calle 96, Numero 241, Ciudad DEF",15,dcallenumerociudaddefr@mapy.cz
1029,Alexander,"Calle 51, Numero 546, Ciudad GHI",81,acallenumerociudadghis@simplemachines.org
1030,Arny,"Calle 41, Numero 192, Ciudad GHI",57,acallenumerociudadghit@godaddy.com
1031,Juanita,"Calle 24, Numero 356, Ciudad DEF",48,jcallenumerociudaddefu@yelp.com
1032,Marya,"Calle 69, Numero 986, Ciudad DEF",100,mcallenumerociudaddefv@mozilla.org
1033,Tomasine,"Calle 51, Numero 408, Ciudad DEF",62,tcallenumerociudaddefw@reference.com
1034,Yanaton,"Calle 32, Numero 335, Ciudad ABC",93,ycallenumerociudadabcx@reverbnation.com
1035,Padraig,"Calle 17, Numero 315, Ciudad GHI",51,pcallenumerociudadghiy@blog.com
1036,Elfrida,"Calle 9, Numero 968, Ciudad ABC",59,ecallenumerociudadabcz@huffingtonpost.com
1037,Kiah,"Calle 82, Numero 738, Ciudad GHI",28,kcallenumerociudadghi10@topsy.com
1038,Birgit,"Calle 62, Numero 488, Ciudad GHI",77,bcallenumerociudadghi11@diigo.com
1039,Jedediah,"Calle 98, Numero 216, Ciudad GHI",90,jcallenumerociudadghi12@webmd.com
1040,Hilary,"Calle 68, Numero 615, Ciudad GHI",2,hcallenumerociudadghi13@mac.com
1041,Analiese,"Calle 25, Numero 779, Ciudad ABC",5,acallenumerociudadabc14@technorati.com
1042,Elvera,"Calle 63, Numero 642, Ciudad ABC",40,ecallenumerociudadabc15@ox.ac.uk
1043,Flora,"Calle 94, Numero 298, Ciudad GHI",58,fcallenumerociudadghi16@flickr.com
1044,Israel,"Calle 31, Numero 419, Ciudad GHI",64,icallenumerociudadghi17@nps.gov
1045,Chloris,"Calle 60, Numero 583, Ciudad ABC",33,ccallenumerociudadabc18@microsoft.com
1046,Daisy,"Calle 85, Numero 774, Ciudad ABC",42,dcallenumerociudadabc19@360.cn
1047,Rhoda,"Calle 62, Numero 131, Ciudad GHI",79,rcallenumerociudadghi1a@vimeo.com
1048,Jennifer,"Calle 30, Numero 727, Ciudad ABC",85,jcallenumerociudadabc1b@amazonaws.com
1049,Eachelle,"Calle 4, Numero 708, Ciudad DEF",35,ecallenumerociudaddef1c@dell.com
1050,Berk,"Calle 67, Numero 583, Ciudad GHI",7,bcallenumerociudadghi1d@oaic.gov.au
1051,Wilmette,"Calle 28, Numero 824, Ciudad GHI",16,wcallenumerociudadghi1e@uiuc.edu
1052,Celia,"Calle 71, Numero 638, Ciudad DEF",42,ccallenumerociudaddef1f@wikia.com
1053,Preston,"Calle 31, Numero 998, Ciudad GHI",24,pcallenumerociudadghi1g@usda.gov
1054,Milissent,"Calle 7, Numero 810, Ciudad GHI",98,mcallenumerociudadghi1h@usa.gov
1055,Aveline,"Calle 89, Numero 638, Ciudad GHI",11,acallenumerociudadghi1i@prweb.com
1056,Rodolph,"Calle 91, Numero 808, Ciudad ABC",74,rcallenumerociudadabc1j@webeden.co.uk
1057,Jackelyn,"Calle 42, Numero 110, Ciudad GHI",19,jcallenumerociudadghi1k@archive.org
1058,Keslie,"Calle 28, Numero 810, Ciudad DEF",71,kcallenumerociudaddef1l@e-recht24.de
1059,Christie,"Calle 38, Numero 224, Ciudad GHI",43,ccallenumerociudadghi1m@liveinternet.ru
1060,Tam,"Calle 14, Numero 488, Ciudad DEF",50,tcallenumerociudaddef1n@tripadvisor.com
1061,Grenville,"Calle 61, Numero 266, Ciudad GHI",98,gcallenumerociudadghi1o@cdbaby.com
1062,Eduardo,"Calle 52, Numero 192, Ciudad ABC",86,ecallenumerociudadabc1p@lulu.com
1063,Dacie,"Calle 39, Numero 580, Ciudad DEF",55,dcallenumerociudaddef1q@ycombinator.com
1064,Reagan,"Calle 22, Numero 1, Ciudad GHI",52,rcallenumerociudadghi1r@tmall.com
1065,Stevana,"Calle 16, Numero 605, Ciudad GHI",33,scallenumerociudadghi1s@ovh.net
1066,Darrelle,"Calle 6, Numero 60, Ciudad DEF",65,dcallenumerociudaddef1t@addtoany.com
1067,Jessie,"Calle 91, Numero 111, Ciudad ABC",73,jcallenumerociudadabc1u@java.com
1068,Morrie,"Calle 33, Numero 497, Ciudad GHI",42,mcallenumerociudadghi1v@istockphoto.com
1069,Rogers,"Calle 37, Numero 618, Ciudad DEF",28,rcallenumerociudaddef1w@moonfruit.com
1070,Clemmy,"Calle 23, Numero 461, Ciudad GHI",91,ccallenumerociudadghi1x@posterous.com
1071,Jayson,"Calle 15, Numero 889, Ciudad ABC",81,jcallenumerociudadabc1y@mit.edu
1072,Josephina,"Calle 38, Numero 899, Ciudad ABC",24,jcallenumerociudadabc1z@diigo.com
1073,Russ,"Calle 48, Numero 638, Ciudad ABC",75,rcallenumerociudadabc20@addthis.com
1074,Michele,"Calle 12, Numero 251, Ciudad ABC",42,mcallenumerociudadabc21@google.cn
1075,Annelise,"Calle 90, Numero 468, Ciudad ABC",54,acallenumerociudadabc22@dagondesign.com
1076,Amerigo,"Calle 54, Numero 900, Ciudad DEF",95,acallenumerociudaddef23@google.co.jp
1077,Adan,"Calle 86, Numero 730, Ciudad DEF",55,acallenumerociudaddef24@wisc.edu
1078,Datha,"Calle 66, Numero 765, Ciudad ABC",100,dcallenumerociudadabc25@ted.com
1079,Sollie,"Calle 85, Numero 851, Ciudad DEF",81,scallenumerociudaddef26@dedecms.com
1080,Ardys,"Calle 73, Numero 744, Ciudad DEF",62,acallenumerociudaddef27@cyberchimps.com
1081,Lilian,"Calle 52, Numero 252, Ciudad GHI",30,lcallenumerociudadghi28@bbb.org
1082,Quinn,"Calle 100, Numero 809, Ciudad GHI",75,qcallenumerociudadghi29@bravesites.com
1083,Tris,"Calle 56, Numero 545, Ciudad ABC",97,tcallenumerociudadabc2a@usa.gov
1084,Langston,"Calle 66, Numero 403, Ciudad DEF",85,lcallenumerociudaddef2b@slate.com
1085,Galina,"Calle 51, Numero 378, Ciudad ABC",27,gcallenumerociudadabc2c@bizjournals.com
1086,Suzy,"Calle 71, Numero 255, Ciudad ABC",53,scallenumerociudadabc2d@digg.com
1087,Wilhelmina,"Calle 69, Numero 160, Ciudad ABC",96,wcallenumerociudadabc2e@quantcast.com
1088,Welch,"Calle 78, Numero 675, Ciudad DEF",50,wcallenumerociudaddef2f@cbsnews.com
1089,Eden,"Calle 25, Numero 324, Ciudad DEF",89,ecallenumerociudaddef2g@slideshare.net
1090,Joyous,"Calle 29, Numero 374, Ciudad DEF",4,jcallenumerociudaddef2h@discovery.com
1091,Rodge,"Calle 87, Numero 81, Ciudad DEF",39,rcallenumerociudaddef2i@va.gov
1092,Bartlett,"Calle 32, Numero 649, Ciudad GHI",26,bcallenumerociudadghi2j@webnode.com
1093,Arlyne,"Calle 67, Numero 12, Ciudad DEF",50,acallenumerociudaddef2k@about.me
1094,Willi,"Calle 100, Numero 98, Ciudad DEF",43,wcallenumerociudaddef2l@mysql.com
1095,Shelby,"Calle 6, Numero 618, Ciudad DEF",18,scallenumerociudaddef2m@adobe.com
1096,Ethel,"Calle 49, Numero 142, Ciudad ABC",34,ecallenumerociudadabc2n@blinklist.com
1097,Regan,"Calle 41, Numero 767, Ciudad ABC",97,rcallenumerociudadabc2o@newyorker.com
1098,Mariejeanne,"Calle 21, Numero 423, Ciudad GHI",88,mcallenumerociudadghi2p@wiley.com
1099,Elise,"Calle 19, Numero 422, Ciudad GHI",15,ecallenumerociudadghi2q@earthlink.net
1100,Licha,"Calle 7, Numero 782, Ciudad ABC",99,lcallenumerociudadabc2r@soundcloud.com
1101,Tull,"Calle 45, Numero 352, Ciudad DEF",40,tcallenumerociudaddef2s@webnode.com
1102,Katrine,"Calle 89, Numero 543, Ciudad DEF",64,kcallenumerociudaddef2t@mysql.com
1103,Marilyn,"Calle 16, Numero 708, Ciudad GHI",38,mcallenumerociudadghi2u@mac.com
1104,Kate,"Calle 39, Numero 480, Ciudad ABC",39,kcallenumerociudadabc2v@ibm.com
1105,Dalenna,"Calle 60, Numero 840, Ciudad GHI",52,dcallenumerociudadghi2w@utexas.edu
1106,Padraig,"Calle 13, Numero 282, Ciudad DEF",40,pcallenumerociudaddef2x@noaa.gov
1107,Sarena,"Calle 35, Numero 553, Ciudad ABC",17,scallenumerociudadabc2y@disqus.com
1108,Conchita,"Calle 94, Numero 918, Ciudad ABC",38,ccallenumerociudadabc2z@clickbank.net
1109,Reginauld,"Calle 45, Numero 543, Ciudad DEF",40,rcallenumerociudaddef30@ca.gov
1110,Aggie,"Calle 52, Numero 784, Ciudad GHI",9,acallenumerociudadghi31@mysql.com
1111,Stephanus,"Calle 92, Numero 96, Ciudad ABC",26,scallenumerociudadabc32@patch.com
1112,Bernete,"Calle 99, Numero 932, Ciudad ABC",92,bcallenumerociudadabc33@usatoday.com
1113,Ives,"Calle 22, Numero 742, Ciudad ABC",68,icallenumerociudadabc34@marriott.com
1114,Sherwynd,"Calle 53, Numero 728, Ciudad ABC",3,scallenumerociudadabc35@google.de
1115,Nert,"Calle 79, Numero 573, Ciudad GHI",27,ncallenumerociudadghi36@discovery.com
1116,Annadiana,"Calle 99, Numero 662, Ciudad DEF",32,acallenumerociudaddef37@spotify.com
1117,Marius,"Calle 16, Numero 876, Ciudad DEF",80,mcallenumerociudaddef38@home.pl
1118,Arda,"Calle 71, Numero 341, Ciudad ABC",87,acallenumerociudadabc39@wix.com
1119,Eada,"Calle 82, Numero 983, Ciudad DEF",28,ecallenumerociudaddef3a@mayoclinic.com
1120,Thorndike,"Calle 84, Numero 821, Ciudad DEF",43,tcallenumerociudaddef3b@eepurl.com
1121,Bendix,"Calle 34, Numero 155, Ciudad DEF",50,bcallenumerociudaddef3c@sina.com.cn
1122,Shepherd,"Calle 65, Numero 570, Ciudad ABC",85,scallenumerociudadabc3d@discuz.net
1123,Anna-diana,"Calle 98, Numero 831, Ciudad GHI",19,acallenumerociudadghi3e@admin.ch
1124,Kelci,"Calle 42, Numero 966, Ciudad ABC",42,kcallenumerociudadabc3f@trellian.com
1125,Letisha,"Calle 66, Numero 767, Ciudad ABC",41,lcallenumerociudadabc3g@netscape.com
1126,Benedicta,"Calle 15, Numero 923, Ciudad ABC",55,bcallenumerociudadabc3h@china.com.cn
1127,Leslie,"Calle 84, Numero 786, Ciudad GHI",56,lcallenumerociudadghi3i@ezinearticles.com
1128,Franny,"Calle 35, Numero 445, Ciudad DEF",8,fcallenumerociudaddef3j@xinhuanet.com
1129,Florance,"Calle 4, Numero 780, Ciudad ABC",58,fcallenumerociudadabc3k@eventbrite.com
1130,Kristien,"Calle 66, Numero 857, Ciudad DEF",22,kcallenumerociudaddef3l@omniture.com
1131,Corrie,"Calle 16, Numero 805, Ciudad ABC",62,ccallenumerociudadabc3m@gizmodo.com
1132,Alphonso,"Calle 63, Numero 737, Ciudad GHI",82,acallenumerociudadghi3n@tmall.com
1133,Katrina,"Calle 87, Numero 505, Ciudad DEF",91,kcallenumerociudaddef3o@unesco.org
1134,Charleen,"Calle 88, Numero 302, Ciudad DEF",65,ccallenumerociudaddef3p@google.com.br
1135,Jerrome,"Calle 13, Numero 353, Ciudad DEF",68,jcallenumerociudaddef3q@fda.gov
1136,Greta,"Calle 94, Numero 756, Ciudad DEF",30,gcallenumerociudaddef3r@un.org
1137,Cornie,"Calle 54, Numero 721, Ciudad ABC",72,ccallenumerociudadabc3s@clickbank.net
1138,Koralle,"Calle 14, Numero 319, Ciudad DEF",36,kcallenumerociudaddef3t@amazon.com
1139,Erda,"Calle 95, Numero 45, Ciudad ABC",97,ecallenumerociudadabc3u@bigcartel.com
1140,Cora,"Calle 43, Numero 235, Ciudad DEF",6,ccallenumerociudaddef3v@people.com.cn
1141,Aloysia,"Calle 30, Numero 792, Ciudad GHI",56,acallenumerociudadghi3w@hibu.com
1142,Barry,"Calle 30, Numero 292, Ciudad DEF",4,bcallenumerociudaddef3x@dot.gov
1143,Jamesy,"Calle 87, Numero 797, Ciudad GHI",88,jcallenumerociudadghi3y@google.ca
1144,Grove,"Calle 79, Numero 17, Ciudad ABC",64,gcallenumerociudadabc3z@dot.gov
1145,Tracy,"Calle 78, Numero 848, Ciudad GHI",78,tcallenumerociudadghi40@bluehost.com
1146,Harrie,"Calle 59, Numero 299, Ciudad DEF",66,hcallenumerociudaddef41@hexun.com
1147,Georg,"Calle 49, Numero 721, Ciudad GHI",29,gcallenumerociudadghi42@hao123.com
1148,Estrellita,"Calle 52, Numero 188, Ciudad DEF",16,ecallenumerociudaddef43@google.fr
1149,Jacquelyn,"Calle 4, Numero 952, Ciudad DEF",22,jcallenumerociudaddef44@goo.ne.jp
1150,Clarke,"Calle 21, Numero 969, Ciudad GHI",48,ccallenumerociudadghi45@ihg.com
1151,Karon,"Calle 72, Numero 666, Ciudad ABC",59,kcallenumerociudadabc46@yellowbook.com
1152,Briant,"Calle 80, Numero 818, Ciudad GHI",31,bcallenumerociudadghi47@earthlink.net
1153,Frederic,"Calle 95, Numero 449, Ciudad GHI",19,fcallenumerociudadghi48@msu.edu
1154,Manolo,"Calle 2, Numero 445, Ciudad DEF",75,mcallenumerociudaddef49@zdnet.com
1155,Chrisy,"Calle 39, Numero 206, Ciudad ABC",41,ccallenumerociudadabc4a@hubpages.com
1156,Anabelle,"Calle 41, Numero 168, Ciudad ABC",86,acallenumerociudadabc4b@fda.gov
1157,Rhona,"Calle 46, Numero 91, Ciudad ABC",69,rcallenumerociudadabc4c@uol.com.br
1158,Shirl,"Calle 35, Numero 880, Ciudad DEF",88,scallenumerociudaddef4d@admin.ch
1159,Suellen,"Calle 78, Numero 29, Ciudad GHI",30,scallenumerociudadghi4e@ucoz.com
1160,Jill,"Calle 65, Numero 785, Ciudad DEF",49,jcallenumerociudaddef4f@shutterfly.com
1161,Ofilia,"Calle 39, Numero 282, Ciudad GHI",10,ocallenumerociudadghi4g@archive.org
1162,Gale,"Calle 62, Numero 443, Ciudad ABC",90,gcallenumerociudadabc4h@storify.com
1163,Gradey,"Calle 87, Numero 435, Ciudad ABC",68,gcallenumerociudadabc4i@facebook.com
1164,Buddie,"Calle 18, Numero 356, Ciudad DEF",12,bcallenumerociudaddef4j@imageshack.us
1165,Kristien,"Calle 3, Numero 318, Ciudad DEF",80,kcallenumerociudaddef4k@shinystat.com
1166,Roslyn,"Calle 34, Numero 304, Ciudad DEF",68,rcallenumerociudaddef4l@privacy.gov.au
1167,Silva,"Calle 11, Numero 740, Ciudad GHI",28,scallenumerociudadghi4m@prlog.org
1168,Dulcinea,"Calle 33, Numero 894, Ciudad DEF",44,dcallenumerociudaddef4n@bizjournals.com
1169,Lamont,"Calle 65, Numero 342, Ciudad DEF",8,lcallenumerociudaddef4o@github.io
1170,Shaina,"Calle 69, Numero 492, Ciudad ABC",53,scallenumerociudadabc4p@vk.com
1171,Barrett,"Calle 80, Numero 19, Ciudad GHI",2,bcallenumerociudadghi4q@examiner.com
1172,Franky,"Calle 19, Numero 847, Ciudad ABC",45,fcallenumerociudadabc4r@phoca.cz
1173,Lek,"Calle 14, Numero 666, Ciudad DEF",36,lcallenumerociudaddef4s@edublogs.org
1174,Bobbie,"Calle 39, Numero 380, Ciudad DEF",40,bcallenumerociudaddef4t@ft.com
1175,Amil,"Calle 28, Numero 469, Ciudad GHI",57,acallenumerociudadghi4u@lulu.com
1176,Coop,"Calle 45, Numero 188, Ciudad ABC",44,ccallenumerociudadabc4v@netvibes.com
1177,Noah,"Calle 90, Numero 286, Ciudad ABC",68,ncallenumerociudadabc4w@sogou.com
1178,Amalle,"Calle 1, Numero 97, Ciudad ABC",74,acallenumerociudadabc4x@ovh.net
1179,Alyse,"Calle 52, Numero 842, Ciudad GHI",69,acallenumerociudadghi4y@mit.edu
1180,Shara,"Calle 54, Numero 769, Ciudad DEF",16,scallenumerociudaddef4z@cornell.edu
1181,Judy,"Calle 7, Numero 296, Ciudad ABC",68,jcallenumerociudadabc50@japanpost.jp
1182,Taryn,"Calle 71, Numero 20, Ciudad DEF",92,tcallenumerociudaddef51@hp.com
1183,Farr,"Calle 9, Numero 901, Ciudad GHI",48,fcallenumerociudadghi52@google.ru
1184,Sal,"Calle 76, Numero 999, Ciudad GHI",81,scallenumerociudadghi53@xing.com
1185,Osbert,"Calle 2, Numero 816, Ciudad ABC",91,ocallenumerociudadabc54@census.gov
1186,Rubina,"Calle 71, Numero 453, Ciudad DEF",24,rcallenumerociudaddef55@wp.com
1187,Idelle,"Calle 63, Numero 742, Ciudad ABC",36,icallenumerociudadabc56@independent.co.uk
1188,Juan,"Calle 32, Numero 292, Ciudad ABC",48,jcallenumerociudadabc57@mit.edu
1189,Roth,"Calle 57, Numero 242, Ciudad ABC",97,rcallenumerociudadabc58@friendfeed.com
1190,Worthy,"Calle 72, Numero 19, Ciudad DEF",4,wcallenumerociudaddef59@disqus.com
1191,Robina,"Calle 100, Numero 886, Ciudad ABC",18,rcallenumerociudadabc5a@utexas.edu
1192,Isacco,"Calle 16, Numero 659, Ciudad ABC",32,icallenumerociudadabc5b@cpanel.net
1193,Dulcia,"Calle 40, Numero 276, Ciudad ABC",58,dcallenumerociudadabc5c@reverbnation.com
1194,Charlot,"Calle 73, Numero 711, Ciudad ABC",20,ccallenumerociudadabc5d@google.ca
1195,Phineas,"Calle 71, Numero 111, Ciudad GHI",16,pcallenumerociudadghi5e@jalbum.net
1196,Katey,"Calle 3, Numero 821, Ciudad GHI",28,kcallenumerociudadghi5f@clickbank.net
1197,Concettina,"Calle 72, Numero 410, Ciudad GHI",14,ccallenumerociudadghi5g@dailymotion.com
1198,Niven,"Calle 32, Numero 240, Ciudad DEF",74,ncallenumerociudaddef5h@abc.net.au
1199,Sollie,"Calle 69, Numero 989, Ciudad GHI",78,scallenumerociudadghi5i@wordpress.org
1200,Joyous,"Calle 78, Numero 150, Ciudad GHI",29,jcallenumerociudadghi5j@exblog.jp
1201,Logan,"Calle 30, Numero 62, Ciudad DEF",72,lcallenumerociudaddef5k@google.nl
1202,Joycelin,"Calle 13, Numero 453, Ciudad GHI",23,jcallenumerociudadghi5l@bloglovin.com
1203,Misty,"Calle 49, Numero 605, Ciudad GHI",84,mcallenumerociudadghi5m@tmall.com
1204,Krista,"Calle 65, Numero 364, Ciudad DEF",29,kcallenumerociudaddef5n@flavors.me
1205,Claudine,"Calle 19, Numero 732, Ciudad ABC",46,ccallenumerociudadabc5o@vimeo.com
1206,Danni,"Calle 88, Numero 984, Ciudad GHI",35,dcallenumerociudadghi5p@theguardian.com
1207,Renell,"Calle 11, Numero 252, Ciudad ABC",65,rcallenumerociudadabc5q@prweb.com
1208,Marj,"Calle 76, Numero 47, Ciudad GHI",78,mcallenumerociudadghi5r@va.gov
1209,Ofella,"Calle 21, Numero 296, Ciudad ABC",97,ocallenumerociudadabc5s@businesswire.com
1210,Miranda,"Calle 37, Numero 656, Ciudad ABC",87,mcallenumerociudadabc5t@unicef.org
1211,Hinda,"Calle 38, Numero 120, Ciudad DEF",53,hcallenumerociudaddef5u@pinterest.com
1212,Renard,"Calle 66, Numero 219, Ciudad DEF",21,rcallenumerociudaddef5v@gnu.org
1213,Hadrian,"Calle 60, Numero 190, Ciudad DEF",90,hcallenumerociudaddef5w@census.gov
1214,Yorker,"Calle 69, Numero 359, Ciudad GHI",13,ycallenumerociudadghi5x@themeforest.net
1215,Carena,"Calle 50, Numero 443, Ciudad GHI",1,ccallenumerociudadghi5y@e-recht24.de
1216,Yank,"Calle 64, Numero 452, Ciudad ABC",85,ycallenumerociudadabc5z@naver.com
1217,Susette,"Calle 59, Numero 563, Ciudad DEF",67,scallenumerociudaddef60@opensource.org
1218,Lyndsay,"Calle 9, Numero 524, Ciudad ABC",14,lcallenumerociudadabc61@google.co.jp
1219,Allan,"Calle 88, Numero 539, Ciudad DEF",22,acallenumerociudaddef62@nasa.gov
1220,Emmy,"Calle 80, Numero 918, Ciudad ABC",62,ecallenumerociudadabc63@histats.com
1221,Will,"Calle 2, Numero 26, Ciudad DEF",27,wcallenumerociudaddef64@prlog.org
1222,Grady,"Calle 20, Numero 909, Ciudad GHI",9,gcallenumerociudadghi65@is.gd
1223,Malynda,"Calle 75, Numero 147, Ciudad GHI",10,mcallenumerociudadghi66@cargocollective.com
1224,Tuckie,"Calle 86, Numero 468, Ciudad GHI",51,tcallenumerociudadghi67@senate.gov
1225,Sascha,"Calle 77, Numero 460, Ciudad ABC",21,scallenumerociudadabc68@barnesandnoble.com
1226,Cherri,"Calle 16, Numero 789, Ciudad GHI",1,ccallenumerociudadghi69@webmd.com
1227,Karen,"Calle 28, Numero 889, Ciudad ABC",39,kcallenumerociudadabc6a@yahoo.co.jp
1228,Buffy,"Calle 45, Numero 12, Ciudad ABC",40,bcallenumerociudadabc6b@prlog.org
1229,Irwinn,"Calle 72, Numero 709, Ciudad DEF",43,icallenumerociudaddef6c@va.gov
1230,Gwendolyn,"Calle 9, Numero 599, Ciudad ABC",45,gcallenumerociudadabc6d@jugem.jp
1231,Marquita,"Calle 57, Numero 963, Ciudad DEF",10,mcallenumerociudaddef6e@fda.gov
1232,Phillipe,"Calle 14, Numero 219, Ciudad DEF",100,pcallenumerociudaddef6f@github.io
1233,Gavan,"Calle 4, Numero 973, Ciudad DEF",20,gcallenumerociudaddef6g@microsoft.com
1234,Orazio,"Calle 53, Numero 308, Ciudad GHI",72,ocallenumerociudadghi6h@wordpress.org
1235,Allianora,"Calle 50, Numero 915, Ciudad ABC",79,acallenumerociudadabc6i@bloglines.com
1236,Maureene,"Calle 63, Numero 271, Ciudad GHI",36,mcallenumerociudadghi6j@epa.gov
1237,Harlie,"Calle 62, Numero 325, Ciudad ABC",13,hcallenumerociudadabc6k@chron.com
1238,Ardella,"Calle 96, Numero 486, Ciudad DEF",71,acallenumerociudaddef6l@facebook.com
1239,Annadiane,"Calle 38, Numero 118, Ciudad DEF",99,acallenumerociudaddef6m@kickstarter.com
1240,Janel,"Calle 69, Numero 535, Ciudad ABC",14,jcallenumerociudadabc6n@imgur.com
1241,Georgine,"Calle 10, Numero 958, Ciudad ABC",16,gcallenumerociudadabc6o@comcast.net
1242,Horatio,"Calle 74, Numero 264, Ciudad ABC",99,hcallenumerociudadabc6p@linkedin.com
1243,Fleurette,"Calle 98, Numero 499, Ciudad GHI",40,fcallenumerociudadghi6q@ehow.com
1244,Angele,"Calle 77, Numero 984, Ciudad DEF",93,acallenumerociudaddef6r@ycombinator.com
1245,Gil,"Calle 64, Numero 607, Ciudad GHI",55,gcallenumerociudadghi6s@economist.com
1246,Solomon,"Calle 23, Numero 756, Ciudad GHI",26,scallenumerociudadghi6t@washingtonpost.com
1247,Garwin,"Calle 85, Numero 681, Ciudad DEF",74,gcallenumerociudaddef6u@sourceforge.net
1248,Candida,"Calle 32, Numero 426, Ciudad DEF",70,ccallenumerociudaddef6v@sina.com.cn
1249,Breena,"Calle 37, Numero 525, Ciudad GHI",51,bcallenumerociudadghi6w@howstuffworks.com
1250,Nissa,"Calle 48, Numero 607, Ciudad ABC",65,ncallenumerociudadabc6x@i2i.jp
1251,Emera,"Calle 14, Numero 213, Ciudad ABC",60,ecallenumerociudadabc6y@wufoo.com
1252,Jorrie,"Calle 84, Numero 411, Ciudad GHI",45,jcallenumerociudadghi6z@cornell.edu
1253,Reine,"Calle 74, Numero 591, Ciudad GHI",24,rcallenumerociudadghi70@slideshare.net
1254,Ophelia,"Calle 19, Numero 516, Ciudad DEF",76,ocallenumerociudaddef71@pcworld.com
1255,Darsey,"Calle 40, Numero 376, Ciudad ABC",27,dcallenumerociudadabc72@github.io
1256,Janene,"Calle 61, Numero 431, Ciudad DEF",49,jcallenumerociudaddef73@google.com.br
1257,Marcille,"Calle 37, Numero 393, Ciudad ABC",6,mcallenumerociudadabc74@illinois.edu
1258,Prinz,"Calle 48, Numero 65, Ciudad ABC",73,pcallenumerociudadabc75@blinklist.com
1259,Maisie,"Calle 36, Numero 840, Ciudad ABC",13,mcallenumerociudadabc76@umich.edu
1260,Phedra,"Calle 72, Numero 387, Ciudad DEF",97,pcallenumerociudaddef77@webeden.co.uk
1261,Lusa,"Calle 71, Numero 546, Ciudad GHI",65,lcallenumerociudadghi78@imgur.com
1262,Valentine,"Calle 78, Numero 369, Ciudad DEF",70,vcallenumerociudaddef79@paypal.com
1263,Lindsey,"Calle 46, Numero 203, Ciudad DEF",86,lcallenumerociudaddef7a@1und1.de
1264,George,"Calle 61, Numero 103, Ciudad DEF",79,gcallenumerociudaddef7b@msn.com
1265,Jone,"Calle 26, Numero 864, Ciudad ABC",63,jcallenumerociudadabc7c@gmpg.org
1266,Odetta,"Calle 29, Numero 119, Ciudad DEF",10,ocallenumerociudaddef7d@jimdo.com
1267,Celie,"Calle 19, Numero 344, Ciudad DEF",65,ccallenumerociudaddef7e@hao123.com
1268,Tildy,"Calle 76, Numero 766, Ciudad ABC",15,tcallenumerociudadabc7f@cargocollective.com
1269,Joey,"Calle 81, Numero 64, Ciudad DEF",87,jcallenumerociudaddef7g@hatena.ne.jp
1270,Wat,"Calle 16, Numero 13, Ciudad GHI",39,wcallenumerociudadghi7h@state.tx.us
1271,Terrance,"Calle 30, Numero 665, Ciudad ABC",14,tcallenumerociudadabc7i@mozilla.com
1272,Elianora,"Calle 11, Numero 207, Ciudad GHI",71,ecallenumerociudadghi7j@icio.us
1273,Davide,"Calle 19, Numero 464, Ciudad DEF",66,dcallenumerociudaddef7k@dyndns.org
1274,Pincus,"Calle 12, Numero 501, Ciudad ABC",22,pcallenumerociudadabc7l@ezinearticles.com
1275,Hannie,"Calle 72, Numero 897, Ciudad ABC",84,hcallenumerociudadabc7m@cisco.com
1276,Ashley,"Calle 87, Numero 735, Ciudad DEF",49,acallenumerociudaddef7n@tinyurl.com
1277,Ernesto,"Calle 67, Numero 390, Ciudad ABC",31,ecallenumerociudadabc7o@purevolume.com
1278,Lina,"Calle 29, Numero 594, Ciudad DEF",17,lcallenumerociudaddef7p@cnbc.com
1279,Kelley,"Calle 86, Numero 336, Ciudad ABC",29,kcallenumerociudadabc7q@pbs.org
1280,Tammy,"Calle 94, Numero 880, Ciudad DEF",79,tcallenumerociudaddef7r@wsj.com
1281,Brody,"Calle 45, Numero 782, Ciudad ABC",80,bcallenumerociudadabc7s@merriam-webster.com
1282,Leilah,"Calle 51, Numero 831, Ciudad ABC",63,lcallenumerociudadabc7t@uol.com.br
1283,Papagena,"Calle 8, Numero 487, Ciudad ABC",71,pcallenumerociudadabc7u@shutterfly.com
1284,Rodina,"Calle 41, Numero 85, Ciudad DEF",52,rcallenumerociudaddef7v@cyberchimps.com
1285,Adrianne,"Calle 10, Numero 338, Ciudad DEF",40,acallenumerociudaddef7w@princeton.edu
1286,Kimberley,"Calle 84, Numero 98, Ciudad DEF",79,kcallenumerociudaddef7x@joomla.org
1287,Marys,"Calle 19, Numero 470, Ciudad GHI",25,mcallenumerociudadghi7y@webs.com
1288,Grannie,"Calle 63, Numero 649, Ciudad ABC",17,gcallenumerociudadabc7z@google.ru
1289,Bevon,"Calle 6, Numero 41, Ciudad ABC",11,bcallenumerociudadabc80@amazon.co.jp
1290,Carlyn,"Calle 10, Numero 3, Ciudad DEF",27,ccallenumerociudaddef81@phpbb.com
1291,Nickolaus,"Calle 19, Numero 232, Ciudad GHI",67,ncallenumerociudadghi82@mapquest.com
1292,Cyndia,"Calle 33, Numero 496, Ciudad GHI",34,ccallenumerociudadghi83@msn.com
1293,Kienan,"Calle 94, Numero 309, Ciudad GHI",50,kcallenumerociudadghi84@smugmug.com
1294,Cherise,"Calle 96, Numero 909, Ciudad GHI",18,ccallenumerociudadghi85@independent.co.uk
1295,Berna,"Calle 17, Numero 754, Ciudad DEF",1,bcallenumerociudaddef86@cargocollective.com
1296,Olympe,"Calle 44, Numero 388, Ciudad ABC",19,ocallenumerociudadabc87@is.gd
1297,Tremaine,"Calle 52, Numero 365, Ciudad DEF",22,tcallenumerociudaddef88@walmart.com
1298,Virge,"Calle 11, Numero 536, Ciudad GHI",22,vcallenumerociudadghi89@latimes.com
1299,Nataline,"Calle 3, Numero 129, Ciudad GHI",56,ncallenumerociudadghi8a@msu.edu
1300,Hinda,"Calle 69, Numero 821, Ciudad GHI",8,hcallenumerociudadghi8b@linkedin.com
1301,Rosie,"Calle 47, Numero 353, Ciudad DEF",12,rcallenumerociudaddef8c@unblog.fr
1302,Heather,"Calle 84, Numero 635, Ciudad GHI",47,hcallenumerociudadghi8d@sakura.ne.jp
1303,Lizabeth,"Calle 25, Numero 461, Ciudad ABC",62,lcallenumerociudadabc8e@odnoklassniki.ru
1304,Geri,"Calle 33, Numero 641, Ciudad ABC",85,gcallenumerociudadabc8f@deviantart.com
1305,Reidar,"Calle 61, Numero 50, Ciudad GHI",99,rcallenumerociudadghi8g@infoseek.co.jp
1306,Bree,"Calle 47, Numero 697, Ciudad ABC",69,bcallenumerociudadabc8h@sohu.com
1307,Tildi,"Calle 70, Numero 627, Ciudad ABC",72,tcallenumerociudadabc8i@admin.ch
1308,Rodge,"Calle 37, Numero 525, Ciudad DEF",29,rcallenumerociudaddef8j@statcounter.com
1309,Osborn,"Calle 82, Numero 885, Ciudad GHI",6,ocallenumerociudadghi8k@reverbnation.com
1310,Dal,"Calle 44, Numero 311, Ciudad DEF",93,dcallenumerociudaddef8l@goo.gl
1311,Annetta,"Calle 25, Numero 238, Ciudad ABC",45,acallenumerociudadabc8m@creativecommons.org
1312,Katlin,"Calle 9, Numero 135, Ciudad DEF",93,kcallenumerociudaddef8n@economist.com
1313,Elwood,"Calle 54, Numero 952, Ciudad GHI",29,ecallenumerociudadghi8o@walmart.com
1314,Aindrea,"Calle 74, Numero 134, Ciudad DEF",35,acallenumerociudaddef8p@soup.io
1315,Faulkner,"Calle 71, Numero 145, Ciudad GHI",76,fcallenumerociudadghi8q@vkontakte.ru
1316,Clari,"Calle 73, Numero 741, Ciudad DEF",42,ccallenumerociudaddef8r@moonfruit.com
1317,Barnard,"Calle 90, Numero 4, Ciudad GHI",87,bcallenumerociudadghi8s@disqus.com
1318,Sheela,"Calle 63, Numero 445, Ciudad ABC",17,scallenumerociudadabc8t@va.gov
1319,Adara,"Calle 93, Numero 877, Ciudad DEF",73,acallenumerociudaddef8u@slashdot.org
1320,Glennie,"Calle 95, Numero 619, Ciudad DEF",96,gcallenumerociudaddef8v@over-blog.com
1321,Raddie,"Calle 67, Numero 129, Ciudad ABC",85,rcallenumerociudadabc8w@archive.org
1322,Glenden,"Calle 25, Numero 372, Ciudad ABC",99,gcallenumerociudadabc8x@jimdo.com
1323,Sheila,"Calle 63, Numero 468, Ciudad GHI",70,scallenumerociudadghi8y@abc.net.au
1324,Dorthea,"Calle 63, Numero 723, Ciudad DEF",50,dcallenumerociudaddef8z@alexa.com
1325,Hermia,"Calle 8, Numero 619, Ciudad DEF",67,hcallenumerociudaddef90@guardian.co.uk
1326,Allyson,"Calle 48, Numero 417, Ciudad ABC",2,acallenumerociudadabc91@networkadvertising.org
1327,Cesya,"Calle 35, Numero 194, Ciudad ABC",21,ccallenumerociudadabc92@google.it
1328,Candida,"Calle 59, Numero 649, Ciudad ABC",44,ccallenumerociudadabc93@gravatar.com
1329,Rustin,"Calle 80, Numero 763, Ciudad DEF",95,rcallenumerociudaddef94@apache.org
1330,Collete,"Calle 43, Numero 331, Ciudad DEF",40,ccallenumerociudaddef95@chron.com
1331,Jacinthe,"Calle 37, Numero 307, Ciudad GHI",39,jcallenumerociudadghi96@themeforest.net
1332,Osbourn,"Calle 73, Numero 653, Ciudad ABC",45,ocallenumerociudadabc97@e-recht24.de
1333,Shandie,"Calle 70, Numero 779, Ciudad ABC",65,scallenumerociudadabc98@wisc.edu
1334,Robena,"Calle 38, Numero 648, Ciudad ABC",52,rcallenumerociudadabc99@about.com
1335,Kaylil,"Calle 7, Numero 316, Ciudad DEF",34,kcallenumerociudaddef9a@washington.edu
1336,Milissent,"Calle 29, Numero 875, Ciudad GHI",56,mcallenumerociudadghi9b@cocolog-nifty.com
1337,Valma,"Calle 53, Numero 449, Ciudad GHI",46,vcallenumerociudadghi9c@ca.gov
1338,Wilmer,"Calle 54, Numero 27, Ciudad DEF",37,wcallenumerociudaddef9d@usnews.com
1339,Noelyn,"Calle 76, Numero 204, Ciudad GHI",22,ncallenumerociudadghi9e@topsy.com
1340,Roana,"Calle 87, Numero 998, Ciudad ABC",19,rcallenumerociudadabc9f@flickr.com
1341,Yance,"Calle 14, Numero 735, Ciudad ABC",93,ycallenumerociudadabc9g@wikipedia.org
1342,Cinda,"Calle 95, Numero 578, Ciudad DEF",43,ccallenumerociudaddef9h@timesonline.co.uk
1343,Letisha,"Calle 40, Numero 853, Ciudad GHI",1,lcallenumerociudadghi9i@phpbb.com
1344,Joscelin,"Calle 19, Numero 555, Ciudad ABC",77,jcallenumerociudadabc9j@deviantart.com
1345,Teriann,"Calle 22, Numero 80, Ciudad GHI",74,tcallenumerociudadghi9k@youtu.be
1346,Ethe,"Calle 99, Numero 631, Ciudad GHI",5,ecallenumerociudadghi9l@vk.com
1347,Quinlan,"Calle 14, Numero 715, Ciudad DEF",8,qcallenumerociudaddef9m@histats.com
1348,Kordula,"Calle 24, Numero 33, Ciudad ABC",6,kcallenumerociudadabc9n@fema.gov
1349,Nicolle,"Calle 69, Numero 414, Ciudad ABC",28,ncallenumerociudadabc9o@wisc.edu
1350,Haley,"Calle 15, Numero 156, Ciudad GHI",51,hcallenumerociudadghi9p@hao123.com
1351,Katlin,"Calle 53, Numero 723, Ciudad DEF",17,kcallenumerociudaddef9q@columbia.edu
1352,Jefferson,"Calle 19, Numero 296, Ciudad GHI",63,jcallenumerociudadghi9r@jimdo.com
1353,Ophelie,"Calle 55, Numero 114, Ciudad DEF",10,ocallenumerociudaddef9s@wunderground.com
1354,Monika,"Calle 31, Numero 583, Ciudad ABC",93,mcallenumerociudadabc9t@dropbox.com
1355,Ole,"Calle 51, Numero 930, Ciudad DEF",81,ocallenumerociudaddef9u@goo.gl
1356,Elberta,"Calle 66, Numero 984, Ciudad DEF",35,ecallenumerociudaddef9v@wisc.edu
1357,Vivian,"Calle 56, Numero 454, Ciudad ABC",72,vcallenumerociudadabc9w@parallels.com
1358,Alfie,"Calle 25, Numero 520, Ciudad ABC",80,acallenumerociudadabc9x@xrea.com
1359,Audrey,"Calle 8, Numero 343, Ciudad GHI",15,acallenumerociudadghi9y@acquirethisname.com
1360,Cati,"Calle 46, Numero 310, Ciudad GHI",11,ccallenumerociudadghi9z@zdnet.com
1361,Avram,"Calle 74, Numero 33, Ciudad ABC",57,acallenumerociudadabca0@slideshare.net
1362,Currey,"Calle 35, Numero 714, Ciudad ABC",54,ccallenumerociudadabca1@360.cn
1363,Inger,"Calle 8, Numero 400, Ciudad DEF",88,icallenumerociudaddefa2@mtv.com
1364,Leroy,"Calle 58, Numero 734, Ciudad GHI",90,lcallenumerociudadghia3@discovery.com
1365,Monah,"Calle 15, Numero 251, Ciudad GHI",26,mcallenumerociudadghia4@cdc.gov
1366,Rois,"Calle 61, Numero 444, Ciudad ABC",88,rcallenumerociudadabca5@ask.com
1367,Arie,"Calle 92, Numero 420, Ciudad ABC",31,acallenumerociudadabca6@moonfruit.com
1368,Sandye,"Calle 34, Numero 975, Ciudad DEF",79,scallenumerociudaddefa7@ning.com
1369,Viviana,"Calle 75, Numero 107, Ciudad GHI",97,vcallenumerociudadghia8@narod.ru
1370,Lanie,"Calle 24, Numero 293, Ciudad ABC",10,lcallenumerociudadabca9@latimes.com
1371,Lexis,"Calle 47, Numero 603, Ciudad DEF",39,lcallenumerociudaddefaa@ebay.co.uk
1372,Ashly,"Calle 5, Numero 467, Ciudad GHI",3,acallenumerociudadghiab@spotify.com
1373,Enrique,"Calle 15, Numero 789, Ciudad DEF",50,ecallenumerociudaddefac@ted.com
1374,Leia,"Calle 34, Numero 625, Ciudad DEF",95,lcallenumerociudaddefad@e-recht24.de
1375,Temp,"Calle 49, Numero 533, Ciudad GHI",96,tcallenumerociudadghiae@odnoklassniki.ru
1376,Albertine,"Calle 88, Numero 239, Ciudad GHI",85,acallenumerociudadghiaf@wp.com
1377,Uri,"Calle 81, Numero 97, Ciudad GHI",87,ucallenumerociudadghiag@shutterfly.com
1378,Samuel,"Calle 84, Numero 626, Ciudad DEF",54,scallenumerociudaddefah@forbes.com
1379,Humfrey,"Calle 30, Numero 941, Ciudad GHI",30,hcallenumerociudadghiai@indiatimes.com
1380,Ofilia,"Calle 100, Numero 323, Ciudad ABC",6,ocallenumerociudadabcaj@omniture.com
1381,Feliks,"Calle 10, Numero 679, Ciudad DEF",96,fcallenumerociudaddefak@taobao.com
1382,Fin,"Calle 18, Numero 281, Ciudad DEF",36,fcallenumerociudaddefal@uol.com.br
1383,Lowe,"Calle 66, Numero 78, Ciudad DEF",51,lcallenumerociudaddefam@alexa.com
1384,Timofei,"Calle 81, Numero 88, Ciudad DEF",72,tcallenumerociudaddefan@blogs.com
1385,Tuesday,"Calle 24, Numero 287, Ciudad ABC",67,tcallenumerociudadabcao@nps.gov
1386,Derrik,"Calle 52, Numero 196, Ciudad GHI",48,dcallenumerociudadghiap@slate.com
1387,Gage,"Calle 10, Numero 31, Ciudad DEF",45,gcallenumerociudaddefaq@trellian.com
1388,Averell,"Calle 26, Numero 741, Ciudad ABC",56,acallenumerociudadabcar@wikispaces.com
1389,Shannah,"Calle 73, Numero 759, Ciudad GHI",87,scallenumerociudadghias@time.com
1390,Agnes,"Calle 71, Numero 893, Ciudad GHI",33,acallenumerociudadghiat@pbs.org
1391,Clarence,"Calle 39, Numero 748, Ciudad ABC",64,ccallenumerociudadabcau@soup.io
1392,Adrian,"Calle 96, Numero 80, Ciudad GHI",49,acallenumerociudadghiav@etsy.com
1393,Flem,"Calle 73, Numero 263, Ciudad GHI",64,fcallenumerociudadghiaw@stumbleupon.com
1394,Guthrey,"Calle 46, Numero 137, Ciudad ABC",29,gcallenumerociudadabcax@wired.com
1395,Torey,"Calle 94, Numero 425, Ciudad GHI",98,tcallenumerociudadghiay@nydailynews.com
1396,Frasquito,"Calle 5, Numero 797, Ciudad ABC",23,fcallenumerociudadabcaz@sciencedirect.com
1397,Rozamond,"Calle 10, Numero 821, Ciudad GHI",30,rcallenumerociudadghib0@wikispaces.com
1398,Olav,"Calle 91, Numero 308, Ciudad GHI",57,ocallenumerociudadghib1@hubpages.com
1399,Kelsi,"Calle 11, Numero 99, Ciudad ABC",55,kcallenumerociudadabcb2@about.com
1400,Ambrosio,"Calle 47, Numero 545, Ciudad GHI",78,acallenumerociudadghib3@sitemeter.com
1401,Frederique,"Calle 54, Numero 181, Ciudad GHI",1,fcallenumerociudadghib4@japanpost.jp
1402,Della,"Calle 69, Numero 13, Ciudad DEF",63,dcallenumerociudaddefb5@tiny.cc
1403,Katalin,"Calle 61, Numero 998, Ciudad GHI",39,kcallenumerociudadghib6@feedburner.com
1404,Peter,"Calle 91, Numero 622, Ciudad GHI",49,pcallenumerociudadghib7@cbslocal.com
1405,Zoe,"Calle 100, Numero 375, Ciudad ABC",43,zcallenumerociudadabcb8@gravatar.com
1406,Christi,"Calle 52, Numero 400, Ciudad DEF",34,ccallenumerociudaddefb9@facebook.com
1407,Wadsworth,"Calle 57, Numero 325, Ciudad DEF",58,wcallenumerociudaddefba@bigcartel.com
1408,Vlad,"Calle 70, Numero 293, Ciudad ABC",1,vcallenumerociudadabcbb@seattletimes.com
1409,Dennet,"Calle 12, Numero 914, Ciudad DEF",14,dcallenumerociudaddefbc@telegraph.co.uk
1410,Alard,"Calle 57, Numero 708, Ciudad GHI",7,acallenumerociudadghibd@illinois.edu
1411,Georgette,"Calle 40, Numero 397, Ciudad GHI",61,gcallenumerociudadghibe@latimes.com
1412,Pammie,"Calle 75, Numero 653, Ciudad ABC",59,pcallenumerociudadabcbf@ox.ac.uk
1413,Wenda,"Calle 38, Numero 834, Ciudad GHI",5,wcallenumerociudadghibg@theatlantic.com
1414,Deidre,"Calle 47, Numero 764, Ciudad ABC",17,dcallenumerociudadabcbh@linkedin.com
1415,Elicia,"Calle 21, Numero 504, Ciudad DEF",46,ecallenumerociudaddefbi@digg.com
1416,Craggie,"Calle 83, Numero 653, Ciudad GHI",97,ccallenumerociudadghibj@java.com
1417,Kinnie,"Calle 58, Numero 590, Ciudad ABC",47,kcallenumerociudadabcbk@mit.edu
1418,Early,"Calle 46, Numero 42, Ciudad GHI",6,ecallenumerociudadghibl@freewebs.com
1419,Stanwood,"Calle 66, Numero 533, Ciudad ABC",41,scallenumerociudadabcbm@soundcloud.com
1420,Brandie,"Calle 15, Numero 295, Ciudad ABC",70,bcallenumerociudadabcbn@huffingtonpost.com
1421,Robinet,"Calle 69, Numero 253, Ciudad ABC",1,rcallenumerociudadabcbo@dagondesign.com
1422,Trever,"Calle 35, Numero 890, Ciudad ABC",58,tcallenumerociudadabcbp@seattletimes.com
1423,Mercedes,"Calle 83, Numero 574, Ciudad DEF",20,mcallenumerociudaddefbq@diigo.com
1424,Correy,"Calle 16, Numero 969, Ciudad ABC",1,ccallenumerociudadabcbr@nih.gov
1425,Glennis,"Calle 30, Numero 952, Ciudad GHI",33,gcallenumerociudadghibs@prlog.org
1426,Sayres,"Calle 15, Numero 866, Ciudad DEF",61,scallenumerociudaddefbt@wp.com
1427,Clive,"Calle 93, Numero 832, Ciudad DEF",49,ccallenumerociudaddefbu@reddit.com
1428,Uriel,"Calle 11, Numero 969, Ciudad ABC",7,ucallenumerociudadabcbv@technorati.com
1429,Anthea,"Calle 16, Numero 613, Ciudad GHI",11,acallenumerociudadghibw@blogtalkradio.com
1430,Carr,"Calle 89, Numero 375, Ciudad DEF",64,ccallenumerociudaddefbx@si.edu
1431,Tiffanie,"Calle 48, Numero 596, Ciudad GHI",15,tcallenumerociudadghiby@deviantart.com
1432,Cy,"Calle 36, Numero 301, Ciudad DEF",50,ccallenumerociudaddefbz@sphinn.com
1433,Mora,"Calle 40, Numero 148, Ciudad ABC",12,mcallenumerociudadabcc0@time.com
1434,Dallas,"Calle 67, Numero 278, Ciudad GHI",29,dcallenumerociudadghic1@shinystat.com
1435,Lenee,"Calle 98, Numero 141, Ciudad DEF",68,lcallenumerociudaddefc2@issuu.com
1436,Meagan,"Calle 79, Numero 692, Ciudad GHI",16,mcallenumerociudadghic3@angelfire.com
1437,Yorker,"Calle 68, Numero 786, Ciudad GHI",13,ycallenumerociudadghic4@mozilla.com
1438,Robinetta,"Calle 86, Numero 70, Ciudad GHI",13,rcallenumerociudadghic5@gravatar.com
1439,Anitra,"Calle 88, Numero 745, Ciudad ABC",75,acallenumerociudadabcc6@state.gov
1440,Lief,"Calle 30, Numero 342, Ciudad GHI",5,lcallenumerociudadghic7@chronoengine.com
1441,Morley,"Calle 63, Numero 36, Ciudad DEF",41,mcallenumerociudaddefc8@smugmug.com
1442,Elwyn,"Calle 74, Numero 895, Ciudad ABC",29,ecallenumerociudadabcc9@wisc.edu
1443,Aldridge,"Calle 29, Numero 241, Ciudad DEF",90,acallenumerociudaddefca@techcrunch.com
1444,Dunstan,"Calle 1, Numero 715, Ciudad DEF",19,dcallenumerociudaddefcb@cnet.com
1445,Carlee,"Calle 71, Numero 177, Ciudad DEF",40,ccallenumerociudaddefcc@tiny.cc
1446,Shepherd,"Calle 32, Numero 437, Ciudad DEF",66,scallenumerociudaddefcd@hatena.ne.jp
1447,Trace,"Calle 32, Numero 389, Ciudad ABC",97,tcallenumerociudadabcce@wufoo.com
1448,Dionysus,"Calle 85, Numero 649, Ciudad ABC",16,dcallenumerociudadabccf@craigslist.org
1449,Loraine,"Calle 42, Numero 497, Ciudad GHI",52,lcallenumerociudadghicg@tripadvisor.com
1450,Dur,"Calle 47, Numero 913, Ciudad DEF",79,dcallenumerociudaddefch@blogger.com
1451,Yard,"Calle 92, Numero 105, Ciudad GHI",6,ycallenumerociudadghici@istockphoto.com
1452,Audra,"Calle 90, Numero 797, Ciudad GHI",72,acallenumerociudadghicj@xinhuanet.com
1453,Garnette,"Calle 24, Numero 555, Ciudad GHI",58,gcallenumerociudadghick@google.nl
1454,Giuditta,"Calle 99, Numero 16, Ciudad ABC",37,gcallenumerociudadabccl@seattletimes.com
1455,Zaneta,"Calle 98, Numero 86, Ciudad ABC",45,zcallenumerociudadabccm@usda.gov
1456,Phyllys,"Calle 13, Numero 597, Ciudad DEF",82,pcallenumerociudaddefcn@pcworld.com
1457,Edi,"Calle 94, Numero 753, Ciudad ABC",74,ecallenumerociudadabcco@jigsy.com
1458,Duff,"Calle 52, Numero 662, Ciudad GHI",66,dcallenumerociudadghicp@mapy.cz
1459,Chloris,"Calle 49, Numero 332, Ciudad DEF",50,ccallenumerociudaddefcq@pen.io
1460,Gwenore,"Calle 15, Numero 133, Ciudad GHI",35,gcallenumerociudadghicr@mashable.com
1461,Zechariah,"Calle 78, Numero 623, Ciudad DEF",54,zcallenumerociudaddefcs@sfgate.com
1462,Mariette,"Calle 66, Numero 516, Ciudad ABC",26,mcallenumerociudadabcct@apache.org
1463,Leeanne,"Calle 60, Numero 129, Ciudad GHI",45,lcallenumerociudadghicu@furl.net
1464,Dur,"Calle 63, Numero 805, Ciudad ABC",52,dcallenumerociudadabccv@virginia.edu
1465,Zacharias,"Calle 70, Numero 443, Ciudad DEF",82,zcallenumerociudaddefcw@arizona.edu
1466,Isaiah,"Calle 76, Numero 964, Ciudad DEF",41,icallenumerociudaddefcx@sciencedirect.com
1467,Derwin,"Calle 85, Numero 824, Ciudad DEF",15,dcallenumerociudaddefcy@sun.com
1468,Taite,"Calle 43, Numero 789, Ciudad DEF",100,tcallenumerociudaddefcz@nba.com
1469,Norman,"Calle 66, Numero 763, Ciudad DEF",69,ncallenumerociudaddefd0@webs.com
1470,Henka,"Calle 53, Numero 456, Ciudad GHI",51,hcallenumerociudadghid1@youtube.com
1471,Tabitha,"Calle 58, Numero 411, Ciudad GHI",41,tcallenumerociudadghid2@youtu.be
1472,Roderich,"Calle 44, Numero 43, Ciudad GHI",56,rcallenumerociudadghid3@dyndns.org
1473,Lynnett,"Calle 83, Numero 155, Ciudad GHI",29,lcallenumerociudadghid4@shareasale.com
1474,Georgeanna,"Calle 90, Numero 920, Ciudad ABC",55,gcallenumerociudadabcd5@hp.com
1475,Ethelind,"Calle 34, Numero 681, Ciudad ABC",94,ecallenumerociudadabcd6@163.com
1476,Helenelizabeth,"Calle 40, Numero 965, Ciudad GHI",8,hcallenumerociudadghid7@sourceforge.net
1477,Lana,"Calle 48, Numero 339, Ciudad GHI",42,lcallenumerociudadghid8@webeden.co.uk
1478,Lacie,"Calle 28, Numero 924, Ciudad GHI",49,lcallenumerociudadghid9@bing.com
1479,Gregor,"Calle 68, Numero 339, Ciudad DEF",33,gcallenumerociudaddefda@infoseek.co.jp
1480,Juline,"Calle 34, Numero 196, Ciudad DEF",36,jcallenumerociudaddefdb@ca.gov
1481,Georgia,"Calle 7, Numero 700, Ciudad ABC",78,gcallenumerociudadabcdc@msu.edu
1482,Patricia,"Calle 82, Numero 711, Ciudad ABC",46,pcallenumerociudadabcdd@comcast.net
1483,Tresa,"Calle 53, Numero 514, Ciudad ABC",14,tcallenumerociudadabcde@ca.gov
1484,Major,"Calle 83, Numero 186, Ciudad ABC",68,mcallenumerociudadabcdf@sfgate.com
1485,Elie,"Calle 26, Numero 611, Ciudad GHI",12,ecallenumerociudadghidg@mac.com
1486,Tailor,"Calle 62, Numero 104, Ciudad GHI",72,tcallenumerociudadghidh@myspace.com
1487,Walker,"Calle 97, Numero 747, Ciudad GHI",93,wcallenumerociudadghidi@yelp.com
1488,Abbie,"Calle 44, Numero 857, Ciudad DEF",4,acallenumerociudaddefdj@studiopress.com
1489,Odilia,"Calle 40, Numero 851, Ciudad GHI",49,ocallenumerociudadghidk@macromedia.com
1490,Linnie,"Calle 72, Numero 398, Ciudad DEF",75,lcallenumerociudaddefdl@dagondesign.com
1491,Jerrome,"Calle 81, Numero 385, Ciudad ABC",38,jcallenumerociudadabcdm@foxnews.com
1492,Norina,"Calle 37, Numero 34, Ciudad GHI",48,ncallenumerociudadghidn@admin.ch
1493,Coop,"Calle 56, Numero 308, Ciudad GHI",55,ccallenumerociudadghido@loc.gov
1494,Dilly,"Calle 91, Numero 576, Ciudad GHI",70,dcallenumerociudadghidp@xrea.com
1495,Dawn,"Calle 24, Numero 609, Ciudad GHI",25,dcallenumerociudadghidq@merriam-webster.com
1496,Heidie,"Calle 15, Numero 597, Ciudad ABC",54,hcallenumerociudadabcdr@senate.gov
1497,Lira,"Calle 58, Numero 313, Ciudad GHI",95,lcallenumerociudadghids@cbc.ca
1498,Vanna,"Calle 64, Numero 704, Ciudad DEF",57,vcallenumerociudaddefdt@studiopress.com
1499,Easter,"Calle 49, Numero 223, Ciudad DEF",32,ecallenumerociudaddefdu@businessweek.com
1500,Delly,"Calle 81, Numero 250, Ciudad GHI",2,dcallenumerociudadghidv@google.cn
1501,Minette,"Calle 57, Numero 596, Ciudad ABC",52,mcallenumerociudadabcdw@bbc.co.uk
1502,Karrie,"Calle 64, Numero 369, Ciudad ABC",69,kcallenumerociudadabcdx@webeden.co.uk
1503,Shannan,"Calle 90, Numero 738, Ciudad GHI",70,scallenumerociudadghidy@multiply.com
1504,Evey,"Calle 54, Numero 300, Ciudad ABC",31,ecallenumerociudadabcdz@ucoz.com
1505,Melody,"Calle 87, Numero 10, Ciudad GHI",100,mcallenumerociudadghie0@cargocollective.com
1506,Bernelle,"Calle 36, Numero 265, Ciudad DEF",20,bcallenumerociudaddefe1@hc360.com
1507,Dieter,"Calle 64, Numero 892, Ciudad ABC",84,dcallenumerociudadabce2@arizona.edu
1508,Drucie,"Calle 11, Numero 733, Ciudad GHI",64,dcallenumerociudadghie3@pbs.org
1509,Thia,"Calle 9, Numero 669, Ciudad GHI",79,tcallenumerociudadghie4@slideshare.net
1510,Levy,"Calle 69, Numero 622, Ciudad DEF",9,lcallenumerociudaddefe5@ucla.edu
1511,Toddie,"Calle 38, Numero 850, Ciudad ABC",18,tcallenumerociudadabce6@google.ca
1512,Judi,"Calle 39, Numero 355, Ciudad GHI",35,jcallenumerociudadghie7@w3.org
1513,Ely,"Calle 71, Numero 765, Ciudad GHI",84,ecallenumerociudadghie8@nytimes.com
1514,Berton,"Calle 40, Numero 515, Ciudad ABC",87,bcallenumerociudadabce9@tiny.cc
1515,Daryl,"Calle 64, Numero 586, Ciudad GHI",87,dcallenumerociudadghiea@about.com
1516,Ryan,"Calle 6, Numero 667, Ciudad GHI",85,rcallenumerociudadghieb@usgs.gov
1517,Willabella,"Calle 2, Numero 583, Ciudad GHI",43,wcallenumerociudadghiec@wp.com
1518,Cordell,"Calle 91, Numero 429, Ciudad GHI",50,ccallenumerociudadghied@jimdo.com
1519,Isadora,"Calle 51, Numero 971, Ciudad ABC",30,icallenumerociudadabcee@shinystat.com
1520,Laurene,"Calle 46, Numero 661, Ciudad GHI",6,lcallenumerociudadghief@so-net.ne.jp
1521,Rosemaria,"Calle 34, Numero 373, Ciudad DEF",27,rcallenumerociudaddefeg@reuters.com
1522,Clea,"Calle 60, Numero 188, Ciudad GHI",55,ccallenumerociudadghieh@delicious.com
1523,Curtis,"Calle 90, Numero 93, Ciudad DEF",16,ccallenumerociudaddefei@weebly.com
1524,Ambrosius,"Calle 80, Numero 505, Ciudad GHI",21,acallenumerociudadghiej@ezinearticles.com
1525,Georgina,"Calle 8, Numero 168, Ciudad GHI",36,gcallenumerociudadghiek@github.com
1526,Maximilien,"Calle 93, Numero 597, Ciudad ABC",77,mcallenumerociudadabcel@hostgator.com
1527,Tierney,"Calle 46, Numero 788, Ciudad GHI",34,tcallenumerociudadghiem@edublogs.org
1528,Marianna,"Calle 37, Numero 330, Ciudad GHI",73,mcallenumerociudadghien@prweb.com
1529,Marshall,"Calle 92, Numero 145, Ciudad GHI",46,mcallenumerociudadghieo@ustream.tv
1530,Aggi,"Calle 20, Numero 240, Ciudad DEF",13,acallenumerociudaddefep@seattletimes.com
1531,Jennette,"Calle 99, Numero 974, Ciudad GHI",33,jcallenumerociudadghieq@disqus.com
1532,Crissy,"Calle 11, Numero 176, Ciudad DEF",22,ccallenumerociudaddefer@cbsnews.com
1533,Shepherd,"Calle 88, Numero 606, Ciudad GHI",42,scallenumerociudadghies@nhs.uk
1534,Blakeley,"Calle 29, Numero 432, Ciudad GHI",81,bcallenumerociudadghiet@liveinternet.ru
1535,Caye,"Calle 2, Numero 133, Ciudad ABC",96,ccallenumerociudadabceu@feedburner.com
1536,Kilian,"Calle 5, Numero 284, Ciudad GHI",67,kcallenumerociudadghiev@squidoo.com
1537,Dee dee,"Calle 64, Numero 108, Ciudad GHI",30,dcallenumerociudadghiew@youtube.com
1538,Luca,"Calle 42, Numero 501, Ciudad GHI",27,lcallenumerociudadghiex@geocities.com
1539,Ynez,"Calle 33, Numero 27, Ciudad ABC",76,ycallenumerociudadabcey@photobucket.com
1540,Rodger,"Calle 38, Numero 541, Ciudad DEF",86,rcallenumerociudaddefez@hatena.ne.jp
1541,Ernesto,"Calle 98, Numero 353, Ciudad DEF",95,ecallenumerociudaddeff0@newyorker.com
1542,Thurston,"Calle 12, Numero 309, Ciudad ABC",36,tcallenumerociudadabcf1@blogtalkradio.com
1543,Farr,"Calle 25, Numero 729, Ciudad ABC",11,fcallenumerociudadabcf2@123-reg.co.uk
1544,Clotilda,"Calle 83, Numero 957, Ciudad GHI",94,ccallenumerociudadghif3@bbc.co.uk
1545,Molly,"Calle 73, Numero 343, Ciudad DEF",65,mcallenumerociudaddeff4@hexun.com
1546,Roseline,"Calle 23, Numero 658, Ciudad DEF",34,rcallenumerociudaddeff5@zdnet.com
1547,Brocky,"Calle 83, Numero 324, Ciudad ABC",18,bcallenumerociudadabcf6@wikipedia.org
1548,Micaela,"Calle 99, Numero 985, Ciudad GHI",57,mcallenumerociudadghif7@chronoengine.com
1549,Farlee,"Calle 65, Numero 468, Ciudad DEF",47,fcallenumerociudaddeff8@netvibes.com
1550,Lorilee,"Calle 37, Numero 596, Ciudad DEF",57,lcallenumerociudaddeff9@npr.org
1551,Dugald,"Calle 93, Numero 828, Ciudad DEF",17,dcallenumerociudaddeffa@infoseek.co.jp
1552,Brnaby,"Calle 47, Numero 177, Ciudad GHI",44,bcallenumerociudadghifb@go.com
1553,Leese,"Calle 15, Numero 773, Ciudad ABC",42,lcallenumerociudadabcfc@youku.com
1554,Bobbe,"Calle 27, Numero 73, Ciudad ABC",38,bcallenumerociudadabcfd@bravesites.com
1555,Patience,"Calle 52, Numero 243, Ciudad DEF",28,pcallenumerociudaddeffe@symantec.com
1556,Boony,"Calle 90, Numero 816, Ciudad DEF",33,bcallenumerociudaddefff@imgur.com
1557,Odette,"Calle 23, Numero 809, Ciudad ABC",87,ocallenumerociudadabcfg@cdc.gov
1558,Gus,"Calle 19, Numero 919, Ciudad ABC",35,gcallenumerociudadabcfh@webs.com
1559,Hilarius,"Calle 5, Numero 446, Ciudad DEF",10,hcallenumerociudaddeffi@mtv.com
1560,Nicole,"Calle 66, Numero 821, Ciudad GHI",61,ncallenumerociudadghifj@sfgate.com
1561,Emily,"Calle 23, Numero 270, Ciudad DEF",41,ecallenumerociudaddeffk@stumbleupon.com
1562,Rheta,"Calle 67, Numero 937, Ciudad DEF",76,rcallenumerociudaddeffl@shareasale.com
1563,Andrej,"Calle 83, Numero 781, Ciudad ABC",19,acallenumerociudadabcfm@gov.uk
1564,Ninnetta,"Calle 85, Numero 663, Ciudad GHI",2,ncallenumerociudadghifn@ted.com
1565,Zach,"Calle 74, Numero 473, Ciudad DEF",95,zcallenumerociudaddeffo@ask.com
1566,Lanita,"Calle 64, Numero 753, Ciudad GHI",92,lcallenumerociudadghifp@ihg.com
1567,Donnie,"Calle 42, Numero 506, Ciudad ABC",6,dcallenumerociudadabcfq@over-blog.com
1568,Sibylle,"Calle 31, Numero 188, Ciudad GHI",11,scallenumerociudadghifr@europa.eu
1569,Dasya,"Calle 95, Numero 979, Ciudad DEF",15,dcallenumerociudaddeffs@oaic.gov.au
1570,Mead,"Calle 61, Numero 632, Ciudad ABC",77,mcallenumerociudadabcft@ning.com
1571,Tracy,"Calle 77, Numero 186, Ciudad DEF",83,tcallenumerociudaddeffu@vinaora.com
1572,Brannon,"Calle 64, Numero 940, Ciudad DEF",7,bcallenumerociudaddeffv@google.ca
1573,Ced,"Calle 48, Numero 508, Ciudad DEF",98,ccallenumerociudaddeffw@telegraph.co.uk
1574,Teresita,"Calle 11, Numero 135, Ciudad GHI",98,tcallenumerociudadghifx@time.com
1575,Georgeanna,"Calle 76, Numero 946, Ciudad GHI",59,gcallenumerociudadghify@macromedia.com
1576,Natty,"Calle 78, Numero 397, Ciudad GHI",94,ncallenumerociudadghifz@yelp.com
1577,Lissie,"Calle 92, Numero 731, Ciudad ABC",82,lcallenumerociudadabcg0@hc360.com
1578,Jakob,"Calle 99, Numero 272, Ciudad DEF",40,jcallenumerociudaddefg1@oaic.gov.au
1579,Bent,"Calle 29, Numero 643, Ciudad ABC",15,bcallenumerociudadabcg2@istockphoto.com
1580,Correy,"Calle 12, Numero 120, Ciudad GHI",93,ccallenumerociudadghig3@diigo.com
1581,Bogey,"Calle 100, Numero 279, Ciudad ABC",8,bcallenumerociudadabcg4@instagram.com
1582,Crissy,"Calle 16, Numero 762, Ciudad ABC",50,ccallenumerociudadabcg5@mtv.com
1583,Liuka,"Calle 74, Numero 196, Ciudad GHI",50,lcallenumerociudadghig6@simplemachines.org
1584,Cris,"Calle 67, Numero 102, Ciudad GHI",22,ccallenumerociudadghig7@utexas.edu
1585,Shawnee,"Calle 5, Numero 602, Ciudad GHI",38,scallenumerociudadghig8@yolasite.com
1586,Arthur,"Calle 60, Numero 155, Ciudad GHI",64,acallenumerociudadghig9@friendfeed.com
1587,Izzy,"Calle 34, Numero 518, Ciudad GHI",78,icallenumerociudadghiga@xing.com
1588,Lionel,"Calle 76, Numero 381, Ciudad ABC",47,lcallenumerociudadabcgb@studiopress.com
1589,Maddy,"Calle 30, Numero 68, Ciudad DEF",47,mcallenumerociudaddefgc@china.com.cn
1590,Cirstoforo,"Calle 13, Numero 568, Ciudad GHI",57,ccallenumerociudadghigd@amazonaws.com
1591,Vito,"Calle 44, Numero 496, Ciudad DEF",3,vcallenumerociudaddefge@reddit.com
1592,Cody,"Calle 92, Numero 29, Ciudad DEF",69,ccallenumerociudaddefgf@slate.com
1593,Dani,"Calle 4, Numero 647, Ciudad DEF",19,dcallenumerociudaddefgg@jimdo.com
1594,Agnella,"Calle 51, Numero 670, Ciudad ABC",17,acallenumerociudadabcgh@toplist.cz
1595,Lowell,"Calle 61, Numero 825, Ciudad ABC",30,lcallenumerociudadabcgi@dion.ne.jp
1596,Rozele,"Calle 33, Numero 468, Ciudad ABC",47,rcallenumerociudadabcgj@flickr.com
1597,Leo,"Calle 97, Numero 66, Ciudad DEF",47,lcallenumerociudaddefgk@meetup.com
1598,Ellissa,"Calle 87, Numero 883, Ciudad ABC",49,ecallenumerociudadabcgl@dmoz.org
1599,Vivianne,"Calle 72, Numero 641, Ciudad ABC",62,vcallenumerociudadabcgm@php.net
1600,Joann,"Calle 63, Numero 183, Ciudad GHI",47,jcallenumerociudadghign@yandex.ru
1601,Willette,"Calle 51, Numero 471, Ciudad DEF",57,wcallenumerociudaddefgo@over-blog.com
1602,Babara,"Calle 100, Numero 459, Ciudad GHI",39,bcallenumerociudadghigp@arstechnica.com
1603,Keeley,"Calle 11, Numero 708, Ciudad DEF",70,kcallenumerociudaddefgq@quantcast.com
1604,Jeannette,"Calle 34, Numero 916, Ciudad ABC",7,jcallenumerociudadabcgr@xrea.com
1605,Germain,"Calle 48, Numero 648, Ciudad GHI",39,gcallenumerociudadghigs@dagondesign.com
1606,Myca,"Calle 12, Numero 195, Ciudad GHI",80,mcallenumerociudadghigt@senate.gov
1607,Sheryl,"Calle 95, Numero 349, Ciudad ABC",21,scallenumerociudadabcgu@last.fm
1608,Nilson,"Calle 19, Numero 589, Ciudad GHI",73,ncallenumerociudadghigv@comsenz.com
1609,Mildred,"Calle 67, Numero 851, Ciudad GHI",36,mcallenumerociudadghigw@live.com
1610,Shurwood,"Calle 43, Numero 140, Ciudad DEF",7,scallenumerociudaddefgx@disqus.com
1611,Ulrikaumeko,"Calle 62, Numero 811, Ciudad DEF",8,ucallenumerociudaddefgy@imgur.com
1612,Daphene,"Calle 95, Numero 309, Ciudad ABC",7,dcallenumerociudadabcgz@youtu.be
1613,Jacenta,"Calle 35, Numero 763, Ciudad ABC",29,jcallenumerociudadabch0@marriott.com
1614,Dillie,"Calle 97, Numero 912, Ciudad GHI",84,dcallenumerociudadghih1@mysql.com
1615,Flory,"Calle 46, Numero 434, Ciudad ABC",52,fcallenumerociudadabch2@house.gov
1616,Romeo,"Calle 60, Numero 158, Ciudad ABC",37,rcallenumerociudadabch3@xrea.com
1617,Gertrud,"Calle 27, Numero 20, Ciudad GHI",54,gcallenumerociudadghih4@a8.net
1618,Ardella,"Calle 99, Numero 277, Ciudad DEF",88,acallenumerociudaddefh5@addthis.com
1619,Shani,"Calle 41, Numero 105, Ciudad ABC",59,scallenumerociudadabch6@miibeian.gov.cn
1620,Sheelah,"Calle 29, Numero 951, Ciudad DEF",50,scallenumerociudaddefh7@nymag.com
1621,Bealle,"Calle 75, Numero 132, Ciudad DEF",92,bcallenumerociudaddefh8@java.com
1622,Trista,"Calle 51, Numero 450, Ciudad ABC",11,tcallenumerociudadabch9@virginia.edu
1623,Lefty,"Calle 44, Numero 829, Ciudad ABC",1,lcallenumerociudadabcha@chron.com
1624,Imogen,"Calle 26, Numero 482, Ciudad GHI",51,icallenumerociudadghihb@hao123.com
1625,Anthea,"Calle 75, Numero 866, Ciudad ABC",51,acallenumerociudadabchc@dedecms.com
1626,Joyan,"Calle 14, Numero 254, Ciudad GHI",42,jcallenumerociudadghihd@woothemes.com
1627,Emmett,"Calle 22, Numero 943, Ciudad GHI",54,ecallenumerociudadghihe@tiny.cc
1628,Lonnie,"Calle 57, Numero 930, Ciudad ABC",83,lcallenumerociudadabchf@slashdot.org
1629,Deva,"Calle 25, Numero 37, Ciudad DEF",23,dcallenumerociudaddefhg@cocolog-nifty.com
1630,Sheffie,"Calle 30, Numero 368, Ciudad ABC",20,scallenumerociudadabchh@elpais.com
1631,Adriano,"Calle 52, Numero 223, Ciudad GHI",99,acallenumerociudadghihi@github.io
1632,Phoebe,"Calle 97, Numero 235, Ciudad ABC",23,pcallenumerociudadabchj@cocolog-nifty.com
1633,Winthrop,"Calle 19, Numero 446, Ciudad DEF",76,wcallenumerociudaddefhk@liveinternet.ru
1634,Linc,"Calle 30, Numero 934, Ciudad DEF",57,lcallenumerociudaddefhl@wired.com
1635,Ines,"Calle 86, Numero 295, Ciudad GHI",23,icallenumerociudadghihm@yolasite.com
1636,Jorgan,"Calle 50, Numero 768, Ciudad ABC",75,jcallenumerociudadabchn@weather.com
1637,Wilow,"Calle 3, Numero 956, Ciudad DEF",37,wcallenumerociudaddefho@addtoany.com
1638,Clemmy,"Calle 100, Numero 561, Ciudad DEF",89,ccallenumerociudaddefhp@phoca.cz
1639,Perle,"Calle 87, Numero 473, Ciudad ABC",14,pcallenumerociudadabchq@issuu.com
1640,Marc,"Calle 57, Numero 906, Ciudad DEF",42,mcallenumerociudaddefhr@independent.co.uk
1641,Sigismondo,"Calle 34, Numero 198, Ciudad DEF",43,scallenumerociudaddefhs@google.ru
1642,Tommie,"Calle 72, Numero 248, Ciudad DEF",99,tcallenumerociudaddefht@disqus.com
1643,Bear,"Calle 7, Numero 311, Ciudad GHI",13,bcallenumerociudadghihu@taobao.com
1644,Beverly,"Calle 54, Numero 798, Ciudad GHI",4,bcallenumerociudadghihv@tmall.com
1645,Constantine,"Calle 36, Numero 790, Ciudad GHI",93,ccallenumerociudadghihw@aol.com
1646,Cordey,"Calle 88, Numero 956, Ciudad ABC",61,ccallenumerociudadabchx@jalbum.net
1647,Bronny,"Calle 84, Numero 502, Ciudad DEF",72,bcallenumerociudaddefhy@yahoo.co.jp
1648,Corliss,"Calle 9, Numero 622, Ciudad DEF",54,ccallenumerociudaddefhz@ox.ac.uk
1649,Bertha,"Calle 54, Numero 291, Ciudad ABC",99,bcallenumerociudadabci0@mtv.com
1650,Muhammad,"Calle 58, Numero 574, Ciudad ABC",4,mcallenumerociudadabci1@qq.com
1651,Herrick,"Calle 18, Numero 654, Ciudad DEF",80,hcallenumerociudaddefi2@eepurl.com
1652,Janette,"Calle 20, Numero 48, Ciudad DEF",29,jcallenumerociudaddefi3@wordpress.org
1653,Val,"Calle 80, Numero 597, Ciudad DEF",30,vcallenumerociudaddefi4@printfriendly.com
1654,Garik,"Calle 33, Numero 198, Ciudad DEF",40,gcallenumerociudaddefi5@delicious.com
1655,Osborne,"Calle 78, Numero 632, Ciudad GHI",29,ocallenumerociudadghii6@biglobe.ne.jp
1656,Polly,"Calle 28, Numero 222, Ciudad DEF",67,pcallenumerociudaddefi7@sfgate.com
1657,Jody,"Calle 11, Numero 796, Ciudad DEF",19,jcallenumerociudaddefi8@lycos.com
1658,Vicki,"Calle 53, Numero 428, Ciudad GHI",23,vcallenumerociudadghii9@51.la
1659,Pedro,"Calle 33, Numero 64, Ciudad ABC",57,pcallenumerociudadabcia@guardian.co.uk
1660,Vassili,"Calle 21, Numero 474, Ciudad GHI",94,vcallenumerociudadghiib@tinyurl.com
1661,Morley,"Calle 15, Numero 740, Ciudad ABC",4,mcallenumerociudadabcic@fastcompany.com
1662,Barrie,"Calle 60, Numero 99, Ciudad ABC",37,bcallenumerociudadabcid@zimbio.com
1663,Ephrayim,"Calle 37, Numero 409, Ciudad DEF",20,ecallenumerociudaddefie@google.co.uk
1664,Noah,"Calle 2, Numero 465, Ciudad DEF",34,ncallenumerociudaddefif@go.com
1665,Kristoforo,"Calle 59, Numero 289, Ciudad DEF",92,kcallenumerociudaddefig@wiley.com
1666,Karlotta,"Calle 6, Numero 669, Ciudad DEF",69,kcallenumerociudaddefih@lycos.com
1667,Noell,"Calle 20, Numero 602, Ciudad DEF",73,ncallenumerociudaddefii@technorati.com
1668,Cecilio,"Calle 25, Numero 783, Ciudad DEF",38,ccallenumerociudaddefij@ebay.com
1669,Terrye,"Calle 62, Numero 955, Ciudad DEF",52,tcallenumerociudaddefik@tinypic.com
1670,Aleda,"Calle 13, Numero 950, Ciudad GHI",21,acallenumerociudadghiil@nhs.uk
1671,Idell,"Calle 32, Numero 851, Ciudad DEF",25,icallenumerociudaddefim@cbsnews.com
1672,Olympe,"Calle 91, Numero 490, Ciudad ABC",75,ocallenumerociudadabcin@timesonline.co.uk
1673,Isabella,"Calle 23, Numero 264, Ciudad DEF",13,icallenumerociudaddefio@constantcontact.com
1674,Amitie,"Calle 90, Numero 900, Ciudad DEF",67,acallenumerociudaddefip@cargocollective.com
1675,Dniren,"Calle 47, Numero 147, Ciudad GHI",45,dcallenumerociudadghiiq@4shared.com
1676,Tallou,"Calle 56, Numero 378, Ciudad GHI",35,tcallenumerociudadghiir@typepad.com
1677,Carie,"Calle 46, Numero 256, Ciudad GHI",22,ccallenumerociudadghiis@csmonitor.com
1678,Raynell,"Calle 27, Numero 419, Ciudad DEF",29,rcallenumerociudaddefit@craigslist.org
1679,Sylvan,"Calle 87, Numero 426, Ciudad ABC",38,scallenumerociudadabciu@ucoz.com
1680,Lisabeth,"Calle 55, Numero 864, Ciudad ABC",43,lcallenumerociudadabciv@bravesites.com
1681,Petronilla,"Calle 46, Numero 682, Ciudad ABC",81,pcallenumerociudadabciw@exblog.jp
1682,Laurel,"Calle 53, Numero 626, Ciudad GHI",55,lcallenumerociudadghiix@dropbox.com
1683,Roana,"Calle 90, Numero 886, Ciudad GHI",42,rcallenumerociudadghiiy@goo.gl
1684,Aryn,"Calle 6, Numero 704, Ciudad ABC",89,acallenumerociudadabciz@harvard.edu
1685,Thedric,"Calle 15, Numero 578, Ciudad DEF",1,tcallenumerociudaddefj0@walmart.com
1686,Dante,"Calle 16, Numero 488, Ciudad GHI",17,dcallenumerociudadghij1@sina.com.cn
1687,Avivah,"Calle 64, Numero 647, Ciudad DEF",67,acallenumerociudaddefj2@unc.edu
1688,Carlin,"Calle 92, Numero 696, Ciudad ABC",72,ccallenumerociudadabcj3@csmonitor.com
1689,Valaree,"Calle 38, Numero 194, Ciudad DEF",91,vcallenumerociudaddefj4@histats.com
1690,Susann,"Calle 57, Numero 358, Ciudad ABC",85,scallenumerociudadabcj5@phpbb.com
1691,Veronike,"Calle 57, Numero 646, Ciudad GHI",6,vcallenumerociudadghij6@addthis.com
1692,Taber,"Calle 33, Numero 707, Ciudad ABC",100,tcallenumerociudadabcj7@bloomberg.com
1693,Briney,"Calle 92, Numero 434, Ciudad GHI",93,bcallenumerociudadghij8@walmart.com
1694,Alvira,"Calle 66, Numero 811, Ciudad GHI",37,acallenumerociudadghij9@independent.co.uk
1695,Jamill,"Calle 21, Numero 157, Ciudad ABC",74,jcallenumerociudadabcja@xinhuanet.com
1696,Gifford,"Calle 47, Numero 689, Ciudad DEF",47,gcallenumerociudaddefjb@omniture.com
1697,Lawry,"Calle 3, Numero 82, Ciudad GHI",87,lcallenumerociudadghijc@last.fm
1698,Elroy,"Calle 64, Numero 955, Ciudad GHI",90,ecallenumerociudadghijd@artisteer.com
1699,Nowell,"Calle 84, Numero 990, Ciudad ABC",100,ncallenumerociudadabcje@sciencedirect.com
1700,Gaspard,"Calle 62, Numero 871, Ciudad GHI",21,gcallenumerociudadghijf@bigcartel.com
1701,Donetta,"Calle 50, Numero 713, Ciudad DEF",6,dcallenumerociudaddefjg@timesonline.co.uk
1702,Lutero,"Calle 61, Numero 538, Ciudad GHI",43,lcallenumerociudadghijh@uiuc.edu
1703,Corie,"Calle 86, Numero 479, Ciudad GHI",76,ccallenumerociudadghiji@nationalgeographic.com
1704,Rolph,"Calle 49, Numero 387, Ciudad ABC",20,rcallenumerociudadabcjj@etsy.com
1705,Valene,"Calle 6, Numero 724, Ciudad DEF",32,vcallenumerociudaddefjk@soundcloud.com
1706,Flora,"Calle 6, Numero 973, Ciudad DEF",92,fcallenumerociudaddefjl@blogs.com
1707,Horacio,"Calle 67, Numero 245, Ciudad GHI",31,hcallenumerociudadghijm@geocities.com
1708,Beverlee,"Calle 40, Numero 478, Ciudad ABC",23,bcallenumerociudadabcjn@cbsnews.com
1709,Fidel,"Calle 57, Numero 291, Ciudad DEF",17,fcallenumerociudaddefjo@zimbio.com
1710,Rozelle,"Calle 49, Numero 848, Ciudad ABC",74,rcallenumerociudadabcjp@hubpages.com
1711,Happy,"Calle 36, Numero 541, Ciudad DEF",74,hcallenumerociudaddefjq@eepurl.com
1712,Jeramie,"Calle 69, Numero 820, Ciudad GHI",94,jcallenumerociudadghijr@cdc.gov
1713,Camella,"Calle 65, Numero 537, Ciudad ABC",30,ccallenumerociudadabcjs@businessweek.com
1714,Isabelle,"Calle 68, Numero 275, Ciudad ABC",78,icallenumerociudadabcjt@networksolutions.com
1715,Sheeree,"Calle 74, Numero 35, Ciudad GHI",37,scallenumerociudadghiju@google.cn
1716,Sydelle,"Calle 62, Numero 912, Ciudad DEF",47,scallenumerociudaddefjv@simplemachines.org
1717,Othelia,"Calle 8, Numero 112, Ciudad GHI",79,ocallenumerociudadghijw@google.nl
1718,Reinhold,"Calle 67, Numero 247, Ciudad GHI",96,rcallenumerociudadghijx@cdc.gov
1719,Olga,"Calle 32, Numero 192, Ciudad ABC",12,ocallenumerociudadabcjy@vkontakte.ru
1720,Gorden,"Calle 32, Numero 295, Ciudad ABC",11,gcallenumerociudadabcjz@alexa.com
1721,Konstance,"Calle 24, Numero 874, Ciudad GHI",61,kcallenumerociudadghik0@wikimedia.org
1722,Rogerio,"Calle 62, Numero 101, Ciudad DEF",27,rcallenumerociudaddefk1@netscape.com
1723,Hildegarde,"Calle 71, Numero 472, Ciudad DEF",29,hcallenumerociudaddefk2@economist.com
1724,Micah,"Calle 90, Numero 905, Ciudad DEF",94,mcallenumerociudaddefk3@csmonitor.com
1725,Maud,"Calle 47, Numero 239, Ciudad DEF",68,mcallenumerociudaddefk4@paypal.com
1726,Celinda,"Calle 57, Numero 507, Ciudad GHI",94,ccallenumerociudadghik5@cbsnews.com
1727,Moshe,"Calle 41, Numero 407, Ciudad ABC",24,mcallenumerociudadabck6@bandcamp.com
1728,Iorgos,"Calle 70, Numero 117, Ciudad ABC",4,icallenumerociudadabck7@youtu.be
1729,Ericha,"Calle 12, Numero 112, Ciudad DEF",83,ecallenumerociudaddefk8@wix.com
1730,Lauralee,"Calle 56, Numero 539, Ciudad ABC",44,lcallenumerociudadabck9@shutterfly.com
1731,Dudley,"Calle 54, Numero 115, Ciudad GHI",25,dcallenumerociudadghika@mapquest.com
1732,Stesha,"Calle 68, Numero 832, Ciudad DEF",71,scallenumerociudaddefkb@nymag.com
1733,Arlene,"Calle 15, Numero 818, Ciudad DEF",18,acallenumerociudaddefkc@unc.edu
1734,Caroline,"Calle 99, Numero 51, Ciudad ABC",55,ccallenumerociudadabckd@nps.gov
1735,Virgil,"Calle 83, Numero 600, Ciudad GHI",27,vcallenumerociudadghike@hubpages.com
1736,Nollie,"Calle 12, Numero 350, Ciudad ABC",93,ncallenumerociudadabckf@angelfire.com
1737,Rorie,"Calle 43, Numero 654, Ciudad ABC",29,rcallenumerociudadabckg@storify.com
1738,Madlin,"Calle 85, Numero 266, Ciudad GHI",46,mcallenumerociudadghikh@alexa.com
1739,Nettle,"Calle 66, Numero 918, Ciudad ABC",43,ncallenumerociudadabcki@scribd.com
1740,Justino,"Calle 55, Numero 313, Ciudad DEF",97,jcallenumerociudaddefkj@wikimedia.org
1741,Colene,"Calle 69, Numero 35, Ciudad DEF",72,ccallenumerociudaddefkk@craigslist.org
1742,Philippe,"Calle 24, Numero 839, Ciudad ABC",50,pcallenumerociudadabckl@elegantthemes.com
1743,Rosalia,"Calle 90, Numero 121, Ciudad GHI",5,rcallenumerociudadghikm@linkedin.com
1744,Earlie,"Calle 1, Numero 179, Ciudad ABC",19,ecallenumerociudadabckn@jalbum.net
1745,Riannon,"Calle 36, Numero 142, Ciudad GHI",75,rcallenumerociudadghiko@rambler.ru
1746,Katy,"Calle 15, Numero 722, Ciudad GHI",75,kcallenumerociudadghikp@pcworld.com
1747,Gibbie,"Calle 44, Numero 848, Ciudad DEF",2,gcallenumerociudaddefkq@last.fm
1748,Beulah,"Calle 29, Numero 832, Ciudad GHI",65,bcallenumerociudadghikr@woothemes.com
1749,Chen,"Calle 96, Numero 224, Ciudad GHI",73,ccallenumerociudadghiks@ameblo.jp
1750,Jan,"Calle 73, Numero 706, Ciudad GHI",49,jcallenumerociudadghikt@cdc.gov
1751,Yance,"Calle 26, Numero 313, Ciudad ABC",81,ycallenumerociudadabcku@gov.uk
1752,Stoddard,"Calle 68, Numero 836, Ciudad ABC",26,scallenumerociudadabckv@columbia.edu
1753,Amalle,"Calle 48, Numero 465, Ciudad DEF",97,acallenumerociudaddefkw@zdnet.com
1754,Olenolin,"Calle 36, Numero 618, Ciudad GHI",88,ocallenumerociudadghikx@shop-pro.jp
1755,Callie,"Calle 37, Numero 242, Ciudad ABC",90,ccallenumerociudadabcky@scientificamerican.com
1756,Rory,"Calle 11, Numero 576, Ciudad GHI",6,rcallenumerociudadghikz@feedburner.com
1757,Christal,"Calle 15, Numero 786, Ciudad DEF",28,ccallenumerociudaddefl0@photobucket.com
1758,Madelyn,"Calle 87, Numero 249, Ciudad ABC",82,mcallenumerociudadabcl1@samsung.com
1759,Lydia,"Calle 42, Numero 178, Ciudad ABC",95,lcallenumerociudadabcl2@is.gd
1760,Willey,"Calle 63, Numero 570, Ciudad GHI",72,wcallenumerociudadghil3@cbc.ca
1761,Hilary,"Calle 5, Numero 582, Ciudad GHI",63,hcallenumerociudadghil4@cdc.gov
1762,Kevina,"Calle 36, Numero 487, Ciudad GHI",38,kcallenumerociudadghil5@friendfeed.com
1763,Orly,"Calle 16, Numero 272, Ciudad ABC",79,ocallenumerociudadabcl6@homestead.com
1764,Gino,"Calle 34, Numero 622, Ciudad GHI",44,gcallenumerociudadghil7@yellowbook.com
1765,Minetta,"Calle 72, Numero 107, Ciudad GHI",38,mcallenumerociudadghil8@ucla.edu
1766,Cordy,"Calle 96, Numero 165, Ciudad DEF",30,ccallenumerociudaddefl9@stanford.edu
1767,Christalle,"Calle 97, Numero 743, Ciudad ABC",30,ccallenumerociudadabcla@cnet.com
1768,Judie,"Calle 87, Numero 588, Ciudad GHI",61,jcallenumerociudadghilb@youku.com
1769,Helen-elizabeth,"Calle 13, Numero 358, Ciudad GHI",81,hcallenumerociudadghilc@ebay.co.uk
1770,Lucy,"Calle 58, Numero 218, Ciudad DEF",28,lcallenumerociudaddefld@51.la
1771,Abrahan,"Calle 23, Numero 225, Ciudad DEF",86,acallenumerociudaddefle@hp.com
1772,Neda,"Calle 40, Numero 183, Ciudad ABC",63,ncallenumerociudadabclf@twitter.com
1773,Rutter,"Calle 87, Numero 13, Ciudad DEF",52,rcallenumerociudaddeflg@bravesites.com
1774,Menard,"Calle 85, Numero 395, Ciudad ABC",79,mcallenumerociudadabclh@networksolutions.com
1775,Hank,"Calle 65, Numero 246, Ciudad GHI",72,hcallenumerociudadghili@loc.gov
1776,Nollie,"Calle 30, Numero 1, Ciudad GHI",17,ncallenumerociudadghilj@aol.com
1777,Garrett,"Calle 91, Numero 190, Ciudad ABC",16,gcallenumerociudadabclk@yale.edu
1778,Dolf,"Calle 71, Numero 728, Ciudad ABC",100,dcallenumerociudadabcll@cnet.com
1779,Del,"Calle 97, Numero 364, Ciudad DEF",24,dcallenumerociudaddeflm@cbsnews.com
1780,Danna,"Calle 93, Numero 739, Ciudad GHI",24,dcallenumerociudadghiln@businesswire.com
1781,Ursulina,"Calle 31, Numero 766, Ciudad GHI",97,ucallenumerociudadghilo@springer.com
1782,Jill,"Calle 36, Numero 981, Ciudad ABC",24,jcallenumerociudadabclp@indiegogo.com
1783,Cody,"Calle 76, Numero 303, Ciudad ABC",89,ccallenumerociudadabclq@amazon.com
1784,Lyndsie,"Calle 81, Numero 862, Ciudad GHI",55,lcallenumerociudadghilr@zimbio.com
1785,Carmina,"Calle 45, Numero 729, Ciudad ABC",81,ccallenumerociudadabcls@nih.gov
1786,Kirbie,"Calle 40, Numero 378, Ciudad DEF",99,kcallenumerociudaddeflt@wikia.com
1787,Caron,"Calle 78, Numero 872, Ciudad GHI",6,ccallenumerociudadghilu@about.me
1788,Hadley,"Calle 44, Numero 323, Ciudad GHI",89,hcallenumerociudadghilv@google.com.au
1789,Mella,"Calle 73, Numero 4, Ciudad GHI",96,mcallenumerociudadghilw@usa.gov
1790,Perice,"Calle 6, Numero 380, Ciudad ABC",78,pcallenumerociudadabclx@lulu.com
1791,Mady,"Calle 36, Numero 945, Ciudad ABC",89,mcallenumerociudadabcly@wisc.edu
1792,Meriel,"Calle 58, Numero 263, Ciudad DEF",60,mcallenumerociudaddeflz@jimdo.com
1793,Henrie,"Calle 98, Numero 62, Ciudad DEF",97,hcallenumerociudaddefm0@tinyurl.com
1794,Liva,"Calle 10, Numero 81, Ciudad DEF",51,lcallenumerociudaddefm1@gmpg.org
1795,Kynthia,"Calle 85, Numero 817, Ciudad GHI",28,kcallenumerociudadghim2@fastcompany.com
1796,Jules,"Calle 13, Numero 465, Ciudad DEF",44,jcallenumerociudaddefm3@cbslocal.com
1797,Aloise,"Calle 53, Numero 727, Ciudad ABC",19,acallenumerociudadabcm4@technorati.com
1798,Jeff,"Calle 40, Numero 411, Ciudad ABC",14,jcallenumerociudadabcm5@senate.gov
1799,Farlay,"Calle 69, Numero 810, Ciudad ABC",37,fcallenumerociudadabcm6@sbwire.com
1800,Eric,"Calle 69, Numero 996, Ciudad GHI",1,ecallenumerociudadghim7@geocities.jp
1801,Tynan,"Calle 77, Numero 980, Ciudad GHI",4,tcallenumerociudadghim8@statcounter.com
1802,Enid,"Calle 9, Numero 604, Ciudad DEF",10,ecallenumerociudaddefm9@wikipedia.org
1803,Buckie,"Calle 51, Numero 35, Ciudad GHI",2,bcallenumerociudadghima@github.com
1804,Gay,"Calle 32, Numero 759, Ciudad GHI",37,gcallenumerociudadghimb@quantcast.com
1805,Minda,"Calle 82, Numero 255, Ciudad ABC",52,mcallenumerociudadabcmc@mozilla.org
1806,Cheri,"Calle 11, Numero 763, Ciudad GHI",80,ccallenumerociudadghimd@mediafire.com
1807,Domeniga,"Calle 74, Numero 326, Ciudad GHI",6,dcallenumerociudadghime@webeden.co.uk
1808,Herschel,"Calle 43, Numero 912, Ciudad DEF",5,hcallenumerociudaddefmf@wikia.com
1809,Mersey,"Calle 47, Numero 326, Ciudad ABC",27,mcallenumerociudadabcmg@elpais.com
1810,Mickie,"Calle 73, Numero 512, Ciudad GHI",53,mcallenumerociudadghimh@wufoo.com
1811,Boris,"Calle 50, Numero 127, Ciudad GHI",46,bcallenumerociudadghimi@ebay.co.uk
1812,Bruis,"Calle 76, Numero 879, Ciudad GHI",55,bcallenumerociudadghimj@elegantthemes.com
1813,Gypsy,"Calle 80, Numero 79, Ciudad DEF",67,gcallenumerociudaddefmk@cloudflare.com
1814,Arie,"Calle 99, Numero 931, Ciudad GHI",56,acallenumerociudadghiml@yellowpages.com
1815,Neille,"Calle 52, Numero 218, Ciudad GHI",35,ncallenumerociudadghimm@so-net.ne.jp
1816,Gerald,"Calle 82, Numero 643, Ciudad DEF",13,gcallenumerociudaddefmn@thetimes.co.uk
1817,Milt,"Calle 92, Numero 279, Ciudad DEF",60,mcallenumerociudaddefmo@europa.eu
1818,Denni,"Calle 34, Numero 901, Ciudad GHI",2,dcallenumerociudadghimp@phoca.cz
1819,Yard,"Calle 87, Numero 923, Ciudad ABC",8,ycallenumerociudadabcmq@ox.ac.uk
1820,Brendis,"Calle 46, Numero 589, Ciudad DEF",6,bcallenumerociudaddefmr@is.gd
1821,Demeter,"Calle 60, Numero 314, Ciudad GHI",44,dcallenumerociudadghims@so-net.ne.jp
1822,Nelie,"Calle 49, Numero 198, Ciudad DEF",8,ncallenumerociudaddefmt@usda.gov
1823,Pooh,"Calle 20, Numero 404, Ciudad GHI",4,pcallenumerociudadghimu@noaa.gov
1824,Anna-diane,"Calle 64, Numero 814, Ciudad GHI",10,acallenumerociudadghimv@imageshack.us
1825,Maryjane,"Calle 73, Numero 421, Ciudad DEF",64,mcallenumerociudaddefmw@yahoo.com
1826,Joy,"Calle 98, Numero 495, Ciudad GHI",21,jcallenumerociudadghimx@illinois.edu
1827,Townsend,"Calle 83, Numero 639, Ciudad DEF",29,tcallenumerociudaddefmy@google.es
1828,Laetitia,"Calle 91, Numero 467, Ciudad DEF",25,lcallenumerociudaddefmz@typepad.com
1829,Myranda,"Calle 98, Numero 353, Ciudad GHI",57,mcallenumerociudadghin0@instagram.com
1830,Carce,"Calle 37, Numero 276, Ciudad DEF",98,ccallenumerociudaddefn1@moonfruit.com
1831,Christoph,"Calle 66, Numero 390, Ciudad DEF",82,ccallenumerociudaddefn2@is.gd
1832,Orelia,"Calle 84, Numero 154, Ciudad GHI",96,ocallenumerociudadghin3@virginia.edu
1833,Glen,"Calle 75, Numero 165, Ciudad DEF",65,gcallenumerociudaddefn4@pen.io
1834,Decca,"Calle 1, Numero 900, Ciudad DEF",21,dcallenumerociudaddefn5@trellian.com
1835,Moira,"Calle 86, Numero 52, Ciudad DEF",80,mcallenumerociudaddefn6@bloomberg.com
1836,Danyelle,"Calle 93, Numero 564, Ciudad GHI",41,dcallenumerociudadghin7@netlog.com
1837,Lemuel,"Calle 74, Numero 749, Ciudad ABC",33,lcallenumerociudadabcn8@time.com
1838,Kaela,"Calle 12, Numero 476, Ciudad ABC",86,kcallenumerociudadabcn9@comsenz.com
1839,Gradey,"Calle 25, Numero 73, Ciudad ABC",72,gcallenumerociudadabcna@merriam-webster.com
1840,Leon,"Calle 90, Numero 783, Ciudad GHI",54,lcallenumerociudadghinb@sciencedirect.com
1841,Keslie,"Calle 16, Numero 812, Ciudad GHI",10,kcallenumerociudadghinc@ed.gov
1842,Maude,"Calle 12, Numero 344, Ciudad GHI",22,mcallenumerociudadghind@guardian.co.uk
1843,Bertrand,"Calle 44, Numero 141, Ciudad GHI",86,bcallenumerociudadghine@nps.gov
1844,Friedrick,"Calle 16, Numero 924, Ciudad GHI",53,fcallenumerociudadghinf@unc.edu
1845,Moses,"Calle 17, Numero 669, Ciudad GHI",18,mcallenumerociudadghing@senate.gov
1846,Vanda,"Calle 61, Numero 407, Ciudad DEF",39,vcallenumerociudaddefnh@php.net
1847,Karalynn,"Calle 55, Numero 260, Ciudad GHI",62,kcallenumerociudadghini@yellowpages.com
1848,Vassily,"Calle 73, Numero 571, Ciudad GHI",71,vcallenumerociudadghinj@google.fr
1849,Penny,"Calle 66, Numero 481, Ciudad GHI",58,pcallenumerociudadghink@thetimes.co.uk
1850,Christoph,"Calle 47, Numero 153, Ciudad DEF",9,ccallenumerociudaddefnl@wikia.com
1851,Matilda,"Calle 12, Numero 334, Ciudad ABC",45,mcallenumerociudadabcnm@instagram.com
1852,Archibold,"Calle 28, Numero 381, Ciudad DEF",41,acallenumerociudaddefnn@ocn.ne.jp
1853,Nate,"Calle 1, Numero 772, Ciudad GHI",97,ncallenumerociudadghino@yolasite.com
1854,Merralee,"Calle 95, Numero 572, Ciudad DEF",44,mcallenumerociudaddefnp@japanpost.jp
1855,Hertha,"Calle 55, Numero 854, Ciudad GHI",9,hcallenumerociudadghinq@storify.com
1856,Agace,"Calle 32, Numero 963, Ciudad DEF",39,acallenumerociudaddefnr@cmu.edu
1857,Donnie,"Calle 6, Numero 830, Ciudad ABC",42,dcallenumerociudadabcns@irs.gov
1858,Melinde,"Calle 48, Numero 149, Ciudad DEF",50,mcallenumerociudaddefnt@japanpost.jp
1859,Kirsten,"Calle 7, Numero 732, Ciudad ABC",69,kcallenumerociudadabcnu@npr.org
1860,Hogan,"Calle 52, Numero 612, Ciudad DEF",52,hcallenumerociudaddefnv@icq.com
1861,Nada,"Calle 91, Numero 318, Ciudad DEF",85,ncallenumerociudaddefnw@ft.com
1862,Fredi,"Calle 93, Numero 311, Ciudad ABC",64,fcallenumerociudadabcnx@go.com
1863,Jermain,"Calle 9, Numero 146, Ciudad DEF",99,jcallenumerociudaddefny@thetimes.co.uk
1864,Penn,"Calle 67, Numero 495, Ciudad GHI",80,pcallenumerociudadghinz@mapy.cz
1865,Enrika,"Calle 83, Numero 804, Ciudad GHI",55,ecallenumerociudadghio0@amazon.co.uk
1866,William,"Calle 31, Numero 45, Ciudad GHI",73,wcallenumerociudadghio1@ca.gov
1867,Violante,"Calle 29, Numero 892, Ciudad GHI",79,vcallenumerociudadghio2@squidoo.com
1868,Aundrea,"Calle 52, Numero 391, Ciudad DEF",17,acallenumerociudaddefo3@jiathis.com
1869,Janis,"Calle 83, Numero 740, Ciudad ABC",34,jcallenumerociudadabco4@reddit.com
1870,Natty,"Calle 85, Numero 239, Ciudad ABC",42,ncallenumerociudadabco5@dell.com
1871,Kacie,"Calle 83, Numero 660, Ciudad GHI",3,kcallenumerociudadghio6@indiatimes.com
1872,Bliss,"Calle 89, Numero 126, Ciudad ABC",90,bcallenumerociudadabco7@spiegel.de
1873,Vannie,"Calle 31, Numero 768, Ciudad GHI",46,vcallenumerociudadghio8@vkontakte.ru
1874,Kim,"Calle 22, Numero 791, Ciudad DEF",79,kcallenumerociudaddefo9@irs.gov
1875,Cinda,"Calle 87, Numero 526, Ciudad GHI",40,ccallenumerociudadghioa@nyu.edu
1876,Carline,"Calle 13, Numero 69, Ciudad GHI",93,ccallenumerociudadghiob@psu.edu
1877,Owen,"Calle 17, Numero 36, Ciudad GHI",93,ocallenumerociudadghioc@home.pl
1878,Jill,"Calle 3, Numero 591, Ciudad ABC",31,jcallenumerociudadabcod@hc360.com
1879,Marcos,"Calle 78, Numero 885, Ciudad DEF",89,mcallenumerociudaddefoe@nhs.uk
1880,Clari,"Calle 16, Numero 444, Ciudad ABC",93,ccallenumerociudadabcof@yahoo.co.jp
1881,Keriann,"Calle 89, Numero 84, Ciudad DEF",94,kcallenumerociudaddefog@bloomberg.com
1882,Gregoire,"Calle 95, Numero 97, Ciudad GHI",9,gcallenumerociudadghioh@seattletimes.com
1883,Hinze,"Calle 51, Numero 142, Ciudad GHI",10,hcallenumerociudadghioi@vinaora.com
1884,Ebba,"Calle 7, Numero 32, Ciudad GHI",10,ecallenumerociudadghioj@ftc.gov
1885,Margery,"Calle 81, Numero 72, Ciudad GHI",98,mcallenumerociudadghiok@redcross.org
1886,Joyann,"Calle 15, Numero 148, Ciudad DEF",21,jcallenumerociudaddefol@npr.org
1887,Noble,"Calle 80, Numero 90, Ciudad DEF",69,ncallenumerociudaddefom@who.int
1888,Lacie,"Calle 59, Numero 820, Ciudad ABC",37,lcallenumerociudadabcon@pinterest.com
1889,Hedvige,"Calle 57, Numero 464, Ciudad GHI",75,hcallenumerociudadghioo@imageshack.us
1890,Michell,"Calle 68, Numero 206, Ciudad GHI",53,mcallenumerociudadghiop@ucla.edu
1891,Archibold,"Calle 23, Numero 528, Ciudad GHI",32,acallenumerociudadghioq@hatena.ne.jp
1892,Cassandra,"Calle 62, Numero 854, Ciudad ABC",48,ccallenumerociudadabcor@1688.com
1893,Sherwin,"Calle 99, Numero 524, Ciudad GHI",35,scallenumerociudadghios@ucoz.com
1894,Sholom,"Calle 61, Numero 939, Ciudad ABC",92,scallenumerociudadabcot@mapquest.com
1895,Trescha,"Calle 27, Numero 323, Ciudad ABC",40,tcallenumerociudadabcou@uiuc.edu
1896,Phedra,"Calle 85, Numero 887, Ciudad GHI",67,pcallenumerociudadghiov@dagondesign.com
1897,Arleen,"Calle 31, Numero 88, Ciudad GHI",49,acallenumerociudadghiow@lulu.com
1898,Harriett,"Calle 60, Numero 588, Ciudad ABC",73,hcallenumerociudadabcox@cocolog-nifty.com
1899,Gualterio,"Calle 53, Numero 117, Ciudad GHI",32,gcallenumerociudadghioy@huffingtonpost.com
1900,Barnebas,"Calle 91, Numero 901, Ciudad GHI",18,bcallenumerociudadghioz@sakura.ne.jp
1901,Mozelle,"Calle 20, Numero 267, Ciudad GHI",39,mcallenumerociudadghip0@nymag.com
1902,Penelope,"Calle 12, Numero 71, Ciudad DEF",16,pcallenumerociudaddefp1@discovery.com
1903,Leandra,"Calle 81, Numero 873, Ciudad ABC",3,lcallenumerociudadabcp2@marketwatch.com
1904,Heidi,"Calle 87, Numero 863, Ciudad ABC",49,hcallenumerociudadabcp3@rambler.ru
1905,Kali,"Calle 61, Numero 258, Ciudad GHI",15,kcallenumerociudadghip4@clickbank.net
1906,Filberto,"Calle 72, Numero 6, Ciudad GHI",99,fcallenumerociudadghip5@nymag.com
1907,Susi,"Calle 76, Numero 192, Ciudad ABC",45,scallenumerociudadabcp6@nps.gov
1908,Juliann,"Calle 19, Numero 540, Ciudad ABC",78,jcallenumerociudadabcp7@adobe.com
1909,Adrian,"Calle 55, Numero 414, Ciudad GHI",88,acallenumerociudadghip8@auda.org.au
1910,Amalia,"Calle 66, Numero 104, Ciudad DEF",43,acallenumerociudaddefp9@buzzfeed.com
1911,Carolin,"Calle 88, Numero 802, Ciudad GHI",99,ccallenumerociudadghipa@disqus.com
1912,Terra,"Calle 92, Numero 121, Ciudad ABC",86,tcallenumerociudadabcpb@patch.com
1913,Andres,"Calle 57, Numero 69, Ciudad GHI",99,acallenumerociudadghipc@opensource.org
1914,Queenie,"Calle 3, Numero 435, Ciudad GHI",68,qcallenumerociudadghipd@imdb.com
1915,Alaster,"Calle 98, Numero 366, Ciudad ABC",72,acallenumerociudadabcpe@webeden.co.uk
1916,Arlan,"Calle 41, Numero 30, Ciudad GHI",63,acallenumerociudadghipf@vk.com
1917,Shelli,"Calle 50, Numero 894, Ciudad GHI",16,scallenumerociudadghipg@hc360.com
1918,Gian,"Calle 83, Numero 160, Ciudad GHI",64,gcallenumerociudadghiph@meetup.com
1919,Dalia,"Calle 93, Numero 488, Ciudad DEF",75,dcallenumerociudaddefpi@yolasite.com
1920,Louie,"Calle 67, Numero 323, Ciudad DEF",54,lcallenumerociudaddefpj@paginegialle.it
1921,Siana,"Calle 30, Numero 94, Ciudad DEF",14,scallenumerociudaddefpk@surveymonkey.com
1922,Maxy,"Calle 36, Numero 792, Ciudad ABC",72,mcallenumerociudadabcpl@indiatimes.com
1923,Justin,"Calle 19, Numero 808, Ciudad DEF",6,jcallenumerociudaddefpm@indiegogo.com
1924,Elmer,"Calle 52, Numero 772, Ciudad GHI",27,ecallenumerociudadghipn@spiegel.de
1925,Augusta,"Calle 1, Numero 316, Ciudad DEF",88,acallenumerociudaddefpo@nih.gov
1926,Julee,"Calle 57, Numero 813, Ciudad ABC",81,jcallenumerociudadabcpp@theguardian.com
1927,Abbott,"Calle 38, Numero 985, Ciudad ABC",56,acallenumerociudadabcpq@google.cn
1928,Cordula,"Calle 8, Numero 981, Ciudad ABC",7,ccallenumerociudadabcpr@angelfire.com
1929,Spence,"Calle 23, Numero 274, Ciudad GHI",27,scallenumerociudadghips@wunderground.com
1930,Cord,"Calle 87, Numero 528, Ciudad GHI",89,ccallenumerociudadghipt@wix.com
1931,Rozalin,"Calle 36, Numero 491, Ciudad DEF",29,rcallenumerociudaddefpu@g.co
1932,Charity,"Calle 19, Numero 448, Ciudad ABC",93,ccallenumerociudadabcpv@goodreads.com
1933,Lynea,"Calle 38, Numero 966, Ciudad ABC",66,lcallenumerociudadabcpw@hugedomains.com
1934,Jaimie,"Calle 28, Numero 745, Ciudad ABC",78,jcallenumerociudadabcpx@ifeng.com
1935,Shea,"Calle 39, Numero 372, Ciudad ABC",43,scallenumerociudadabcpy@amazon.co.uk
1936,Jewel,"Calle 11, Numero 442, Ciudad GHI",97,jcallenumerociudadghipz@w3.org
1937,Gillan,"Calle 47, Numero 482, Ciudad DEF",20,gcallenumerociudaddefq0@redcross.org
1938,Orelia,"Calle 86, Numero 819, Ciudad ABC",29,ocallenumerociudadabcq1@arizona.edu
1939,Emilio,"Calle 16, Numero 241, Ciudad DEF",52,ecallenumerociudaddefq2@netlog.com
1940,Barton,"Calle 41, Numero 895, Ciudad DEF",69,bcallenumerociudaddefq3@marketwatch.com
1941,Theodore,"Calle 99, Numero 904, Ciudad ABC",88,tcallenumerociudadabcq4@ihg.com
1942,Griffie,"Calle 34, Numero 134, Ciudad DEF",92,gcallenumerociudaddefq5@telegraph.co.uk
1943,Cari,"Calle 70, Numero 241, Ciudad ABC",22,ccallenumerociudadabcq6@miibeian.gov.cn
1944,Kendrick,"Calle 23, Numero 344, Ciudad GHI",57,kcallenumerociudadghiq7@biblegateway.com
1945,Leanora,"Calle 55, Numero 24, Ciudad GHI",86,lcallenumerociudadghiq8@myspace.com
1946,Maurise,"Calle 95, Numero 896, Ciudad DEF",72,mcallenumerociudaddefq9@noaa.gov
1947,Michail,"Calle 32, Numero 278, Ciudad GHI",8,mcallenumerociudadghiqa@hhs.gov
1948,Viola,"Calle 97, Numero 767, Ciudad GHI",80,vcallenumerociudadghiqb@amazon.de
1949,Willi,"Calle 48, Numero 784, Ciudad GHI",25,wcallenumerociudadghiqc@cyberchimps.com
1950,Hersch,"Calle 71, Numero 67, Ciudad DEF",70,hcallenumerociudaddefqd@symantec.com
1951,Josias,"Calle 38, Numero 10, Ciudad GHI",32,jcallenumerociudadghiqe@answers.com
1952,Conan,"Calle 79, Numero 77, Ciudad DEF",39,ccallenumerociudaddefqf@shareasale.com
1953,Etta,"Calle 7, Numero 401, Ciudad DEF",47,ecallenumerociudaddefqg@paypal.com
1954,Cy,"Calle 71, Numero 845, Ciudad DEF",17,ccallenumerociudaddefqh@google.co.uk
1955,Imogen,"Calle 68, Numero 403, Ciudad GHI",39,icallenumerociudadghiqi@scribd.com
1956,Beatrice,"Calle 52, Numero 149, Ciudad ABC",13,bcallenumerociudadabcqj@merriam-webster.com
1957,Alanah,"Calle 80, Numero 836, Ciudad GHI",38,acallenumerociudadghiqk@trellian.com
1958,Keary,"Calle 29, Numero 346, Ciudad GHI",70,kcallenumerociudadghiql@360.cn
1959,Isac,"Calle 37, Numero 498, Ciudad GHI",95,icallenumerociudadghiqm@ocn.ne.jp
1960,Tanitansy,"Calle 81, Numero 996, Ciudad DEF",62,tcallenumerociudaddefqn@fema.gov
1961,Ray,"Calle 71, Numero 456, Ciudad ABC",1,rcallenumerociudadabcqo@indiegogo.com
1962,Georgina,"Calle 31, Numero 770, Ciudad DEF",16,gcallenumerociudaddefqp@smh.com.au
1963,Marijn,"Calle 27, Numero 167, Ciudad ABC",91,mcallenumerociudadabcqq@ftc.gov
1964,Faunie,"Calle 67, Numero 105, Ciudad ABC",22,fcallenumerociudadabcqr@trellian.com
1965,Michaella,"Calle 79, Numero 323, Ciudad DEF",8,mcallenumerociudaddefqs@cisco.com
1966,Melisse,"Calle 23, Numero 543, Ciudad ABC",24,mcallenumerociudadabcqt@washingtonpost.com
1967,Merrill,"Calle 12, Numero 581, Ciudad GHI",88,mcallenumerociudadghiqu@blinklist.com
1968,Fanechka,"Calle 47, Numero 461, Ciudad ABC",65,fcallenumerociudadabcqv@discovery.com
1969,Andrey,"Calle 41, Numero 596, Ciudad ABC",39,acallenumerociudadabcqw@google.it
1970,Ceil,"Calle 26, Numero 144, Ciudad GHI",54,ccallenumerociudadghiqx@ning.com
1971,Kathlin,"Calle 59, Numero 274, Ciudad GHI",75,kcallenumerociudadghiqy@hibu.com
1972,Juliane,"Calle 35, Numero 786, Ciudad DEF",52,jcallenumerociudaddefqz@nasa.gov
1973,Ruthy,"Calle 41, Numero 136, Ciudad GHI",54,rcallenumerociudadghir0@exblog.jp
1974,Garold,"Calle 93, Numero 102, Ciudad ABC",54,gcallenumerociudadabcr1@gmpg.org
1975,Cass,"Calle 87, Numero 402, Ciudad DEF",62,ccallenumerociudaddefr2@wired.com
1976,Salomi,"Calle 18, Numero 397, Ciudad DEF",54,scallenumerociudaddefr3@seattletimes.com
1977,Daune,"Calle 39, Numero 516, Ciudad DEF",83,dcallenumerociudaddefr4@deviantart.com
1978,Ron,"Calle 80, Numero 633, Ciudad DEF",9,rcallenumerociudaddefr5@seesaa.net
1979,Gaby,"Calle 20, Numero 199, Ciudad DEF",75,gcallenumerociudaddefr6@nsw.gov.au
1980,Renado,"Calle 91, Numero 481, Ciudad DEF",1,rcallenumerociudaddefr7@trellian.com
1981,Sherline,"Calle 21, Numero 426, Ciudad DEF",97,scallenumerociudaddefr8@blog.com
1982,Carce,"Calle 58, Numero 648, Ciudad DEF",30,ccallenumerociudaddefr9@symantec.com
1983,Dane,"Calle 37, Numero 466, Ciudad GHI",28,dcallenumerociudadghira@salon.com
1984,Kahaleel,"Calle 61, Numero 334, Ciudad DEF",31,kcallenumerociudaddefrb@delicious.com
1985,Allsun,"Calle 79, Numero 751, Ciudad DEF",79,acallenumerociudaddefrc@themeforest.net
1986,Aleta,"Calle 26, Numero 249, Ciudad DEF",62,acallenumerociudaddefrd@wp.com
1987,Duncan,"Calle 72, Numero 659, Ciudad GHI",86,dcallenumerociudadghire@geocities.jp
1988,Karalynn,"Calle 28, Numero 353, Ciudad GHI",92,kcallenumerociudadghirf@squarespace.com
1989,Lauren,"Calle 66, Numero 283, Ciudad GHI",85,lcallenumerociudadghirg@purevolume.com
1990,Van,"Calle 98, Numero 457, Ciudad GHI",25,vcallenumerociudadghirh@spiegel.de
1991,Orelie,"Calle 95, Numero 510, Ciudad DEF",92,ocallenumerociudaddefri@patch.com
1992,Lowell,"Calle 95, Numero 907, Ciudad ABC",48,lcallenumerociudadabcrj@fc2.com
1993,Edie,"Calle 83, Numero 784, Ciudad DEF",19,ecallenumerociudaddefrk@cornell.edu
1994,Deni,"Calle 60, Numero 559, Ciudad ABC",73,dcallenumerociudadabcrl@angelfire.com
1995,Kyle,"Calle 29, Numero 619, Ciudad ABC",9,kcallenumerociudadabcrm@ebay.com
1996,Nettie,"Calle 59, Numero 179, Ciudad DEF",33,ncallenumerociudaddefrn@deviantart.com
1997,Eartha,"Calle 95, Numero 913, Ciudad ABC",72,ecallenumerociudadabcro@cbslocal.com
1998,Noemi,"Calle 34, Numero 314, Ciudad ABC",34,ncallenumerociudadabcrp@wired.com
1999,Theresina,"Calle 23, Numero 579, Ciudad DEF",11,tcallenumerociudaddefrq@unblog.fr
2000,Phebe,"Calle 98, Numero 907, Ciudad DEF",45,pcallenumerociudaddefrr@infoseek.co.jp
